{"type":"FeatureCollection","name":"Purulia_Geology_NGDR_2M","crs":{"type":"name","properties":{"name":"urn:ogc:def:crs:OGC:1.3:CRS84"}},"features":[{"type":"Feature","geometry":{"type":"Polygon","coordinates":[[[86.85501248,23.65738094],[86.85426179,23.65591085],[86.85332332,23.65379136],[86.85286365,23.65248291],[86.85238487,23.65086285],[86.85223709,23.65024556],[86.85223628,23.65009289],[86.85215724,23.64978532],[86.85218299,23.64936156],[86.85244606,23.64817762],[86.85281895,23.64687538],[86.85290013,23.64649037],[86.85352424,23.64438636],[86.85374435,23.64377511],[86.85385996,23.64354636],[86.85439396,23.64282568],[86.85496245,23.6422931],[86.85595729,23.64155811],[86.85601476,23.64147579],[86.85602513,23.64134216],[86.85630339,23.64121984],[86.85640482,23.64110031],[86.85667549,23.64104117],[86.85759655,23.64032645],[86.85818271,23.63996425],[86.85852329,23.63988631],[86.85881173,23.63977864],[86.85906253,23.63974583],[86.85985944,23.63949538],[86.86116051,23.63952708],[86.86150518,23.63869521],[86.86172712,23.63849649],[86.86205922,23.63777592],[86.86228768,23.63742942],[86.8626689,23.63662426],[86.86342604,23.63471279],[86.8642289,23.63300442],[86.86440544,23.63260502],[86.86510788,23.63101586],[86.86676465,23.62769605],[86.86717421,23.62697247],[86.86750369,23.62647348],[86.86847064,23.62526026],[86.86963759,23.62389403],[86.86975044,23.62370653],[86.8700415,23.62298213],[86.87059678,23.62137362],[86.87081858,23.6210118],[86.87092559,23.62090842],[86.87309101,23.62058245],[86.87484234,23.62031788],[86.87520157,23.62022188],[86.87511573,23.62005246],[86.87506378,23.61947616],[86.87498729,23.61912951],[86.87499025,23.61893807],[86.87488142,23.61839792],[86.87481081,23.61732413],[86.87482324,23.61663266],[86.87493438,23.61586525],[86.87527559,23.61445074],[86.87555435,23.61261178],[86.87588308,23.61100634],[86.87610846,23.60993458],[86.87639051,23.60905274],[86.87701424,23.60810387],[86.87722768,23.60787598],[86.87797935,23.60685383],[86.87818699,23.60662334],[86.87892516226205,23.605875396429592],[86.87837813501193,23.603609355395726],[86.87561790072762,23.59779911051955],[86.87777614784399,23.59075818990974],[86.87391458982808,23.584528778797107],[86.87497585644148,23.58114884094149],[86.87755767983064,23.578517998256956],[86.87740485674524,23.577408490475904],[86.87545736,23.57758342],[86.85067114,23.58150328],[86.85557958,23.58181171],[86.85691118,23.58185727],[86.85720384,23.58189206],[86.85786653,23.58204262],[86.85851836,23.58228878],[86.85902268,23.58270582],[86.85930578,23.58324589],[86.85942297,23.58359227],[86.85940253,23.58386084],[86.85931378,23.58412765],[86.85913282,23.58443643],[86.85897916,23.58485544],[86.85870593,23.58530721],[86.85861168,23.5855782],[86.85826775,23.58618661],[86.85801512,23.58656778],[86.85719373,23.58762521],[86.85669051,23.58818707],[86.85651113,23.58848686],[86.85605464,23.58888017],[86.85574296,23.58922892],[86.85528559,23.58964939],[86.85473915,23.59006578],[86.85457073,23.59023628],[86.85414535,23.59045542],[86.8538525,23.59054274],[86.8533567,23.59048289],[86.85293974,23.59056074],[86.85276851,23.59062133],[86.85230677,23.59092782],[86.85184369,23.59138219],[86.85129377,23.5918341],[86.85092011,23.59203093],[86.85053811,23.59212493],[86.85033284,23.5921147],[86.84999514,23.59219382],[86.84974953,23.59229829],[86.84869659,23.59287036],[86.84777317,23.59327709],[86.84638097,23.59362387],[86.84618528,23.59363488],[86.84597553,23.59368925],[86.84564451,23.5938271],[86.84538925,23.59398989],[86.84450865,23.59439748],[86.84384532,23.59469099],[86.84292213,23.59471825],[86.84267401,23.59469083],[86.8415947,23.59433952],[86.84084969,23.59420483],[86.84035001,23.59419685],[86.83988967,23.59427852],[86.83959793,23.59429387],[86.83826135,23.59463864],[86.83717749,23.59479359],[86.83559597,23.59484777],[86.83526348,23.59488434],[86.83501182,23.59487451],[86.83426333,23.59498951],[86.8337634,23.59497067],[86.83289892,23.59500525],[86.8327558,23.59487563],[86.83253204,23.59453368],[86.83147077,23.59266401],[86.83121022,23.59246811],[86.82980295,23.59275095],[86.82796329,23.59333644],[86.82782675,23.5934527],[86.82772061,23.59346599],[86.82742305,23.5934008],[86.82721566,23.5935577],[86.82662628,23.59372994],[86.82541714,23.59401398],[86.82475074,23.59406089],[86.82320307,23.59436835],[86.82166546,23.59459615],[86.82033394,23.59470447],[86.81962799,23.5946533],[86.79825504,23.59855181],[86.79817866,23.59856573],[86.79848062,23.59880299],[86.79905673,23.59903351],[86.80009161,23.59930671],[86.80133294,23.59953316],[86.80174364,23.59966517],[86.80232233,23.59979626],[86.80318749,23.60007079],[86.8033912,23.60017589],[86.80459303,23.60063983],[86.80496508,23.60082054],[86.80538054,23.60105293],[86.8058773,23.60139236],[86.80639235,23.60190283],[86.80661772,23.60232404],[86.80673962,23.60283548],[86.80698791,23.6035364],[86.80690868,23.60411548],[86.80681881,23.60446106],[86.80672137,23.60519294],[86.80648548,23.60638992],[86.80612017,23.6078106],[86.80543234,23.61016149],[86.80507937,23.61104136],[86.80496024,23.61119758],[86.80487215,23.61140072],[86.80468432,23.6115795],[86.80450211,23.61191992],[86.80344828,23.61356936],[86.80318939,23.61410703],[86.80305101,23.61468597],[86.80289925,23.61561626],[86.80289448,23.61592665],[86.8028,23.616467],[86.80280012,23.61677935],[86.80266245,23.61751414],[86.80261556,23.61797963],[86.80238718,23.61902311],[86.8021601,23.61972107],[86.80187276,23.62045366],[86.80107523,23.62222732],[86.80098997,23.6225383],[86.80051572,23.62357978],[86.80045767,23.6237088],[86.79973137,23.62532279],[86.79896005,23.62679034],[86.79826661,23.62821876],[86.7973546,23.62984495],[86.79690675,23.63054286],[86.796822,23.6307351],[86.79589936,23.63200716],[86.79480531,23.63332546],[86.794193,23.63398249],[86.79341144,23.63491249],[86.79286881,23.63573229],[86.79242005,23.63653376],[86.79200928,23.63692514],[86.7907235,23.63756056],[86.78833357,23.63905251],[86.78683062,23.63989182],[86.78557968,23.64055466],[86.78349823,23.64157354],[86.78138181,23.64238304],[86.78076129,23.64248397],[86.77964179,23.6428014],[86.77815216,23.64314432],[86.77653599,23.64347477],[86.77575117,23.64359878],[86.77480208,23.64368218],[86.77430728,23.64368304],[86.77364785,23.64376785],[86.77347985,23.64376078],[86.77327626,23.64380909],[86.77302763,23.6438071],[86.77178614,23.6440289],[86.77158544,23.64394834],[86.77104619,23.64394304],[86.7705111,23.64397784],[86.7703869,23.64394583],[86.76977011,23.64394298],[86.76948354,23.64390073],[86.7690294,23.64390707],[86.76791936,23.64384932],[86.76763159,23.64386559],[86.76655888,23.6438029],[86.7655337,23.64370008],[86.76450622,23.64351011],[86.76409527,23.64310393],[86.76438296,23.64283105],[86.76452504,23.6427765],[86.763414,23.64220021],[86.76239305,23.64181434],[86.76190615,23.64158502],[86.76108337,23.64125679],[86.76046648,23.6408978],[86.75931834,23.64001381],[86.75831149,23.639064],[86.75741795,23.6380933],[86.75729473,23.63777881],[86.75696862,23.63772724],[86.7556372,23.63774733],[86.75503484,23.63766253],[86.75084073,23.63198528],[86.75024012,23.63108839],[86.74906649,23.64602987],[86.75860481,23.64873706],[86.75822129,23.64886462],[86.75846627,23.6631306],[86.76390708,23.67118227],[86.76143161,23.67332521],[86.76597098,23.67459321],[86.7717945,23.68097439],[86.77208543783583,23.681733340297168],[86.7726974319907,23.68187989675295],[86.79203658169986,23.687369033396006],[86.79567516492652,23.693478028542803],[86.80137839684463,23.691190498370098],[86.81678006845472,23.6830393064132],[86.8229381001086,23.681621305011333],[86.82855211641021,23.6820404093898],[86.83644030370556,23.68076068920796],[86.84089489477911,23.679128612284995],[86.84472531553438,23.676488881408524],[86.84880978946396,23.670901585845385],[86.8526937137967,23.661198599339585],[86.85501245086745,23.657671423970726],[86.85516798477934,23.657626169927614],[86.85501248,23.65738094]]]},"properties":{"gid":312,"objectid":312,"index_":"LOWER GONDWANA Gp.( TALCHIR,BARAKAR,RANIGANJ, KARHARBARI Fm.)","age_code":74,"age":"LATE CARBONIFEROUS - PERMIAN","supergroup":"GONDWANA","group_":"LOWER GONDWANA","geom_id":749,"shape_leng":303914.050336,"shape_area":1138886831.77,"stratigrap":"749,LOWER GONDWANA Gp.( TALCHIR,BARAKAR,RANIGANJ, KARHARBARI Fm.),LATE CARBONIFEROUS - PERMIAN","stratigrap_new":"LOWER-GONDWANA-Gp-TALCHIR-BARAKAR-RANIGANJ-KARHARBARI-Fm-LATE-CARBONIFEROUS-PERMIAN"}},{"type":"Feature","geometry":{"type":"Polygon","coordinates":[[[86.88016295,23.50592642],[86.8667516,23.50731619],[86.85125172,23.49852519],[86.83777342,23.49653645],[86.82143529,23.49221739],[86.81935114,23.49558117],[86.83327756,23.50638896],[86.85378203,23.50895087],[86.86914462,23.51573393],[86.88133225482557,23.51757966744419],[86.88109367971884,23.514668064104818],[86.88480304820874,23.505969467437218],[86.88016295,23.50592642]]]},"properties":{"gid":487,"objectid":487,"index_":"GABBRO-ANORTHOSITE COMPLEX","age_code":96,"age":"PROTEROZOIC","supergroup":null,"group_":null,"geom_id":967,"shape_leng":94864.9719493,"shape_area":176096920.596,"stratigrap":"967,GABBRO-ANORTHOSITE COMPLEX,PROTEROZOIC","stratigrap_new":"GABBRO-ANORTHOSITE-COMPLEX-PROTEROZOIC"}},{"type":"Feature","geometry":{"type":"MultiPolygon","coordinates":[[[[86.02051065,23.17644607],[86.02198565,23.17682468],[86.02266036,23.17719175],[86.02382622,23.17776481],[86.02456133,23.1783039],[86.02480213,23.17904064],[86.0247971,23.17967381],[86.02460678,23.18031542],[86.0244084,23.18087831],[86.02391969,23.18132444],[86.02367397,23.18175733],[86.02317055,23.18227736],[86.02291854,23.18280463],[86.02284373,23.18306039],[86.02265943,23.18332142],[86.0221684,23.18375492],[86.02173015,23.18434652],[86.02155427,23.1847174],[86.02128931,23.18516559],[86.02109905,23.18563022],[86.02090512,23.1864363],[86.02089713,23.18717636],[86.02113437,23.1880761],[86.02143781,23.1885749],[86.02132635,23.188999],[86.02161705,23.18913605],[86.02186173,23.18935325],[86.02241764,23.18933023],[86.02303591,23.18924786],[86.02328476,23.18906676],[86.0237875,23.18839353],[86.02410222,23.18766469],[86.02442119,23.1866808],[86.02486408,23.18563331],[86.025178,23.18510495],[86.02561917,23.1841697],[86.02620005,23.18349691],[86.02637154,23.1832498],[86.02657695,23.18295377],[86.02668064,23.18280424],[86.02711702,23.18252805],[86.02779295,23.18252597],[86.02810028,23.18262764],[86.02852328,23.18262067],[86.02859668,23.18226155],[86.02798098,23.18217307],[86.02757592,23.18213246],[86.02780231,23.18143332],[86.02805408,23.1807893],[86.02849911,23.18001333],[86.02886811,23.17914895],[86.02887043,23.17867823],[86.02862901,23.17788071],[86.0282023,23.17714896],[86.02765177,23.17648074],[86.02754024,23.17616711],[86.02746966,23.17596862],[86.02740699,23.17567003],[86.02728891,23.17510892],[86.02722942,23.1745903],[86.02739601,23.17351564],[86.02834139,23.17314522],[86.02957335,23.17239137],[86.0301834,23.17192762],[86.03105107,23.17151192],[86.03204052,23.17116561],[86.03307221,23.17083056],[86.03394419,23.17057708],[86.03474449,23.17031275],[86.0357911,23.17003979],[86.03640678,23.16984212],[86.03696151,23.17034552],[86.03677679,23.17046864],[86.03665364,23.17064779],[86.03653051,23.17105957],[86.03677687,23.17116673],[86.03702329,23.17104141],[86.03739282,23.17079524],[86.03751592,23.1715468],[86.03782381,23.17194269],[86.03812918,23.17229283],[86.03856184,23.17307837],[86.03923907,23.17346122],[86.0396069,23.17443519],[86.03991476,23.17454074],[86.04083931,23.17450959],[86.04132835,23.17412784],[86.04194987,23.17400892],[86.04250561,23.17352672],[86.04281452,23.17305245],[86.04318508,23.1724601],[86.04349385,23.17169535],[86.043494,23.17099807],[86.04343203,23.17012802],[86.04293807,23.16927095],[86.04262874,23.16852427],[86.04201117,23.16790342],[86.0414549,23.16728053],[86.0404665,23.16643865],[86.03997229,23.16598853],[86.0398026,23.16559529],[86.03972427,23.16541367],[86.03962455,23.16475561],[86.03965904,23.16401567],[86.03982689,23.16308784],[86.03965412,23.16208887],[86.03965257,23.16148153],[86.03965134,23.16097861],[86.03977191,23.15992233],[86.0398929,23.15904102],[86.04001395,23.15815941],[86.04013523,23.15739463],[86.04050379,23.1569152],[86.04013382,23.15686751],[86.04013236,23.15628172],[86.04044005,23.15609686],[86.04054445,23.15549912],[86.04031549,23.1556317],[86.0401288,23.15493355],[86.04024905,23.15381565],[86.03815729,23.15510894],[86.03643492,23.15616076],[86.03632083,23.15620457],[86.03546101,23.15653515],[86.03409675,23.15706152],[86.03231343,23.15800744],[86.03117793,23.1585179],[86.02856278,23.15962724],[86.02773721,23.15997219],[86.02714901,23.16021876],[86.02663651,23.16044513],[86.02536684,23.16100797],[86.02395345,23.16154875],[86.02278615,23.16202158],[86.02118872,23.16252099],[86.02100433,23.16253138],[86.02020515,23.16251765],[86.0192219,23.16263423],[86.01854618,23.16279324],[86.01731773,23.16310672],[86.01682619,23.16313836],[86.0161515,23.16371638],[86.01628748,23.16425619],[86.01738483,23.16370224],[86.01744289,23.16410468],[86.01726149,23.16523819],[86.01708028,23.16631036],[86.01689989,23.16743897],[86.0169664,23.16872354],[86.01709364,23.16933256],[86.01776789,23.16989606],[86.01803252,23.17009736],[86.01833093,23.17032444],[86.01855755,23.17108276],[86.01868925,23.1715244],[86.01853513,23.17196705],[86.01843943,23.17287524],[86.01800677,23.17336627],[86.01769767,23.17367549],[86.01732747,23.17387301],[86.01687694,23.17401434],[86.01656681,23.17413163],[86.01603376,23.17413257],[86.01512213,23.17423061],[86.01412533,23.174209],[86.01289422,23.17418497],[86.0121303,23.17416197],[86.0114778,23.17417925],[86.01016783,23.17422185],[86.00938067,23.17434858],[86.00850373,23.17502366],[86.00829129,23.17541916],[86.00807334,23.17619109],[86.00817422,23.17681743],[86.00835125,23.17742214],[86.00871171,23.17818242],[86.00907513,23.17865845],[86.00956052,23.17941614],[86.00978494,23.17983379],[86.01041137,23.18054159],[86.01120471,23.18133661],[86.01162935,23.18198699],[86.01254279,23.18311781],[86.01308755,23.18410275],[86.0133847,23.18515855],[86.01354723,23.18574371],[86.01373941,23.18666308],[86.01379105,23.18767549],[86.01372874,23.18828341],[86.01371302,23.18942639],[86.01389109,23.1902073],[86.01413096,23.19098572],[86.01461993,23.19147197],[86.01529528,23.1917817],[86.01541911,23.19172003],[86.01597735,23.1913576],[86.01635126,23.19094623],[86.01672814,23.19025173],[86.01691948,23.18962131],[86.01698931,23.18882621],[86.01693574,23.1880363],[86.01675753,23.18736529],[86.01639412,23.18670323],[86.01609309,23.18598212],[86.01579224,23.18526129],[86.01530802,23.18438056],[86.01476534,23.18322102],[86.01399658,23.18260001],[86.01373257,23.18175129],[86.01324902,23.18087466],[86.01278186,23.18030438],[86.01277202,23.17948931],[86.01278121,23.17875224],[86.01297777,23.17783138],[86.01313222,23.17705262],[86.01373129,23.17669887],[86.01422795,23.17637954],[86.01534197,23.17590373],[86.01639122,23.17566224],[86.01762472,23.17541043],[86.01862349,23.17506139],[86.01910034,23.17566477],[86.01954839,23.17623232],[86.02051065,23.17644607]]],[[[86.7717945,23.68097439],[86.76597098,23.67459321],[86.76143161,23.67332521],[86.76390708,23.67118227],[86.75846627,23.6631306],[86.75822129,23.64886462],[86.75860481,23.64873706],[86.74906649,23.64602987],[86.75084087,23.62343896],[86.75163167,23.62230093],[86.75424634,23.61157831],[86.75449406,23.60579101],[86.75947754,23.60280786],[86.75711858,23.59733732],[86.76068952,23.5946317],[86.75663207,23.59141636],[86.75698919,23.58825314],[86.75365831,23.58473634],[86.74998836,23.57735077],[86.7436805,23.57730784],[86.74060153,23.57931571],[86.74356903,23.58540374],[86.73856917,23.58927044],[86.72756012,23.58849126],[86.73237026,23.58654355],[86.72563604,23.58243017],[86.71464127,23.58358162],[86.70765705,23.5839055],[86.71117429,23.58055507],[86.70586421,23.57864277],[86.70405107,23.57494335],[86.70240859,23.57384874],[86.71431741,23.56910798],[86.74058673,23.56352447],[86.74720164,23.56435604],[86.75796966,23.56245682],[86.77185575,23.56112471],[86.77755319,23.5613108],[86.77973843,23.56360674],[86.77020128,23.56928225],[86.78786758,23.57210886],[86.804554,23.57176747],[86.8133243,23.571379],[86.82816522,23.57039984],[86.84526082,23.56842647],[86.8535596346039,23.568259922505163],[86.85138718865035,23.567129381762523],[86.86657936803375,23.563651325258302],[86.86678449137592,23.558625895254863],[86.86853688283594,23.554621626426258],[86.87217547956428,23.554318443733276],[86.87164489500465,23.54638124211024],[86.87000389555614,23.54008050741408],[86.87297811827887,23.536517662074296],[86.87815959318402,23.53642850081485],[86.8813166461897,23.534118729406735],[86.88218615969816,23.528000839680985],[86.88133225482557,23.51757966744419],[86.86914462,23.51573393],[86.85378203,23.50895087],[86.83327756,23.50638896],[86.81935114,23.49558117],[86.82143529,23.49221739],[86.83777342,23.49653645],[86.85125172,23.49852519],[86.8667516,23.50731619],[86.88016295,23.50592642],[86.88480304820874,23.505969467437218],[86.88858942647491,23.497090280196034],[86.89228603131085,23.493790559326108],[86.891759874682,23.490691501114995],[86.86952234557224,23.494949971843003],[86.8638459400704,23.486763038813525],[86.85894984675272,23.48581325611827],[86.8595428819753,23.4809484092335],[86.85772800444074,23.476787995044578],[86.8595963902869,23.471798296528693],[86.85555194498993,23.463348324441174],[86.85147638413561,23.460779870992795],[86.84565720281,23.463468694727677],[86.8406675303812,23.464191089866453],[86.83358201878409,23.46454777572368],[86.81984795806297,23.463169925897862],[86.81869639355575,23.463431509815415],[86.81917161,23.46364698],[86.82003601,23.46393492],[86.82093176,23.46437602],[86.82162597,23.46473248],[86.82185725,23.46500424],[86.82189845,23.4653609],[86.82193227,23.46606757],[86.82195598,23.46639016],[86.82204203,23.46655999],[86.8223492,23.46679779],[86.82275473,23.46691679],[86.82346214,23.46696815],[86.8250502,23.46696992],[86.82637694,23.46698928],[86.82746048,23.46702585],[86.82829766,23.46714717],[86.82881539,23.46730169],[86.82921873,23.46750688],[86.83026119,23.46810544],[86.83147263,23.46854089],[86.83221274,23.46878247],[86.83347576,23.46909503],[86.83394223,23.46916549],[86.83467542,23.46915249],[86.83554681,23.46898735],[86.8364301,23.46899215],[86.83712283,23.4690639],[86.83762508,23.46920261],[86.83853022,23.46961544],[86.83971089,23.47021683],[86.84123374,23.47075618],[86.84295216,23.47120786],[86.84449458,23.47138669],[86.84626179,23.4716689],[86.84716389,23.47184407],[86.84753874,23.4719483],[86.84759177,23.47205049],[86.84758485,23.47223737],[86.84750594,23.47232182],[86.84683147,23.47262362],[86.84629657,23.47273945],[86.84542565,23.47273432],[86.84353762,23.47262144],[86.84131701,23.4723878],[86.83998122,23.47227823],[86.83933838,23.47230858],[86.83753844,23.47225189],[86.83562244,23.47213915],[86.8340103,23.47201115],[86.83273388,23.47196999],[86.83089131,23.4720109],[86.82822175,23.47227135],[86.82611378,23.47248629],[86.82467358,23.47248379],[86.8236524,23.47234695],[86.82189347,23.47204071],[86.82077215,23.47183334],[86.81907958,23.47176696],[86.8169275,23.47161755],[86.81507528,23.4714689],[86.81379714,23.47138732],[86.81180653,23.47107075],[86.80900554,23.47077583],[86.80462415,23.47011435],[86.80169451,23.46977085],[86.80036367,23.46970866],[86.79867963,23.46994449],[86.79721368,23.47040718],[86.79606645,23.47082669],[86.79502049,23.47097616],[86.79462975,23.47097052],[86.79508294,23.4696506],[86.79508495,23.46895378],[86.79494369,23.46814527],[86.79447275,23.46817345],[86.79452978,23.46914666],[86.79439572,23.47020655],[86.79401442,23.47096168],[86.79391307,23.47096015],[86.79337658,23.47079684],[86.79225026,23.47007726],[86.79092202,23.46929705],[86.79011962,23.46896991],[86.78911034,23.46872671],[86.78690892,23.46851278],[86.78469892,23.46829641],[86.78240295,23.46793646],[86.78060379,23.46759509],[86.77839653,23.46725633],[86.77678283,23.46699172],[86.77529546,23.46677349],[86.77304645,23.466293],[86.77153346,23.46615791],[86.76983994,23.46600383],[86.76897055,23.46577057],[86.76808416,23.46538771],[86.76453662,23.46380072],[86.76165952,23.46258975],[86.75982722,23.4618185],[86.75589164,23.45952815],[86.75387967,23.45833913],[86.7506487,23.45606685],[86.75016907,23.45565725],[86.75000009,23.45554861],[86.74999203,23.45554346],[86.74961222,23.45529918],[86.74914583,23.45514653],[86.74863123,23.45498274],[86.74733854,23.45468696],[86.74632792,23.45433945],[86.74507028,23.45379591],[86.74482441,23.45372756],[86.7441621,23.45340699],[86.74391678,23.45319858],[86.74323898,23.45276951],[86.74287988,23.45246413],[86.74176674,23.45179059],[86.7371315,23.4508637],[86.73601049,23.45058508],[86.72347369,23.44985688],[86.72197306,23.44983038],[86.72172281,23.4497584],[86.72128161,23.44975877],[86.72097299,23.44968458],[86.72034672,23.44968601],[86.72009647,23.44961402],[86.7195928,23.44961344],[86.71852868,23.4494188],[86.71828038,23.44941967],[86.71771397,23.44928969],[86.71740328,23.44928953],[86.71463704,23.44877085],[86.71376195,23.44853154],[86.7135696,23.44852312],[86.71263333,23.44822183],[86.71244189,23.44822716],[86.71213297,23.44815326],[86.71188133,23.44816206],[86.71163084,23.44809021],[86.71081455,23.44808545],[86.71050555,23.44801154],[86.71000397,23.44801654],[86.70969228,23.44793963],[86.709062,23.44794241],[86.70875292,23.44786865],[86.70837628,23.44787584],[86.70812565,23.44780421],[86.70749663,23.44780311],[86.70724713,23.44773166],[86.7070007,23.44779284],[86.7065614,23.44778329],[86.70590907,23.44794616],[86.70268719,23.44784316],[86.70138578,23.4478287],[86.70024464,23.44780533],[86.6999386,23.44787053],[86.69793375,23.44784774],[86.69736595,23.44772046],[86.69705446,23.44772221],[86.69623932,23.44758466],[86.69573663,23.44759215],[86.69517181,23.44745767],[86.69454367,23.447464],[86.69410074,23.44733877],[86.69372632,23.44734023],[86.69347511,23.44726978],[86.6925937,23.44726959],[86.69228382,23.44719745],[86.69152984,23.44720328],[86.69090181,23.44706911],[86.69052383,23.44707873],[86.69027238,23.44700851],[86.68963614,23.44694372],[86.68938172,23.44684322],[86.6891952,23.44682357],[86.68900971,23.44671081],[86.68882202,23.44671804],[86.6885705,23.44664796],[86.68818929,23.44665482],[86.68769155,23.4465804],[86.68699944,23.44658807],[86.68674785,23.44651821],[86.68642999,23.44652445],[86.68611959,23.44645305],[86.68555287,23.44646204],[86.68492059,23.44633692],[86.68454536,23.44633979],[86.68410908,23.44625949],[86.68314716,23.44599249],[86.68239706,23.44585972],[86.68195876,23.4458626],[86.68094992,23.44567378],[86.68025434,23.4456789],[86.67950118,23.44555131],[86.67855371,23.44555573],[86.67760789,23.44537513],[86.67735781,23.44537961],[86.67619955,23.44521421],[86.67546694,23.44524315],[86.67521772,23.44531043],[86.67496154,23.44530104],[86.67471335,23.44536821],[86.67402139,23.44530141],[86.67080465,23.44529297],[86.67049618,23.44536181],[86.67024183,23.44534844],[86.66999231,23.44541624],[86.66967276,23.44540738],[86.66936421,23.4454763],[86.66898372,23.44546303],[86.66873404,23.4455309],[86.66784706,23.44552222],[86.66753836,23.44559136],[86.66709474,23.44557839],[86.66683838,23.44568825],[86.6664601,23.44570586],[86.66533028,23.44603545],[86.66420547,23.44627863],[86.66364095,23.44633945],[86.66112394,23.44685786],[86.66037245,23.44698042],[86.66018069,23.44696749],[86.65854505,23.44726794],[86.65835109,23.4472595],[86.65804159,23.44732902],[86.65778654,23.44731625],[86.65753606,23.44738451],[86.65702605,23.44737651],[86.65671648,23.44744603],[86.65620844,23.4474336],[86.65595789,23.44750193],[86.6553212,23.44749418],[86.65501146,23.4475637],[86.65431351,23.44755168],[86.6540628,23.44762002],[86.6530462,23.44761301],[86.65273623,23.44768254],[86.65235432,23.44767009],[86.65210345,23.4477385],[86.65152951,23.44773081],[86.65121937,23.44780041],[86.65058417,23.44778853],[86.65033306,23.44785687],[86.65001578,23.44785653],[86.64869229,23.44815099],[86.64818339,23.44813894],[86.64793211,23.44820736],[86.6470407,23.44820064],[86.64673016,23.44827032],[86.64634778,23.44825809],[86.64609626,23.44832652],[86.64507784,23.44832019],[86.64476707,23.44838995],[86.64451122,23.44837748],[86.6442597,23.44844598],[86.6438115,23.44843842],[86.64350056,23.44850826],[86.64330809,23.44849562],[86.64305642,23.44856412],[86.64260813,23.44855664],[86.64229712,23.44862648],[86.64191434,23.4486144],[86.6407739,23.44885319],[86.64039458,23.44884888],[86.63982344,23.44897107],[86.63956434,23.44897818],[86.63932727,23.44905927],[86.63868363,23.44908408],[86.63754391,23.44927061],[86.63665059,23.44926471],[86.63633894,23.44933471],[86.63595577,23.44932285],[86.63570346,23.44939158],[86.63500037,23.44938527],[86.63468864,23.44945534],[86.63087432,23.44947075],[86.63062079,23.44940388],[86.63010812,23.44941455],[86.62934901,23.44929378],[86.6289635,23.44930397],[86.62865054,23.44923631],[86.62845792,23.44925014],[86.62763188,23.44907064],[86.62648815,23.44890012],[86.62629553,23.4489141],[86.62604217,23.44884737],[86.62425881,23.44886422],[86.6239461,23.44879668],[86.62356224,23.44880422],[86.62146605,23.44880719],[86.62096048,23.44888181],[86.61930278,23.44888911],[86.61899032,23.44882185],[86.61803536,23.44882537],[86.61778233,23.44889462],[86.61733337,23.44888848],[86.61702093,23.44895921],[86.61308096,23.44898402],[86.61282818,23.44891769],[86.6121255,23.44893065],[86.61181345,23.44886366],[86.60870103,23.4488967],[86.60844857,23.44883057],[86.60692156,23.44884941],[86.60660991,23.44878253],[86.60610045,23.44878437],[86.60584735,23.44885397],[86.60533576,23.44884888],[86.60502341,23.4489201],[86.6030557,23.44892092],[86.60280268,23.44899059],[86.60210121,23.44898701],[86.60178886,23.4490583],[86.60115314,23.44904992],[86.60007667,23.44924503],[86.59975423,23.44923466],[86.59906035,23.44936356],[86.59873945,23.44935741],[86.59798228,23.44948689],[86.59760144,23.44948886],[86.59620645,23.44973082],[86.59569567,23.44972618],[86.59538348,23.4497976],[86.5951284,23.44978657],[86.59487545,23.44985636],[86.59442812,23.44985129],[86.59392453,23.44997907],[86.59354057,23.44997348],[86.59322846,23.45004496],[86.59215081,23.45004056],[86.59183109,23.45011563],[86.59152011,23.45004738],[86.59044253,23.45006922],[86.58975049,23.4499468],[86.58399741,23.44999419],[86.58374478,23.45006418],[86.58197235,23.45008287],[86.58122092,23.44996631],[86.58096406,23.44997744],[86.5806547,23.44991154],[86.58033688,23.44992773],[86.57952057,23.44980795],[86.57831955,23.44983377],[86.57806938,23.44976869],[86.57724511,23.44978651],[86.5769361,23.44972118],[86.57542071,23.44975212],[86.57460543,23.44963405],[86.57391004,23.44965594],[86.57366021,23.44959136],[86.57258497,23.4496141],[86.57120778,23.44944901],[86.57057603,23.44947097],[86.57032646,23.44940674],[86.56937799,23.44942927],[86.56900686,23.44936577],[86.56843866,23.44937262],[86.56818697,23.44944417],[86.56635892,23.44947552],[86.56605173,23.44940604],[86.56579634,23.44947913],[86.56554436,23.44948298],[86.5648506,23.4494887],[86.56454033,23.44956271],[86.56422438,23.44955498],[86.56397294,23.44962697],[86.56365479,23.44962374],[86.56334468,23.44969797],[86.56240076,23.44970134],[86.56214948,23.44977346],[86.56170583,23.44977273],[86.5613959,23.44984717],[86.56032698,23.44985351],[86.56007579,23.44992585],[86.55932088,23.44998713],[86.55869326,23.45012691],[86.55812691,23.45012465],[86.5576843,23.45025346],[86.55743501,23.45025293],[86.55718406,23.45032547],[86.55686642,23.4503231],[86.5565569,23.45039803],[86.55592818,23.45039748],[86.55567724,23.45047016],[86.55535976,23.45046793],[86.55505032,23.45054301],[86.55454718,23.45054017],[86.55429641,23.45061308],[86.55347779,23.45062136],[86.55285337,23.45075783],[86.55122076,23.45078394],[86.55091165,23.45085936],[86.55034639,23.45085858],[86.55009579,23.4509317],[86.5492153,23.45094253],[86.54846272,23.45106349],[86.54784048,23.45102904],[86.54759004,23.45110236],[86.54639689,23.45113237],[86.54609035,23.45107072],[86.54308559,23.45115451],[86.54283758,23.45109298],[86.5422704,23.45111526],[86.54139939,23.450961],[86.54114419,23.45096087],[86.53903056,23.45056217],[86.53877537,23.45056225],[86.53759131,23.45027831],[86.53586449,23.44967137],[86.53580444,23.44965026],[86.53404578,23.44918589],[86.53248869,23.44867796],[86.53069148,23.44801561],[86.52976894,23.44776406],[86.52807017,23.44741808],[86.52782664,23.44733143],[86.52700999,23.44722251],[86.52540622,23.44675784],[86.52451768,23.44653713],[86.52383042,23.44643075],[86.52334934,23.44625516],[86.52227687,23.44600254],[86.52215033,23.44593002],[86.52189989,23.44590764],[86.52140248,23.44572798],[86.52121309,23.44572209],[86.52102853,23.44562714],[86.52083913,23.44562132],[86.52065479,23.44552769],[86.52040444,23.44551895],[86.51878885,23.44518244],[86.51872694,23.44512807],[86.51727739,23.44478337],[86.51710626,23.44478796],[86.51629467,23.44459479],[86.5159233,23.44454437],[86.51573369,23.44456408],[86.51511207,23.44446131],[86.51373582,23.44452535],[86.51323628,23.44442643],[86.51279437,23.444437],[86.51236749,23.44433978],[86.51186669,23.44437206],[86.51149213,23.44426804],[86.51130053,23.44427062],[86.51093305,23.44417934],[86.51061682,23.44418589],[86.50962907,23.44400873],[86.50919594,23.4440324],[86.50839158,23.44394352],[86.5071498,23.44399618],[86.50683983,23.44411293],[86.50634499,23.44404252],[86.50582782,23.44413119],[86.50573021,23.44413309],[86.50567957,23.4440786],[86.50312674,23.44423707],[86.50289463,23.4442039],[86.50270857,23.44426477],[86.50187241,23.44433048],[86.5016943,23.44428264],[86.50000032,23.4444143],[86.49999101,23.44441514],[86.49839388,23.44455361],[86.49619805,23.4444037],[86.49125728,23.44434823],[86.48688193,23.44440594],[86.48456498,23.44459238],[86.47991536,23.44486065],[86.47532604,23.44626376],[86.47265093,23.44684754],[86.46925661,23.44803687],[86.46660881,23.4493886],[86.46375332,23.45064771],[86.46308593,23.45083941],[86.46265842,23.45087073],[86.46213961,23.45083613],[86.46157097,23.45054339],[86.46119109,23.45013404],[86.46074776,23.44964784],[86.46003927,23.44874169],[86.45969937,23.44810912],[86.45953173,23.44722722],[86.46019978,23.44583377],[86.46218633,23.44233168],[86.46360011,23.44126244],[86.46571207,23.4397651],[86.46958733,23.4383466],[86.47120727,23.43796288],[86.47290124,23.43807881],[86.47414867,23.43849354],[86.47616268,23.43899658],[86.47851617,23.4389569],[86.48104135,23.43893371],[86.48467586,23.43860776],[86.48630572,23.43847492],[86.48841671,23.43799345],[86.49028489,23.43723602],[86.4919317,23.43652732],[86.49273851,23.43636961],[86.49314639,23.43633899],[86.49437308,23.43636724],[86.49567314,23.43647956],[86.49656788,23.43664956],[86.49779282,23.43690909],[86.4995925,23.43738671],[86.49999017,23.43746465],[86.50000033,23.43746665],[86.50018233,23.43752365],[86.50060637,23.43765907],[86.50103578,23.43784467],[86.50145114,23.43791917],[86.50228321,23.43796013],[86.5039826,23.43781845],[86.50422607,23.43786767],[86.50466018,23.43782975],[86.5048554,23.43786039],[86.5050241,23.43781097],[86.50552127,23.43777819],[86.50582461,23.43782721],[86.50619772,23.43779313],[86.50644395,23.43784506],[86.50795806,23.43778159],[86.50885284,23.43774645],[86.51036882,23.43768954],[86.51061722,23.43774366],[86.51143102,23.43775106],[86.51186922,23.43784803],[86.51231262,23.43783373],[86.51437483,23.43820487],[86.51573117,23.43865315],[86.51599832,23.43867968],[86.51648921,23.4388843],[86.51674554,23.43887743],[86.51736231,23.43901961],[86.51805013,23.43910409],[86.51868087,23.43908084],[86.51898993,23.43900033],[86.51924241,23.4390028],[86.52093703,23.43864012],[86.52137548,23.43856283],[86.5216279,23.4385656],[86.52237929,23.4384089],[86.52256898,23.43841426],[86.52363513,23.43819114],[86.52388642,23.43818222],[86.5254573,23.43783981],[86.52652832,23.43767823],[86.53054382,23.43672812],[86.53091576,23.43660522],[86.53147744,23.43652514],[86.53210676,23.43633467],[86.53235547,23.43633129],[86.53273129,23.43625147],[86.534297,23.43584787],[86.53505293,23.43583515],[86.5353613,23.43575596],[86.53573832,23.43575656],[86.53598823,23.43568055],[86.53630168,23.43567124],[86.53724171,23.43540974],[86.53767922,23.43533538],[86.53818136,23.43533256],[86.53874362,23.43518672],[86.53907111,23.43519955],[86.53918454,23.43512116],[86.54030964,23.4349083],[86.54063271,23.43490366],[86.54081963,23.43479521],[86.54263033,23.43432388],[86.54307222,23.43431987],[86.54338064,23.43424199],[86.54375772,23.43424441],[86.54438264,23.43409853],[86.5446973,23.43410296],[86.54708217,23.43345637],[86.54726837,23.43345697],[86.54814519,23.43325083],[86.54833368,23.43324699],[86.54889735,23.43311625],[86.54915013,23.43311491],[86.54971213,23.43298055],[86.55034633,23.43290571],[86.5506619,23.43280041],[86.55093589,23.43278054],[86.55105199,23.43272978],[86.55114254,23.4326036],[86.55110038,23.43248067],[86.55015411,23.43211803],[86.54928727,23.43195141],[86.54897014,23.43196803],[86.54866301,23.43190654],[86.54834799,23.43192766],[86.54809945,23.43186593],[86.54778233,23.43188276],[86.54747529,23.43182157],[86.5467224,23.43185445],[86.54634464,23.43179371],[86.54603629,23.43187115],[86.54522133,23.43188027],[86.54459323,23.4320186],[86.5442195,23.43202365],[86.54340722,23.43217532],[86.54296763,23.43217489],[86.54271786,23.43225017],[86.54233859,23.43225261],[86.54203035,23.43233086],[86.54134073,23.43233837],[86.54109097,23.43241394],[86.54033657,23.43242826],[86.54002843,23.43250694],[86.53708831,23.43258803],[86.53683857,23.43266426],[86.53614685,23.43267883],[86.53583865,23.43275831],[86.53527406,23.43277935],[86.5350266,23.43272258],[86.53477591,23.432795],[86.53283617,23.43285106],[86.53258638,23.43292802],[86.53083173,23.43298499],[86.53052159,23.4330697],[86.5302106,23.43301156],[86.52964352,23.43304218],[86.52933683,23.43298537],[86.52883436,23.43301834],[86.52858614,23.43296055],[86.52739344,23.43301751],[86.5270867,23.43296143],[86.52645898,23.43300061],[86.52596212,23.43289396],[86.52552221,23.43291105],[86.52483434,23.43306824],[86.52163963,23.43321288],[86.5213911,23.43315716],[86.51975824,23.4332313],[86.51806617,23.43354806],[86.51717822,23.43377884],[86.51693189,23.43388339],[86.51674523,23.43388728],[86.51548611,23.43418129],[86.5149857,23.43420094],[86.51473495,23.43428012],[86.51429152,23.43430505],[86.5139839,23.43425303],[86.51372246,23.43427122],[86.51353744,23.43418004],[86.51334748,23.43417762],[86.51291157,23.43399324],[86.512162,23.43380174],[86.51197606,23.43379394],[86.51179414,23.43369454],[86.51159829,23.43370627],[86.51141344,23.43361714],[86.51116344,23.4336125],[86.51098009,23.43351919],[86.51085122,23.43351711],[86.5101165,23.43326334],[86.50972657,23.43324255],[86.50954562,23.43315122],[86.50892938,23.43299179],[86.50736011,23.43270396],[86.50704054,23.43275473],[86.50654904,23.43270389],[86.50623286,23.43272082],[86.50572964,23.43283238],[86.50554209,23.43292465],[86.50529333,23.43295381],[86.50479314,23.43318467],[86.50461165,23.4332262],[86.50380803,23.43362713],[86.50355387,23.4337978],[86.50331491,23.43388407],[86.5029638,23.43397231],[86.50242158,23.43396699],[86.50198653,23.43397057],[86.50144586,23.43391968],[86.50097975,23.43381437],[86.50038774,23.43361304],[86.50000032,23.43337358],[86.4999898,23.43337041],[86.49731689,23.43254927],[86.49532767,23.43202144],[86.493662,23.43165624],[86.49220465,23.43112691],[86.49030063,23.43042995],[86.48892495,23.42993777],[86.48733793,23.42972979],[86.48312667,23.42931771],[86.48064484,23.42905037],[86.47549998,23.4288957],[86.47280301,23.42891264],[86.46823294,23.42925521],[86.46708546,23.42942187],[86.46362399,23.43005799],[86.46156383,23.43029935],[86.45651908,23.43063796],[86.45298298,23.43125669],[86.45077728,23.43176061],[86.45028837,23.4318723],[86.4474918,23.43252721],[86.4458592,23.43317603],[86.44485604,23.43382783],[86.44204865,23.4346552],[86.43948459,23.43561559],[86.4324844,23.43864361],[86.42776564,23.44091695],[86.42182714,23.44290668],[86.41144784,23.44791023],[86.40520725,23.45087565],[86.40420382,23.45153189],[86.40340121,23.45226561],[86.40226159,23.4530885],[86.40131979,23.4536019],[86.39892056,23.45434596],[86.39891542,23.4543476],[86.39765076,23.45475018],[86.39563244,23.45517482],[86.39319998,23.45576865],[86.38923598,23.45646397],[86.38762699,23.45685066],[86.38685117,23.45685274],[86.38661213,23.45682273],[86.38631338,23.45675192],[86.3857318,23.45658718],[86.38556676,23.45643591],[86.3853944,23.45632494],[86.38491096,23.45593445],[86.38414915,23.45515027],[86.38338972,23.45344886],[86.38337994,23.45161312],[86.3838476,23.4503906],[86.38478859,23.44921263],[86.38671382,23.44707768],[86.38915569,23.44524788],[86.39174033,23.44308475],[86.39436904,23.44148389],[86.39699568,23.44033058],[86.39819882,23.43980009],[86.40066802,23.4387113],[86.40521548,23.43678204],[86.4071609,23.43623628],[86.40967025,23.43554918],[86.41260392,23.43455413],[86.41591235,23.43346941],[86.41947112,23.4319763],[86.42141884,23.43117211],[86.42218014,23.43105604],[86.42397314,23.43094378],[86.42560376,23.43098397],[86.4280463,23.43131651],[86.43035785,23.43171436],[86.43278465,23.43172706],[86.43432716,23.4318994],[86.43754722,23.43164429],[86.44136996,23.43109916],[86.44406579,23.43038312],[86.44735627,23.42961266],[86.44972623,23.42887288],[86.4506203,23.42859915],[86.45285771,23.42791409],[86.45653611,23.42687412],[86.45980979,23.42619157],[86.46231231,23.42585977],[86.46642775,23.42567366],[86.46932842,23.42571829],[86.47459106,23.42517535],[86.47723102,23.42522959],[86.47737723,23.42520411],[86.47961931,23.42481346],[86.48453995,23.42392727],[86.48818124,23.42317868],[86.49239776,23.42230461],[86.49613102,23.42187273],[86.49998876,23.42188552],[86.50000027,23.42188555],[86.50258321,23.42223703],[86.50437108,23.42263736],[86.5060412,23.42332428],[86.51121484,23.42538584],[86.51339118,23.42593075],[86.51694003,23.42683881],[86.52121647,23.42753363],[86.52677631,23.42833979],[86.53513712,23.42915409],[86.53988182,23.42949101],[86.5449101,23.42993245],[86.54580095,23.42989953],[86.54604948,23.42996097],[86.54699201,23.42992702],[86.54729904,23.42998821],[86.54848973,23.42994423],[86.54905326,23.43005093],[86.54930217,23.43003926],[86.55011254,23.430148],[86.55061529,23.43012255],[86.55086401,23.43018471],[86.55193234,23.43015059],[86.55223965,23.43021265],[86.55543511,23.43014267],[86.5556851,23.43006914],[86.55637827,23.43006313],[86.55668691,23.42998735],[86.55775389,23.42997854],[86.55819362,23.42990443],[86.55957306,23.42971104],[86.56007347,23.42957265],[86.56032609,23.42958096],[86.5610773,23.42943802],[86.56133,23.4294464],[86.56170854,23.4293184],[86.56189511,23.42932037],[86.5629646,23.42906316],[86.56315759,23.4290545],[86.56365774,23.42889095],[86.56410182,23.42881054],[86.56428879,23.42870413],[86.56479241,23.4285929],[86.56661335,23.42791759],[86.56710758,23.42768779],[86.56801015,23.42716605],[86.56918369,23.42637647],[86.56952144,23.42621775],[86.57064527,23.42547825],[86.5712083,23.4251779],[86.57210119,23.4245485],[86.5722781,23.42437622],[86.57296469,23.42398846],[86.57416795,23.42335953],[86.57460875,23.42319616],[86.57617495,23.42235286],[86.57705112,23.42199783],[86.57838524,23.42134759],[86.58063591,23.42007621],[86.58152619,23.41967906],[86.58177812,23.41964525],[86.58202408,23.41954726],[86.58228088,23.41952448],[86.58252676,23.41942649],[86.58272188,23.41942318],[86.58290863,23.4193181],[86.58316066,23.41928443],[86.5837266,23.41908129],[86.5843499,23.41902361],[86.58453033,23.41893741],[86.58485837,23.41894002],[86.585542,23.41864887],[86.58572567,23.41851808],[86.58724613,23.41789561],[86.58799984,23.41765356],[86.58831479,23.41763584],[86.58957265,23.41707352],[86.59014426,23.41672095],[86.59147073,23.41604434],[86.59175052,23.41584496],[86.59290999,23.41520561],[86.59408394,23.41440951],[86.59488531,23.41372577],[86.59541958,23.41302478],[86.59597571,23.41251647],[86.59697162,23.41140171],[86.59845423,23.41021193],[86.59975101,23.40905788],[86.60067478,23.40796208],[86.60219483,23.40649472],[86.60235001,23.40626337],[86.60291963,23.40568412],[86.60326369,23.40515863],[86.60369067,23.40476506],[86.60469674,23.40409811],[86.6050048,23.40382358],[86.60545108,23.40364504],[86.60600112,23.40331592],[86.60625584,23.40323529],[86.6065678,23.40299859],[86.60702645,23.40278383],[86.60731675,23.40250153],[86.60806543,23.40205108],[86.6083278,23.40194944],[86.60876009,23.4015969],[86.61031483,23.4005456],[86.6106552,23.40018737],[86.61085601,23.3996182],[86.61095747,23.39857801],[86.61083386,23.39759135],[86.61068592,23.39713689],[86.61033358,23.39637634],[86.60998978,23.39517296],[86.60965804,23.39430191],[86.60962007,23.39407088],[86.60961449,23.39215915],[86.60974715,23.39140887],[86.60973662,23.39100065],[86.60980158,23.39071141],[86.60986095,23.38958223],[86.60978206,23.38838428],[86.60960643,23.38822355],[86.60921379,23.38766365],[86.60878547,23.38744128],[86.6080287,23.38680332],[86.60671122,23.38607341],[86.60620159,23.38589902],[86.60558184,23.38561235],[86.60433156,23.3852493],[86.60356507,23.38500146],[86.60331505,23.38498411],[86.60193979,23.38464913],[86.60119024,23.38465099],[86.60093464,23.38458878],[86.60049405,23.38460542],[86.60018533,23.38453781],[86.59955283,23.38455301],[86.59811174,23.38432406],[86.59745469,23.384003],[86.59737743,23.38412643],[86.59725124,23.38420937],[86.59622172,23.38401245],[86.59465655,23.3835047],[86.59233852,23.38302253],[86.59214964,23.38302459],[86.59133201,23.3828595],[86.59095712,23.38286712],[86.59020615,23.38274248],[86.58970241,23.38275862],[86.58945246,23.38269176],[86.58825966,23.38265118],[86.58744495,23.38247173],[86.58719336,23.38247418],[86.58543464,23.38208264],[86.58487183,23.38202403],[86.58374409,23.38173688],[86.58317774,23.38173857],[86.58104579,23.38222116],[86.58067108,23.38221805],[86.58042152,23.38228798],[86.58017002,23.38228858],[86.57898023,23.3825292],[86.57835245,23.38258087],[86.57784983,23.38270565],[86.57684861,23.38282283],[86.57634952,23.38295545],[86.57597144,23.3829447],[86.57572189,23.38301485],[86.57421293,23.38301504],[86.57394948,23.38305861],[86.57377919,23.38302192],[86.573023,23.38303575],[86.57233766,23.38291539],[86.57170697,23.38292842],[86.57139875,23.38286088],[86.57077024,23.3828784],[86.56989387,23.38269958],[86.5696391,23.38271008],[86.56907933,23.38258883],[86.56851441,23.38254499],[86.56801166,23.38242664],[86.56782529,23.38243344],[86.56757566,23.38236654],[86.56719923,23.38237017],[86.56538334,23.38203251],[86.56519135,23.38204261],[86.56419105,23.38187112],[86.56387959,23.38187877],[86.56363004,23.38181185],[86.56343814,23.38182195],[86.56231433,23.38165678],[86.56056246,23.38125046],[86.5603789,23.38124218],[86.55804276,23.38052985],[86.55759389,23.38025162],[86.55747534,23.3800421],[86.5576081,23.37986167],[86.55812488,23.37970798],[86.55861761,23.37969771],[86.55886651,23.37962725],[86.55937116,23.37963271],[86.55992963,23.37950349],[86.56024664,23.37951018],[86.56080369,23.37943109],[86.56111684,23.37950599],[86.56199843,23.37949896],[86.56224638,23.37942875],[86.56249774,23.37949708],[86.56280669,23.37942395],[86.5649368,23.37942391],[86.56518595,23.37935373],[86.56575354,23.37934741],[86.56606161,23.37941533],[86.56762896,23.37939249],[86.56787859,23.37945962],[86.57151298,23.37943474],[86.57182352,23.37936899],[86.57276525,23.37936174],[86.57301504,23.37942878],[86.57414707,23.37941339],[86.57445593,23.37947913],[86.57482473,23.37942929],[86.57552099,23.37959114],[86.57601586,23.37954254],[86.57696389,23.37975417],[86.57778369,23.3797393],[86.57798312,23.37978291],[86.57815475,23.37974129],[86.57872315,23.3797467],[86.57897151,23.37967689],[86.57922046,23.379741],[86.58016493,23.37972682],[86.58047339,23.37979462],[86.5810396,23.37977819],[86.58128946,23.37984514],[86.58160718,23.37983458],[86.58191565,23.37990238],[86.58323432,23.37989647],[86.58362548,23.37979122],[86.58461332,23.37975783],[86.58536525,23.37993801],[86.58574069,23.37999669],[86.58611893,23.37998137],[86.58705898,23.3801604],[86.5886937,23.38015402],[86.58900192,23.38008279],[86.58944293,23.38009346],[86.58969257,23.38002374],[86.59001029,23.38001913],[86.59031892,23.38008691],[86.59464862,23.38004946],[86.59489865,23.38011631],[86.59678458,23.38009715],[86.59709506,23.38016883],[86.59740697,23.38010785],[86.59765789,23.38016168],[86.59916531,23.38014008],[86.59941542,23.38020699],[86.60017239,23.38019403],[86.6004811,23.38026171],[86.60117311,23.38024475],[86.60142321,23.38031158],[86.60230576,23.38029786],[86.60267718,23.38036528],[86.60324377,23.38034897],[86.60405775,23.38047335],[86.60462426,23.38045704],[86.60575615,23.38068894],[86.6059492,23.38069306],[86.60745609,23.38103198],[86.60908953,23.38150093],[86.61097377,23.38228757],[86.61168396,23.38248909],[86.61210294,23.38287848],[86.61242173,23.38296709],[86.61322552,23.3833435],[86.61412537,23.38397517],[86.61556884,23.38533977],[86.61638924,23.38605342],[86.61719931,23.38666818],[86.61820148,23.38727563],[86.61845213,23.38747768],[86.62060607,23.3885564],[86.62127909,23.38899242],[86.62167184,23.38931958],[86.62189465,23.38959432],[86.6221174,23.38993919],[86.62240352,23.3905863],[86.62260602,23.39144914],[86.62260271,23.39168232],[86.62280741,23.39277621],[86.62279953,23.3931845],[86.62286983,23.39358797],[86.62287423,23.39480481],[86.62268536,23.39613564],[86.62236427,23.39723288],[86.62220344,23.3975334],[86.62217752,23.39769696],[86.62201669,23.39799748],[86.62199078,23.39816104],[86.62182801,23.39846111],[86.62174369,23.39874169],[86.62097015,23.40014111],[86.62051279,23.40072706],[86.62018022,23.40101999],[86.61962608,23.40182272],[86.61862838,23.40272833],[86.61784973,23.40324746],[86.61754945,23.40318011],[86.61718602,23.40334648],[86.61662141,23.40378362],[86.61642722,23.40378715],[86.61610971,23.40388504],[86.61574036,23.40416269],[86.61478638,23.40468031],[86.61404241,23.40517369],[86.61357828,23.40553271],[86.61310779,23.40603046],[86.61276696,23.40620235],[86.61129696,23.40763871],[86.61109194,23.40773224],[86.61104185,23.40783671],[86.60981955,23.40905948],[86.609426,23.40976141],[86.60939983,23.40992498],[86.6092595,23.41021982],[86.60919094,23.41056775],[86.60930298,23.41086626],[86.61005001,23.41156273],[86.611616,23.41157269],[86.6120571,23.41144882],[86.61230708,23.41145272],[86.61287394,23.41132815],[86.61319341,23.41131974],[86.61463198,23.41096844],[86.6158881,23.4108379],[86.61657786,23.41096274],[86.61727608,23.41096249],[86.61768025,23.41092173],[86.61880503,23.41072089],[86.61940993,23.41033266],[86.61956323,23.4099917],[86.6197653,23.40981743],[86.62071303,23.40847278],[86.62111085,23.40772606],[86.62139338,23.40696114],[86.62160535,23.40610216],[86.62185421,23.40540639],[86.62203574,23.40505475],[86.62270641,23.40411689],[86.62408949,23.40249477],[86.62440192,23.40214548],[86.62710061,23.39959103],[86.62796885,23.39853856],[86.6295318,23.3970246],[86.62973262,23.39668022],[86.6309691,23.39522259],[86.63227975,23.39396561],[86.63291051,23.39361897],[86.63310461,23.39361549],[86.63341823,23.39351182],[86.63365813,23.39362358],[86.63385598,23.39362558],[86.63441312,23.39394882],[86.63482877,23.394276],[86.63535353,23.39491474],[86.63554008,23.39526245],[86.63580597,23.39612539],[86.63587523,23.39664446],[86.63612639,23.39762911],[86.63613713,23.3979741],[86.63633266,23.3986648],[86.63696709,23.39981937],[86.63771058,23.40080567],[86.63821196,23.40126934],[86.63890022,23.40166061],[86.63916441,23.40172111],[86.63929248,23.4017976],[86.639544,23.40181387],[86.63997544,23.40192894],[86.64047972,23.40192831],[86.6414197,23.40165436],[86.64217871,23.40109903],[86.64317937,23.40065317],[86.64349967,23.40079276],[86.643627,23.40090084],[86.64398084,23.40135952],[86.644222,23.40181231],[86.64417363,23.40198635],[86.64361118,23.40298836],[86.6433179,23.40361753],[86.64291857,23.40425778],[86.64251928,23.40518831],[86.64239551,23.40553632],[86.64231566,23.40599242],[86.64232961,23.40628662],[86.64225591,23.40657169],[86.64227208,23.4069819],[86.64203342,23.40785476],[86.64175638,23.40836616],[86.63934667,23.41122265],[86.63869477,23.41231396],[86.63857652,23.4126662],[86.63828951,23.41319536],[86.63790775,23.41440809],[86.63753918,23.41678061],[86.63733135,23.41751835],[86.63702733,23.41794686],[86.63688891,23.41823073],[86.63576706,23.41900097],[86.63428614,23.41937303],[86.63384701,23.4194356],[86.63346746,23.41942419],[86.63126916,23.41979437],[86.63082665,23.4197833],[86.63007415,23.41991561],[86.62982037,23.4199037],[86.6279342,23.42021136],[86.62673756,23.42050367],[86.62591513,23.42062868],[86.62510948,23.42081422],[86.62290443,23.42139444],[86.62239333,23.42145648],[86.62120334,23.42180457],[86.62051322,23.42186894],[86.61963333,23.42210596],[86.61944024,23.4220984],[86.61900411,23.42222514],[86.61806439,23.42235552],[86.61774568,23.42246349],[86.61648716,23.42270199],[86.6162311,23.42269485],[86.61485078,23.42294289],[86.61415731,23.42299452],[86.61334024,23.42318322],[86.61308771,23.42318377],[86.61207367,23.42336592],[86.61069398,23.42371619],[86.61043674,23.423738],[86.61019087,23.42383382],[86.60993378,23.4238419],[86.6093751,23.42401736],[86.60905952,23.42401848],[86.60829915,23.42417981],[86.60780895,23.424391],[86.60741547,23.42445134],[86.60716944,23.42454716],[86.60660429,23.42454554],[86.60622604,23.42467104],[86.60608756,23.42465472],[86.60566858,23.42487005],[86.60520907,23.42499818],[86.60484524,23.425206],[86.60427118,23.42540744],[86.60269427,23.42618544],[86.60244027,23.42620093],[86.60187418,23.42642295],[86.60168458,23.42643759],[86.60149748,23.42654204],[86.60130673,23.42655592],[86.60111963,23.42666037],[86.60092887,23.42667424],[86.59967381,23.42717454],[86.59884145,23.42757598],[86.59735032,23.42849409],[86.59694752,23.42881864],[86.59632993,23.42944771],[86.59614857,23.42968803],[86.59557076,23.43026175],[86.59516958,23.43076517],[86.59436531,23.43156195],[86.59327702,23.43242477],[86.59290748,23.43287527],[86.59139209,23.43433292],[86.59076789,23.43483476],[86.59000374,23.43553811],[86.58906487,23.43627399],[86.58791654,23.43707019],[86.58627562,23.43803284],[86.58512922,23.43856661],[86.58469043,23.4386893],[86.58380405,23.43908458],[86.58304563,23.43920052],[86.58127618,23.43976097],[86.58089838,23.43979849],[86.58039316,23.44000322],[86.5791932,23.44027792],[86.57862801,23.44052388],[86.57685585,23.44099639],[86.57642898,23.44117675],[86.57591832,23.44128659],[86.57483278,23.44167848],[86.5743418,23.44176976],[86.57402163,23.44187962],[86.57320199,23.44193782],[86.57275853,23.44206441],[86.5725084,23.44206238],[86.5720646,23.44219031],[86.57137161,23.44231404],[86.57105861,23.44231307],[86.57080717,23.44238462],[86.5704886,23.44238054],[86.57017841,23.44245412],[86.5692334,23.44245505],[86.56891649,23.44253624],[86.56871472,23.44249058],[86.56854194,23.44253342],[86.5679719,23.44254512],[86.56760087,23.44248183],[86.56728443,23.44249987],[86.56703505,23.44243599],[86.56684216,23.44244769],[86.56565596,23.44228286],[86.56389508,23.4423257],[86.56308249,23.44221167],[86.56270314,23.44222412],[86.56226419,23.44223937],[86.56157743,23.44212356],[86.55862629,23.44219258],[86.55724824,23.44198431],[86.5569923,23.44198313],[86.55662281,23.44188192],[86.55630425,23.44188201],[86.55599746,23.44177967],[86.55574809,23.44179027],[86.55524643,23.44167903],[86.55505365,23.44167788],[86.55474687,23.44157568],[86.55449758,23.44158642],[86.55387467,23.44147169],[86.5536218,23.4414903],[86.55318339,23.44137938],[86.53734672,23.44136916],[86.53752862,23.44158795],[86.53841448,23.44200319],[86.53903007,23.44236336],[86.5396416,23.44260159],[86.54096523,23.44304158],[86.54177547,23.44325244],[86.54196314,23.44326294],[86.54238151,23.44344505],[86.54312912,23.44365497],[86.54457983,23.44398292],[86.54556908,23.44414807],[86.54675483,23.44429389],[86.54713267,23.44427164],[86.54738099,23.4443333],[86.54926349,23.44429132],[86.54989064,23.44410049],[86.55013957,23.44410009],[86.55064383,23.44396814],[86.55120671,23.44389392],[86.55176989,23.4437581],[86.55196514,23.44365768],[86.55265188,23.44351553],[86.55415993,23.44347992],[86.5543517,23.44352928],[86.55491207,23.44346399],[86.55521935,23.44352641],[86.5555415,23.44351844],[86.55734456,23.44399802],[86.55752851,23.44400377],[86.55853504,23.44425857],[86.55928491,23.4443599],[86.55960469,23.44435821],[86.56028468,23.44451646],[86.56134864,23.44467293],[86.56171773,23.44470333],[86.56210366,23.4446455],[86.56266486,23.44476366],[86.56316941,23.44474171],[86.56341854,23.44480516],[86.56417643,23.44479487],[86.56448637,23.44472065],[86.5650538,23.44470943],[86.5653031,23.44477309],[86.56581009,23.44475613],[86.56649537,23.44486873],[86.56687687,23.44485398],[86.56718502,23.44491804],[86.56806732,23.44489111],[86.56831679,23.4449552],[86.56939,23.44494164],[86.56970044,23.44486813],[86.57007967,23.44487565],[86.5703312,23.4448041],[86.57165659,23.44479389],[86.57196757,23.44471991],[86.57247651,23.44472071],[86.5726611,23.44465635],[86.5731024,23.44465138],[86.57613322,23.44392086],[86.57657396,23.44385521],[86.5768278,23.44386529],[86.57821639,23.44355101],[86.57865722,23.44348564],[86.57910019,23.44349388],[86.57935122,23.44342595],[86.5794862,23.44347251],[86.58036918,23.4434736],[86.58055513,23.44357454],[86.58117535,23.44370091],[86.58193381,23.44369502],[86.58237796,23.44357014],[86.58294411,23.44355543],[86.58338566,23.44367198],[86.58376259,23.44366303],[86.58401226,23.44372613],[86.58426505,23.44366011],[86.5854024,23.4436482],[86.58564555,23.44369693],[86.58609625,23.44364195],[86.58634964,23.4437117],[86.58666199,23.4436386],[86.58735791,23.44364555],[86.58760996,23.44357542],[86.58843337,23.44357447],[86.58874548,23.44350514],[86.58912609,23.44351499],[86.58937813,23.44344487],[86.59020017,23.44339055],[86.59045221,23.4433205],[86.59083609,23.44331312],[86.59103638,23.44335586],[86.59120976,23.44331415],[86.59159274,23.44331964],[86.59190387,23.44324798],[86.59241081,23.44325683],[86.59323087,23.4431218],[86.59455906,23.44312413],[86.59531599,23.44298974],[86.59689752,23.44297571],[86.59714868,23.44304168],[86.59746892,23.44303053],[86.59777918,23.44309726],[86.59841328,23.44307931],[86.59923213,23.44320148],[86.59967677,23.44318504],[86.60157069,23.44346956],[86.60176467,23.44345948],[86.60207533,23.44352625],[86.60233042,23.44351138],[86.60258198,23.44357748],[86.60378646,23.4435639],[86.60409905,23.44362706],[86.60448073,23.44361132],[86.60473245,23.44367748],[86.60498981,23.44366703],[86.60530072,23.44373393],[86.60637868,23.44371346],[86.60663049,23.44377969],[86.60701459,23.44376843],[86.60732567,23.4438354],[86.60783417,23.44381891],[86.60808606,23.44388521],[86.60840519,23.44387813],[86.60871802,23.44394142],[86.60903673,23.44392624],[86.6093678,23.44402944],[86.60979955,23.4439806],[86.61011087,23.44404763],[86.61080957,23.44403011],[86.61106171,23.44409646],[86.61170274,23.44415152],[86.61207736,23.44425808],[86.61258276,23.44424951],[86.61308416,23.44432383],[86.61334329,23.44442519],[86.61378946,23.44441676],[86.61410102,23.44448392],[86.61530712,23.44447845],[86.61549375,23.44444398],[86.6158775,23.44446044],[86.61612996,23.44452685],[86.61664123,23.44451533],[86.61834818,23.44480328],[86.61872898,23.44473695],[86.61968413,23.444729],[86.62120202,23.44496017],[86.62209097,23.44500298],[86.62304164,23.4451814],[86.62323612,23.44517179],[86.62443651,23.44535025],[86.62684867,23.44534083],[86.62710097,23.44527174],[86.62779939,23.4452214],[86.62836737,23.4450906],[86.62881333,23.44510182],[86.62969891,23.4449149],[86.6300801,23.4449143],[86.63052232,23.4447963],[86.63097049,23.44480324],[86.63147249,23.44467724],[86.63229719,23.44462666],[86.63286461,23.44449615],[86.63356393,23.44450667],[86.63425842,23.44432089],[86.63451621,23.44432859],[86.63501781,23.44420289],[86.63533531,23.44420275],[86.63691463,23.44390533],[86.63799351,23.44391483],[86.63824509,23.44384612],[86.63900576,23.44384466],[86.63951033,23.44372681],[86.63976436,23.44372697],[86.64102871,23.44344616],[86.64165749,23.44325911],[86.64184307,23.44324914],[86.64651881,23.44199566],[86.64681929,23.44184219],[86.64720472,23.44174472],[86.64751642,23.44173451],[86.64859039,23.44139528],[86.64972442,23.44116191],[86.65079723,23.44104522],[86.65123689,23.44092792],[86.65174899,23.44086765],[86.65281037,23.44057856],[86.65312167,23.4405685],[86.65399685,23.44021117],[86.65438148,23.44011392],[86.65489318,23.44005373],[86.65589053,23.43976496],[86.6565783,23.43963899],[86.65796302,23.4391845],[86.65997564,23.43883643],[86.66173211,23.43837148],[86.6640641,23.43796373],[86.66469155,23.43774929],[86.66494244,23.43771722],[86.66575409,23.43747947],[86.66588092,23.43740258],[86.66619612,23.43737001],[86.66669697,23.43717072],[86.66688631,23.43715741],[86.66707138,23.43705553],[86.6673861,23.43703795],[86.66763742,23.43693941],[86.66895568,23.43669529],[86.66914241,23.43659873],[86.66970173,23.43643594],[86.67039162,23.43613085],[86.67095827,23.43600489],[86.67287992,23.43519264],[86.67294719,23.43505191],[86.67338235,23.43479739],[86.67444643,23.4343633],[86.67531765,23.43415712],[86.67594826,23.4341721],[86.67620016,23.43410067],[86.67651166,23.4341722],[86.6770788,23.43416095],[86.67733016,23.43423002],[86.67764826,23.43422248],[86.67795835,23.43429295],[86.67871376,23.43428279],[86.67896506,23.43435201],[86.6792839,23.43434333],[86.67948431,23.43438882],[86.67984826,23.43434721],[86.6801582,23.43441798],[86.6829848,23.43443455],[86.68323354,23.43436787],[86.68417885,23.43437088],[86.68448858,23.43444224],[86.68630923,23.43444165],[86.68737742,23.43463359],[86.68775761,23.43462788],[86.68806712,23.43469968],[86.68850773,23.43469014],[86.68989092,23.43500159],[86.69026763,23.43500404],[86.69127362,23.43524579],[86.69266274,23.43543458],[86.69328454,23.43561302],[86.69347647,23.43560636],[86.6937857,23.43567897],[86.69410059,23.43566929],[86.69604949,23.43604384],[86.69636096,23.43604217],[86.69699618,23.43619229],[86.69755337,23.43623967],[86.69831631,23.43642154],[86.69856134,23.43654007],[86.69887313,23.43653639],[86.69912365,23.4366079],[86.69950305,23.43660433],[86.7008152,23.43680744],[86.70137988,23.43680245],[86.70163034,23.43687418],[86.70225977,23.43687486],[86.70256866,23.43694879],[86.70294558,23.43694139],[86.70326168,23.43706955],[86.70369819,23.43706867],[86.70394865,23.43714068],[86.70420277,23.43713609],[86.70451159,23.43721024],[86.70482591,23.43720225],[86.7050763,23.43727441],[86.70545536,23.43727209],[86.70576427,23.43734646],[86.70639101,23.43734397],[86.70664141,23.43741635],[86.70839561,23.43745038],[86.70870153,23.4373868],[86.70951614,23.43741517],[86.70976365,23.43735181],[86.71070526,23.43737868],[86.71095219,23.43732213],[86.71159003,23.43730307],[86.71244329,23.43711393],[86.71294542,23.43713753],[86.7131928,23.43707483],[86.71350956,23.43709019],[86.71381536,23.43702771],[86.71489719,23.43700339],[86.71563102,23.43701043],[86.71593977,23.43708655],[86.71619138,23.4370793],[86.71644168,23.43715299],[86.71938242,23.43722692],[86.71968828,23.43716576],[86.72056537,23.43720136],[86.72216082,23.43682478],[86.72243441,23.4369566],[86.72314889,23.43677841],[86.72380055,23.43670208],[86.72405285,23.43672229],[86.72430039,23.43666179],[86.72474319,23.43668458],[86.72494101,23.43664618],[86.72511236,23.43668862],[86.72530141,23.43663211],[86.72555092,23.43670412],[86.72599261,23.43670874],[86.72630167,23.43678659],[86.72661609,23.43678306],[86.72686669,23.43685813],[86.72724597,23.43686113],[86.72755512,23.43693905],[86.72774446,23.43693193],[86.72863257,23.43717084],[86.72987792,23.43765505],[86.73039737,23.43779646],[86.7308978,23.43799867],[86.73108004,23.43802315],[86.73222525,23.43843522],[86.73366332,23.43871857],[86.73472602,23.43875485],[86.73478978,23.43881355],[86.735544,23.43888914],[86.73642127,23.43909137],[86.73667198,23.43909872],[86.73729514,23.43924085],[86.73773634,23.43924715],[86.7379863,23.43932207],[86.73861213,23.43933048],[86.73892018,23.43940849],[86.73929834,23.4394188],[86.73954535,23.43936102],[86.74041927,23.43940466],[86.74072404,23.43934821],[86.74128763,23.43937726],[86.7418368,23.43923414],[86.74265161,23.43884722],[86.74284478,23.43859851],[86.74296748,23.43806437],[86.74295654,23.43772909],[86.74282968,23.43727311],[86.74247895,23.43647016],[86.74162137,23.43491671],[86.74146057,23.43453115],[86.74125146,23.43423335],[86.7405918,23.4329124],[86.73965328,23.43140233],[86.73837558,23.42981383],[86.73789853,23.42906014],[86.73718573,23.42811412],[86.7363224,23.42726301],[86.73545256,23.42677245],[86.73469414,23.42631384],[86.734642,23.42620772],[86.7345673,23.4262211],[86.73432033,23.4259246],[86.73362005,23.42568279],[86.73319092,23.42541527],[86.73298545,23.42522823],[86.7328136,23.42518323],[86.7320953,23.42474813],[86.73097972,23.42368379],[86.73038891,23.4229774],[86.73008359,23.42249197],[86.72992679,23.42213286],[86.7297792,23.42160608],[86.72955999,23.42107162],[86.72945514,23.42059983],[86.72941804,23.42007069],[86.72944919,23.41966351],[86.72961171,23.41891603],[86.72994722,23.41803874],[86.73000266,23.41775921],[86.73022595,23.41734909],[86.73042976,23.4167214],[86.73077549,23.41608082],[86.73123107,23.41504049],[86.73126552,23.41480973],[86.7315421,23.41411484],[86.73158617,23.41382562],[86.73217204,23.41259783],[86.73219656,23.41243116],[86.7326191,23.41137921],[86.73314592,23.41037925],[86.73442155,23.40767605],[86.73459317,23.4071508],[86.73511732,23.40601576],[86.73534979,23.40536955],[86.735954,23.40417758],[86.73615326,23.40387785],[86.73643283,23.40285956],[86.73769408,23.40059123],[86.73864517,23.39776931],[86.73864254,23.39749781],[86.73919205,23.39555752],[86.73929615,23.39494391],[86.73930534,23.39439714],[86.73945029,23.39366395],[86.73976905,23.39274702],[86.73997593,23.39172241],[86.74035856,23.39049621],[86.74104833,23.38872383],[86.74120918,23.38824057],[86.74125408,23.38793945],[86.74153502,23.38725693],[86.74198504,23.38561455],[86.74230191,23.38493152],[86.74262719,23.3840184],[86.74336895,23.38266806],[86.7445342,23.38093782],[86.74577925,23.37948161],[86.7467654,23.37866477],[86.74724631,23.37829197],[86.74766808,23.37792231],[86.74821788,23.37750427],[86.74873745,23.37704303],[86.74938272,23.37639641],[86.74998636,23.37561306],[86.75000013,23.37559529],[86.75109246,23.37432823],[86.75283715,23.37266234],[86.75450082,23.37158],[86.75643562,23.37037149],[86.75749421,23.36978075],[86.7588309,23.36883941],[86.75956583,23.36817906],[86.7607256,23.36726983],[86.76184502,23.36650043],[86.76295925,23.36590488],[86.76389561,23.36537592],[86.76563294,23.36442533],[86.76695063,23.36389199],[86.76853205,23.36312833],[86.77021686,23.36235323],[86.7719367,23.36148045],[86.77347901,23.36079244],[86.77412806,23.36045451],[86.77559524,23.35987457],[86.777188,23.35927707],[86.77921726,23.35860888],[86.78166569,23.3578865],[86.78309671,23.35772358],[86.7844755,23.35757556],[86.78527815,23.35751269],[86.78705213,23.35743671],[86.78811604,23.35742938],[86.78940823,23.35731057],[86.79096418,23.35706448],[86.79239748,23.35688149],[86.79407498,23.35673645],[86.79520112,23.35668385],[86.79607793,23.35661522],[86.79743834,23.35658907],[86.79860551,23.35671396],[86.80031343,23.35690773],[86.80064907668208,23.3569595307352],[86.79749895347022,23.341311582724234],[86.79219709963678,23.34082114349737],[86.78881261958468,23.339452159522377],[86.78389868745022,23.340170113075978],[86.77852550059194,23.33933181321191],[86.77517664893674,23.33604985237651],[86.77413329201718,23.330538459729745],[86.77565829104287,23.32297133720702],[86.77343760608251,23.31782107175113],[86.77337518404886,23.313571537966624],[86.77260379748046,23.307819322047948],[86.77825789536138,23.299837537558382],[86.77836493763148,23.296778551584108],[86.77305417706486,23.295668272277947],[86.76857719019178,23.293550172829956],[86.7672261451059,23.288101199989015],[86.77314781071271,23.276948922250828],[86.77015129154412,23.272222290631777],[86.76915691020793,23.269011760387226],[86.77009776142144,23.261618605710222],[86.77149343647253,23.258889627901976],[86.76934864040582,23.251389350914987],[86.76975886381481,23.247759661315076],[86.76860840428533,23.239728861806118],[86.76619604013341,23.239760062173414],[86.76183953951035,23.24264955702924],[86.7586601432476,23.240691958432198],[86.75833911619523,23.237641942692992],[86.76940217134599,23.228349183467916],[86.77102080259121,23.225861056788336],[86.77046786959123,23.22326134454623],[86.77590351950022,23.215640762499415],[86.77929687020016,23.208211884141214],[86.77923445565847,23.20555876765734],[86.77060614177421,23.19897260737422],[86.75948958759145,23.200029502542908],[86.75318889422678,23.19852224094115],[86.74839083476573,23.195770978778363],[86.74601859851026,23.19098191126466],[86.74579570152409,23.187022290484336],[86.74778884794813,23.179258990851526],[86.74735189262563,23.173631598482626],[86.74236219216938,23.169729852949075],[86.7425673025309,23.16323293715431],[86.73985168825844,23.162287625886265],[86.73641369419045,23.165181583770046],[86.73340832113658,23.165970837164704],[86.73002828389136,23.1655026304506],[86.7192684660781,23.148361868932536],[86.7197610393813,23.13436030414164],[86.71917805,23.13464475],[86.71875097,23.13480048],[86.71815514,23.13519369],[86.71803552,23.13521766],[86.71699526,23.13569451],[86.716888,23.13577673],[86.71685953,23.13588728],[86.71646508,23.13605833],[86.71633116,23.13607058],[86.7158205,23.13636127],[86.71562325,23.13644057],[86.71538718,23.13658595],[86.71530248,23.13660437],[86.71463054,23.13711899],[86.71459227,23.13707983],[86.71399499,23.13738679],[86.71388132,23.13739151],[86.71376146,23.13745693],[86.71368286,23.13745566],[86.7132533,23.13766973],[86.71308729,23.13766057],[86.71258645,23.13785599],[86.71246362,23.13796414],[86.71218774,23.13807734],[86.71202623,23.13806544],[86.7118695,23.13813588],[86.71159711,23.13811909],[86.71144001,23.13815821],[86.7110486,23.13817251],[86.71089396,23.13825254],[86.71076901,23.13822839],[86.71026327,23.13841933],[86.70986508,23.13850489],[86.70904522,23.13846846],[86.70888803,23.13850758],[86.70795313,23.13845872],[86.70771269,23.13853707],[86.70669247,23.13849972],[86.70637962,23.13843911],[86.70616609,23.13845851],[86.70580104,23.13837796],[86.70556016,23.13845544],[86.70500921,23.13843651],[86.7048177,23.13838468],[86.70422931,23.13837234],[86.70407405,23.13832156],[86.70317263,23.13828931],[86.70301675,23.13824091],[86.70282121,23.1382781],[86.70266539,23.13823125],[86.70231175,23.13822786],[86.70207536,23.13817272],[86.70176051,23.13824542],[86.70126494,23.1381595],[86.7011371,23.13818368],[86.70058788,23.13815471],[86.70043038,23.13819413],[86.70007499,23.13817582],[86.69988113,23.13821346],[86.69956707,23.13818259],[86.69901973,23.13822435],[86.69881956,23.13828611],[86.6981504,23.13825705],[86.69787669,23.1383276],[86.69767889,23.13831552],[86.69746869,23.13835323],[86.69709438,23.13836651],[86.6969301,23.13833817],[86.69677425,23.13839751],[86.69661881,23.13838773],[86.69622002,23.13846694],[86.69602351,23.1385529],[86.6957494,23.13858798],[86.69541948,23.13872103],[86.69493737,23.13903585],[86.69483473,23.13905823],[86.69357475,23.13978797],[86.69314022,23.14031293],[86.69308941,23.14044457],[86.69251071,23.141162],[86.6924465,23.14148151],[86.69196723,23.14206702],[86.69193717,23.14217822],[86.69181491,23.14236075],[86.69127289,23.14307847],[86.69054205,23.14383069],[86.69041757,23.14401138],[86.68975171,23.14465254],[86.68899395,23.14510639],[86.68901935,23.14528261],[86.6889825,23.14538033],[86.68886534,23.1455137],[86.6883489,23.14595675],[86.6880396,23.14617827],[86.68724808,23.14705753],[86.68613126,23.1480881],[86.6860928,23.14804989],[86.68603201,23.14804951],[86.68568077,23.14836547],[86.68511231,23.14876503],[86.68424488,23.14960042],[86.68411471,23.14967541],[86.68375672,23.14997355],[86.68346587,23.15016579],[86.68318252,23.15030731],[86.6829356,23.15055025],[86.68241721,23.15075403],[86.68229234,23.15077714],[86.68160863,23.15116176],[86.68124796,23.1512459],[86.68105991,23.15134805],[86.68084293,23.15139381],[86.68001932,23.15186158],[86.67902655,23.15221217],[86.6780299,23.15271281],[86.67799136,23.15267475],[86.67795115,23.1527102],[86.67779064,23.15273931],[86.67739375,23.15291015],[86.67699598,23.15304134],[86.67651715,23.15312281],[86.67636412,23.15320629],[86.67556653,23.15341853],[86.67536932,23.1535039],[86.6750942,23.15349909],[86.6749344,23.15356379],[86.67406402,23.1536917],[86.67351559,23.15382701],[86.67335353,23.15380815],[86.67307699,23.15388098],[86.67264163,23.15390223],[86.67186817,23.1540989],[86.6734521,23.15212777],[86.67454717,23.15082062],[86.67569727,23.14968021],[86.67614525,23.1490691],[86.67843297,23.14481728],[86.68087671,23.1406374],[86.68159055,23.13960832],[86.68355618,23.13647581],[86.68432542,23.13559407],[86.68650504,23.13255373],[86.6897294,23.127833],[86.69067135,23.12633915],[86.69123675,23.12498217],[86.6917088,23.124197],[86.69264705,23.12360934],[86.69440556,23.12242935],[86.69515176,23.12166787],[86.69596514,23.12133524],[86.69766008,23.12104285],[86.70007851,23.12080519],[86.70186954,23.12053243],[86.70371517,23.12039108],[86.70526802,23.120186],[86.7076817,23.11998232],[86.70956121,23.11995243],[86.71178655285458,23.12029829068389],[86.71084524906267,23.118789113141606],[86.7067428309529,23.118338731131747],[86.70609179987575,23.11697871843387],[86.71375257802809,23.1086580455005],[86.71877352407283,23.101559120735676],[86.73143738386013,23.10002074579541],[86.73409063586092,23.099020287167175],[86.73401287,23.09813581],[86.73421002,23.09746221],[86.7349065,23.09584161],[86.73552417,23.0954683],[86.73517257,23.09485865],[86.73510509,23.09472085],[86.7346964,23.09388785],[86.7345807,23.09385888],[86.73437884,23.09373483],[86.73371921,23.0931917],[86.73338217,23.09266883],[86.7333315,23.09251603],[86.73317428,23.09232427],[86.73301283,23.09187037],[86.73295779,23.09145557],[86.73264476,23.09043472],[86.73260438,23.09012654],[86.73265191,23.08990225],[86.73278157,23.08957188],[86.73287263,23.08945654],[86.73303213,23.08909876],[86.73302175,23.08894678],[86.73306211,23.08890792],[86.7331899,23.08858256],[86.73428235,23.08743514],[86.7351162,23.0870311],[86.73628095,23.08667067],[86.73673283,23.08659809],[86.73693104,23.08651506],[86.73711646,23.0862235],[86.73711174,23.08576824],[86.73622482,23.08417674],[86.73530796,23.08287738],[86.73497268,23.08234663],[86.73447946,23.0818596],[86.73334926,23.08111466],[86.73193177,23.08082418],[86.73151026,23.08117204],[86.73051632,23.08233768],[86.72987347,23.08289579],[86.72852418,23.08416101],[86.72756116,23.08556569],[86.7269927,23.08623186],[86.72636042,23.08644888],[86.72538138,23.08650205],[86.72454464,23.08638337],[86.72276383,23.08582735],[86.71875666,23.08392848],[86.71630097,23.08303355],[86.71496086,23.08211128],[86.71330922,23.08115222],[86.71169695,23.08078499],[86.70900916,23.0809529],[86.70733769,23.08115443],[86.70575881,23.08150222],[86.70453115,23.08188653],[86.70337691,23.08241817],[86.70087417,23.08340299],[86.69865703,23.08401535],[86.69508835,23.08511043],[86.69196579,23.08631401],[86.68822676,23.08768805],[86.68675594,23.08818427],[86.68558852,23.08840698],[86.68364363,23.08832154],[86.67997211,23.08866728],[86.67578545,23.08968108],[86.6733004,23.0904086],[86.67063107,23.09135151],[86.66775215,23.09269309],[86.66326438,23.09443959],[86.6587104,23.0957576],[86.6564136,23.09675556],[86.65620313,23.09721093],[86.65466179,23.09936615],[86.65323591,23.10106534],[86.65259413,23.10182509],[86.65182813,23.10261335],[86.65186088,23.10270981],[86.65145658,23.10320726],[86.65125628,23.10331859],[86.6508401,23.10379138],[86.65067897,23.10386561],[86.65035508,23.10415152],[86.6503154,23.1043059],[86.65015929,23.10452613],[86.64706819,23.10781829],[86.64618743,23.10829396],[86.64486506,23.10905334],[86.64357604,23.11003402],[86.63989972,23.11395391],[86.63779371,23.11671539],[86.6372275,23.11723469],[86.63445966,23.11823373],[86.63007541,23.11921207],[86.62183332,23.12138389],[86.61881955,23.12272633],[86.61743515,23.12287698],[86.6178944,23.12266749],[86.61893444,23.12212282],[86.62063819,23.12109805],[86.62300569,23.11959314],[86.62504597,23.11852141],[86.62653503,23.11741804],[86.62944112,23.1156872],[86.63169888,23.11460216],[86.63326396,23.11361056],[86.63569953,23.11179434],[86.63574495,23.11157485],[86.635373,23.11147408],[86.63463986,23.11160352],[86.63379696,23.11141785],[86.62814729,23.11249525],[86.62636169,23.11289338],[86.62441192,23.11352645],[86.62179701,23.11469474],[86.61402873,23.1183121],[86.60546612,23.12290476],[86.60201972,23.12495576],[86.6007127,23.12589956],[86.59875978,23.12739842],[86.59696954,23.1285477],[86.59649482,23.1288029],[86.59608327,23.12911007],[86.59600771,23.12912257],[86.59548449,23.12967651],[86.59538414,23.12967588],[86.59519374,23.12989713],[86.59419047,23.13069938],[86.59362679,23.13128943],[86.59357623,23.13126253],[86.59354291,23.13132796],[86.59301978,23.13170628],[86.59286221,23.13185815],[86.59254057,23.13208791],[86.59220132,23.13227389],[86.59156796,23.1328861],[86.59121268,23.13316817],[86.59104729,23.13327562],[86.59100521,23.1332763],[86.59096827,23.13334495],[86.58944242,23.13442355],[86.58892206,23.1348747],[86.58874524,23.13497606],[86.58847275,23.13520311],[86.58758205,23.13604846],[86.58744235,23.13604708],[86.58725358,23.13626606],[86.58670064,23.13665892],[86.58659264,23.13678726],[86.58613178,23.13713717],[86.58536426,23.13788055],[86.58486503,23.13829016],[86.58424738,23.13885953],[86.58397085,23.1391545],[86.58387947,23.13934118],[86.58350302,23.13974819],[86.58328996,23.13993551],[86.58298773,23.14031665],[86.58282497,23.14046109],[86.58271007,23.14050781],[86.58230451,23.14095701],[86.58226701,23.1411507],[86.58179986,23.1418356],[86.58149629,23.14219622],[86.58096046,23.14301374],[86.58087062,23.14298617],[86.58067814,23.14317386],[86.58027962,23.14337041],[86.57983868,23.14349796],[86.57956546,23.14354292],[86.57869747,23.14339724],[86.57846667,23.1434457],[86.57819051,23.14343707],[86.57787819,23.14335662],[86.57756142,23.14334958],[86.57727862,23.14338292],[86.577185,23.14335829],[86.57705336,23.14326693],[86.57653637,23.14338035],[86.57642018,23.14336537],[86.57618015,23.14343562],[86.57602416,23.14342833],[86.57562574,23.14349881],[86.57550347,23.14356415],[86.57538883,23.1435711],[86.57529977,23.1436236],[86.57518996,23.14363944],[86.574509,23.14403217],[86.57447068,23.14399466],[86.57435836,23.14399798],[86.57382087,23.1443193],[86.57321947,23.14474955],[86.57305974,23.14482123],[86.57258152,23.14524872],[86.5724228,23.14532752],[86.5721005,23.14563155],[86.57161286,23.14601652],[86.57093413,23.14639816],[86.57078208,23.14644545],[86.5704165,23.14664664],[86.57033239,23.14666275],[86.56953239,23.14714583],[86.56885801,23.14736497],[86.56870116,23.14747763],[86.56838243,23.14759683],[86.56780668,23.14790017],[86.567657,23.14801265],[86.56746224,23.14798805],[86.56710667,23.14803038],[86.56686351,23.1481351],[86.56639511,23.14821321],[86.56592231,23.14820806],[86.56526413,23.14806785],[86.56467033,23.14782586],[86.56435662,23.14785062],[86.56365828,23.14761314],[86.56346102,23.14761105],[86.56318865,23.14753248],[86.5629783,23.14755505],[86.56285436,23.14741273],[86.5624177,23.14722668],[86.56209372,23.14722709],[86.56182371,23.14714364],[86.56166913,23.14713591],[86.56147212,23.14706477],[86.56111781,23.14706064],[86.56048219,23.14692758],[86.55983197,23.14670785],[86.55963436,23.14671455],[86.55948315,23.14667845],[86.55931767,23.14670599],[86.55891725,23.14659167],[86.55885523,23.14653087],[86.55804379,23.14630076],[86.5577452,23.14628241],[86.55757562,23.14614723],[86.55725417,23.14566486],[86.55723692,23.14540016],[86.55732942,23.14510642],[86.5574028,23.14447577],[86.55748984,23.14425466],[86.55772861,23.14396055],[86.55819651,23.14348699],[86.55819753,23.14344993],[86.55860398,23.14299277],[86.55869356,23.14301999],[86.55889003,23.14279494],[86.55916134,23.14255507],[86.55944845,23.14233868],[86.55948779,23.14233928],[86.56037214,23.14166791],[86.56038115,23.14155799],[86.56043509,23.14148335],[86.56191731,23.14018033],[86.56195954,23.14006001],[86.56204673,23.13995049],[86.56245905,23.13951827],[86.56265749,23.13926401],[86.56327178,23.13838335],[86.56371059,23.1374274],[86.5638494,23.13698908],[86.56390791,23.13493609],[86.56349557,23.13422475],[86.5631333,23.13382888],[86.56262977,23.13355978],[86.56145424,23.13342575],[86.56048977,23.13348127],[86.55816877,23.13427203],[86.55573421,23.13577958],[86.55553942,23.13593723],[86.55497569,23.13622999],[86.55488154,23.13635849],[86.55411732,23.13687393],[86.55395374,23.13691246],[86.55343518,23.13729692],[86.55306941,23.13751305],[86.55259185,23.13774331],[86.5520308,23.13814388],[86.5519927,23.13810606],[86.55191905,23.13814185],[86.55155431,23.13839836],[86.55067593,23.13878232],[86.55038937,23.13894491],[86.54960396,23.13921251],[86.54904833,23.1395189],[86.54817548,23.13987692],[86.54757666,23.14024207],[86.54749434,23.14022654],[86.54710358,23.14046766],[86.54690165,23.14055113],[86.54673789,23.1406705],[86.54666395,23.14067429],[86.54626379,23.14085585],[86.54566169,23.14137586],[86.54558055,23.14132311],[86.54547023,23.14143491],[86.54458469,23.14201766],[86.54333081,23.14314757],[86.54287507,23.14360422],[86.534827,23.1430665],[86.53503534,23.1426967],[86.53520363,23.14250873],[86.53553394,23.14201743],[86.53587894,23.14167741],[86.53599635,23.14145487],[86.53614294,23.14131118],[86.53633275,23.14119843],[86.53666053,23.14079691],[86.5374808,23.13997456],[86.53781927,23.13947427],[86.53800881,23.13939184],[86.53836336,23.13906143],[86.53855908,23.13883849],[86.53919706,23.13823824],[86.53936824,23.13811117],[86.53994574,23.1374834],[86.54045672,23.13704724],[86.54113546,23.13656954],[86.54233615,23.13574601],[86.54297717,23.13540011],[86.54317637,23.13522912],[86.5432519,23.13519245],[86.54329556,23.13521275],[86.54461111,23.13440949],[86.54496641,23.13424686],[86.54545296,23.13393458],[86.5456021,23.13393647],[86.54620666,23.13362357],[86.54639556,23.13356468],[86.54671814,23.1334035],[86.54718973,23.13329333],[86.54723,23.13325665],[86.5484583,23.13279279],[86.54881291,23.13258857],[86.54936814,23.13238701],[86.55015582,23.1318971],[86.55072744,23.13168145],[86.5512021,23.13144894],[86.55135776,23.13134018],[86.55291128,23.13066264],[86.55310519,23.13055142],[86.55326868,23.13050124],[86.55363037,23.13030267],[86.55441648,23.13009389],[86.55568906,23.12958003],[86.55699964,23.12904986],[86.55724134,23.12898754],[86.55755653,23.12883346],[86.55767673,23.12884529],[86.55779845,23.12877836],[86.55790892,23.12876708],[86.55806923,23.12868625],[86.55819254,23.12866935],[86.55865356,23.12850089],[86.5589791,23.12846047],[86.55969243,23.12829163],[86.56012494,23.12830178],[86.56028296,23.12826028],[86.56044699,23.12828117],[86.56095434,23.12824199],[86.5611467,23.12829043],[86.56130484,23.12828446],[86.56146025,23.12832639],[86.56188948,23.12835753],[86.56231666,23.12853389],[86.56243595,23.12853543],[86.56293885,23.12870291],[86.56305695,23.1287722],[86.56340846,23.1287869],[86.5638383,23.12900823],[86.56430784,23.12909407],[86.56555938,23.1293431],[86.56575565,23.12934707],[86.56590941,23.129426],[86.56602813,23.12942726],[86.56614756,23.12946699],[86.56646439,23.12939322],[86.56760363,23.12942612],[86.56791965,23.12935814],[86.5680775,23.12936236],[86.56851105,23.12929574],[86.56970206,23.12891492],[86.5700535,23.12867582],[86.57034116,23.12856244],[86.57078755,23.12829562],[86.57104331,23.12802228],[86.57114452,23.12798588],[86.57955616,23.12092258],[86.57984919,23.12063744],[86.57997254,23.12045841],[86.58029736,23.12009749],[86.58044669,23.12004669],[86.5813249,23.11919697],[86.58153871,23.1190592],[86.58305976,23.11771306],[86.58642433,23.11565858],[86.58819422,23.11430261],[86.58949354,23.11286186],[86.59064487,23.11104962],[86.59156763,23.1089375],[86.59184055,23.10754561],[86.59047984,23.1053023],[86.58840383,23.1032608],[86.58717907,23.10182968],[86.58656945,23.10100357],[86.58620917,23.09966847],[86.58665513,23.09761858],[86.58636207,23.09672724],[86.58561082,23.09523445],[86.58531391,23.09449016],[86.58525334,23.09375231],[86.58558674,23.09302519],[86.58694467,23.09232602],[86.5886915,23.09185798],[86.58963747,23.09188332],[86.58847209,23.09088924],[86.58756312,23.09042926],[86.58728548,23.09035525],[86.5869321,23.09012927],[86.58662548,23.09003143],[86.58635809,23.08989304],[86.58537144,23.0897014],[86.58525411,23.08970401],[86.58499078,23.08959623],[86.58482836,23.08949579],[86.58464363,23.08931478],[86.5844462,23.08896775],[86.58441037,23.08881516],[86.58442336,23.08870525],[86.58448083,23.08855695],[86.58464359,23.08831353],[86.58483449,23.08810887],[86.58524219,23.08780668],[86.58537629,23.08763561],[86.58589722,23.08714759],[86.58609307,23.08706423],[86.58622687,23.08708588],[86.58638518,23.08700658],[86.58666124,23.08702334],[86.58685766,23.08698834],[86.58746796,23.08621407],[86.58773355,23.08597062],[86.5879898,23.08563869],[86.58811774,23.08534798],[86.58818894,23.0849465],[86.58810364,23.08457352],[86.58793825,23.08431099],[86.58782515,23.08401932],[86.58764728,23.08376313],[86.5872592,23.0830479],[86.58715446,23.08299054],[86.58696009,23.08280191],[86.58675108,23.08252138],[86.58665972,23.08225999],[86.58660684,23.08192281],[86.58648864,23.08085407],[86.58646449,23.08004434],[86.58634879,23.07974752],[86.5862634,23.07927003],[86.58592197,23.0787432],[86.58544452,23.07830019],[86.58548064,23.07825222],[86.58489532,23.07794167],[86.5845204,23.07765669],[86.58435991,23.07758899],[86.58408072,23.0773364],[86.58372685,23.07714958],[86.58355871,23.07717612],[86.58285132,23.0769401],[86.58256049,23.07675281],[86.5824388,23.07673825],[86.58231897,23.0766725],[86.58220299,23.07666311],[86.58208232,23.07659614],[86.58161422,23.07649804],[86.58134167,23.07636336],[86.58081493,23.07630451],[86.58050325,23.07610837],[86.58019708,23.07609539],[86.58008349,23.07614559],[86.57995372,23.0763289],[86.58004028,23.07654998],[86.58065184,23.07707891],[86.58090325,23.07734415],[86.58129618,23.07813344],[86.58155534,23.07873223],[86.58166638,23.07924798],[86.58166768,23.0794681],[86.58176415,23.08020749],[86.58175953,23.0806465],[86.58170445,23.08108362],[86.58171617,23.08134349],[86.58151679,23.08229457],[86.58148471,23.08255371],[86.58150058,23.0826539],[86.58128198,23.08309652],[86.58085801,23.08364297],[86.58082384,23.08374943],[86.58040514,23.08412487],[86.58024377,23.08414003],[86.58006072,23.08408397],[86.5794745,23.08401609],[86.57913163,23.08379686],[86.57878041,23.08344141],[86.5783483,23.08190384],[86.5783399,23.0817241],[86.57804896,23.08098348],[86.57800359,23.08068667],[86.57739507,23.07915652],[86.57726794,23.07897383],[86.57700649,23.07841398],[86.57697058,23.07826272],[86.57675275,23.07785909],[86.57645265,23.07753427],[86.57630963,23.0773261],[86.57625958,23.07717984],[86.57611095,23.07698824],[86.57603725,23.07683685],[86.57550469,23.07621911],[86.5753404,23.07607269],[86.57481418,23.07575063],[86.57465375,23.0756824],[86.57399297,23.07518868],[86.57367136,23.07501618],[86.57354966,23.07501496],[86.57339566,23.07492659],[86.57328039,23.07492278],[86.57300434,23.07476688],[86.57288986,23.07477632],[86.572771,23.0748649],[86.57268518,23.0748793],[86.57175916,23.07478616],[86.5717102,23.07471244],[86.57087643,23.07469886],[86.57059977,23.07476912],[86.56981304,23.0747403],[86.56953293,23.07487191],[86.56925777,23.07487065],[86.56914783,23.07481251],[86.56900699,23.07462572],[86.56899887,23.07453344],[86.56907736,23.07440129],[86.56936104,23.07417485],[86.56946713,23.0741416],[86.5695111,23.07418526],[86.56970431,23.07418263],[86.56997802,23.07407957],[86.57037972,23.07410291],[86.57057417,23.07402227],[86.57081059,23.07403139],[86.57119602,23.07386936],[86.57141545,23.07371814],[86.57175536,23.07360226],[86.57212378,23.07342217],[86.57228099,23.07342442],[86.57307369,23.07318152],[86.5731821,23.0730464],[86.57314325,23.07266379],[86.57269426,23.07241039],[86.57182609,23.07237973],[86.57166802,23.07241866],[86.57107732,23.07235481],[86.57091784,23.07241916],[86.57080135,23.07242055],[86.57068198,23.07248909],[86.57052777,23.07249403],[86.57040639,23.07255637],[86.57028693,23.07254953],[86.57016719,23.07261875],[86.57000949,23.07261437],[86.56985124,23.07269114],[86.5696916,23.07270741],[86.56901966,23.07301012],[86.56859257,23.07326368],[86.56842945,23.07332115],[86.56829965,23.07341911],[86.56785479,23.0736362],[86.56774542,23.07362856],[86.56718089,23.07412912],[86.56595238,23.07471658],[86.56545738,23.07486441],[86.56518246,23.07506029],[86.56428203,23.07546355],[86.56285652,23.07160722],[86.56424341,23.07108906],[86.56436247,23.07102252],[86.56512017,23.0708045],[86.56593735,23.07050737],[86.56609599,23.07047853],[86.56618439,23.07042628],[86.56642237,23.07043675],[86.56681667,23.07036802],[86.56705156,23.07038074],[86.56729055,23.07031129],[86.56745077,23.07032658],[86.56767543,23.07022105],[86.56842918,23.07005796],[86.56879109,23.07007563],[86.5691483,23.06994248],[86.56942007,23.06994128],[86.56993677,23.06975558],[86.57009792,23.06978388],[86.57056856,23.06972623],[86.57073049,23.06966895],[86.57116083,23.0696333],[86.57147736,23.06951714],[86.57163597,23.06950327],[86.57175755,23.06943997],[86.57187662,23.06944512],[86.57211631,23.06937742],[86.57219407,23.06938226],[86.57223295,23.06942027],[86.57358142,23.06898704],[86.57453541,23.06858147],[86.5746536,23.06858097],[86.57517092,23.06832207],[86.57532644,23.06829908],[86.57576119,23.068083],[86.57592456,23.06805295],[86.57608485,23.06796976],[86.5761993,23.06796165],[86.57664056,23.06776422],[86.57681279,23.06774617],[86.57737783,23.06751397],[86.57746143,23.06741513],[86.57759505,23.06734247],[86.57772114,23.06733063],[86.57786916,23.0673613],[86.57838641,23.06723014],[86.5785065,23.06723702],[86.579016,23.06716713],[86.57921893,23.06707055],[86.57925788,23.06710834],[86.58096413,23.0666831],[86.58120297,23.06669138],[86.58175502,23.06663472],[86.58219198,23.06652829],[86.58242962,23.06654436],[86.5826246,23.06650596],[86.58306185,23.06652409],[86.58322026,23.06648418],[86.58333784,23.06649396],[86.58362351,23.06636265],[86.58404343,23.06626073],[86.58424213,23.06630274],[86.58440768,23.0662195],[86.58468821,23.06615873],[86.58484188,23.06616029],[86.58631787,23.06554985],[86.58643277,23.06554504],[86.58663889,23.06545615],[86.58683531,23.06541039],[86.58722709,23.06534693],[86.58755017,23.0652185],[86.58766617,23.06521136],[86.58779014,23.06514456],[86.58798926,23.06512717],[86.58855658,23.06484691],[86.58874435,23.06484829],[86.58925881,23.06467552],[86.58941516,23.0646727],[86.5895369,23.06460975],[86.58993619,23.06454299],[86.59064867,23.0645169],[86.59116416,23.06439424],[86.59139828,23.0644504],[86.59159266,23.06457073],[86.59186854,23.06483995],[86.59204361,23.06508672],[86.59216587,23.06616689],[86.5921588,23.06646179],[86.59227048,23.06697707],[86.59229152,23.06770938],[86.59248098,23.06815891],[86.59260581,23.06834543],[86.59294841,23.06872218],[86.59300566,23.06884177],[86.59334216,23.06917522],[86.5934649,23.06923245],[86.59361603,23.06941111],[86.59380626,23.06947353],[86.59392253,23.06956875],[86.59403594,23.06957424],[86.59430851,23.06966155],[86.59518154,23.06967752],[86.59542638,23.0697535],[86.59604396,23.06971253],[86.59616443,23.0697823],[86.59644383,23.06982275],[86.59666815,23.06989406],[86.59694945,23.07007259],[86.59709916,23.07023432],[86.5972583,23.07034845],[86.59773207,23.07059315],[86.59777236,23.07055749],[86.59801422,23.07127996],[86.59810599,23.0713936],[86.59819144,23.07164893],[86.59832703,23.07187356],[86.59851807,23.07205721],[86.59862668,23.07221753],[86.59902679,23.07252731],[86.59922198,23.07260726],[86.59934837,23.07271008],[86.59942515,23.07273928],[86.59950526,23.07273149],[86.59986313,23.07293591],[86.60101663,23.07324973],[86.60212415,23.07324168],[86.60318807,23.07341595],[86.6040888,23.07380637],[86.60493878,23.07467291],[86.60539234,23.07556616],[86.6029935,23.08164198],[86.60431584,23.08327468],[86.60540033,23.08412924],[86.60636224,23.08435579],[86.60796325,23.08430415],[86.6102712,23.08441701],[86.61228742,23.0843568],[86.61421044,23.08409175],[86.61762593,23.08268683],[86.61926973,23.08180796],[86.62023747,23.08109628],[86.62173577,23.07977262],[86.62233558,23.07879477],[86.62249631,23.07797184],[86.62245655,23.07504991],[86.62268547,23.07463292],[86.62330803,23.07429872],[86.62449723,23.07423516],[86.62638649,23.07391249],[86.62658406,23.0739173],[86.62674289,23.07384599],[86.62686286,23.07385166],[86.62784326,23.07332344],[86.62810959,23.0729459],[86.62824735,23.07281073],[86.62844635,23.07269719],[86.62852591,23.07268963],[86.62866976,23.07275404],[86.62904537,23.07319722],[86.62917742,23.07329199],[86.62963073,23.07373482],[86.62964708,23.07387046],[86.62999202,23.07423766],[86.63020642,23.07471816],[86.6305048,23.07496858],[86.63057176,23.07523973],[86.63063879,23.07530836],[86.63082408,23.07543124],[86.63088417,23.07544451],[86.63104021,23.07539962],[86.6314487,23.07500946],[86.63155816,23.07484765],[86.63166057,23.07495417],[86.63200532,23.07398844],[86.63204591,23.07395262],[86.63216119,23.07358298],[86.63241998,23.07296771],[86.63245126,23.07278538],[86.63278819,23.07195143],[86.6329907,23.07166644],[86.63314192,23.07107522],[86.63344057,23.07034796],[86.63361633,23.07006186],[86.63363658,23.0697642],[86.6338453,23.06929203],[86.63400064,23.06874417],[86.6342265,23.06843636],[86.63426371,23.06823944],[86.6348312,23.06703712],[86.63514834,23.0667183],[86.63531071,23.06642847],[86.63569525,23.06595634],[86.63573757,23.06580932],[86.6365556,23.06501996],[86.63655678,23.06498327],[86.63693436,23.06447835],[86.63696586,23.06437006],[86.63724564,23.0640348],[86.63742851,23.06388474],[86.6377632,23.06328621],[86.63778576,23.06318525],[86.63812177,23.06271744],[86.63815169,23.06260013],[86.63825601,23.06248526],[86.63838306,23.06226793],[86.63876585,23.06143043],[86.63901095,23.06113129],[86.63907202,23.06092961],[86.63934771,23.06056551],[86.63958842,23.06037311],[86.63971438,23.06031476],[86.63982096,23.06032075],[86.63993065,23.06040326],[86.640062,23.06059024],[86.64015419,23.06056659],[86.64065717,23.06096277],[86.64084086,23.06126145],[86.64094483,23.06158828],[86.64102473,23.06170549],[86.64107074,23.06184891],[86.64139552,23.06220899],[86.641586,23.06260117],[86.6415982,23.06270627],[86.64188233,23.06326811],[86.64224244,23.0644477],[86.6421562,23.06500039],[86.64210173,23.06511377],[86.64200747,23.06521],[86.64185369,23.06530438],[86.64175387,23.06531511],[86.64154658,23.06522223],[86.64109994,23.06493703],[86.64087334,23.06467595],[86.64066953,23.06430232],[86.64062932,23.06408405],[86.64044415,23.06372922],[86.6403683,23.0634553],[86.64025477,23.06323346],[86.64009858,23.06300932],[86.63996412,23.06289871],[86.63985192,23.06288399],[86.63968348,23.0629519],[86.63945203,23.06322871],[86.63939075,23.06322899],[86.63934985,23.06326482],[86.63906396,23.06412121],[86.63902314,23.06415704],[86.63900986,23.06426269],[86.63869851,23.06506851],[86.63849372,23.06538427],[86.63848542,23.06564151],[86.63837436,23.06586778],[86.63823986,23.06649026],[86.63823203,23.06671099],[86.6380468,23.06704662],[86.6379166,23.06761976],[86.63772577,23.06820466],[86.63771442,23.06849749],[86.63757268,23.06885753],[86.63755811,23.06904465],[86.63729906,23.0699219],[86.63728486,23.07025135],[86.63715898,23.07063973],[86.63701645,23.07138508],[86.63680343,23.07288471],[86.63671586,23.07325144],[86.63659285,23.07357909],[86.63653104,23.07394424],[86.63625284,23.07429685],[86.63617304,23.07463203],[86.63585154,23.07540377],[86.63578279,23.07572698],[86.63558085,23.07623926],[86.63543482,23.07696947],[86.6353216,23.0773026],[86.63532696,23.07744984],[86.63507847,23.07791438],[86.63503713,23.07820688],[86.63483749,23.07872269],[86.63474386,23.0791603],[86.63448586,23.07957686],[86.63424983,23.08039865],[86.63406291,23.08087189],[86.63405594,23.08105615],[86.63380792,23.08149788],[86.63376428,23.08174865],[86.63353252,23.08254897],[86.63351134,23.08277076],[86.63331098,23.08350409],[86.63311103,23.0839843],[86.63304078,23.08423167],[86.63295803,23.08467028],[86.63282803,23.08502931],[86.63271806,23.08558322],[86.63261647,23.0858399],[86.63263209,23.08593721],[86.63255812,23.08605166],[86.63252684,23.08616725],[86.63251294,23.08638598],[86.63231573,23.08677714],[86.63221719,23.08718888],[86.63213773,23.0873705],[86.6320682,23.08770023],[86.63205843,23.08799477],[86.63183418,23.08840667],[86.6318434,23.08853938],[86.63166182,23.08897298],[86.63159108,23.08923342],[86.63148098,23.09003809],[86.63148584,23.09026132],[86.63143348,23.09044093],[86.63141662,23.09096245],[86.63138462,23.09102473],[86.63125663,23.09196405],[86.63129555,23.09198331],[86.63139845,23.09246735],[86.63146941,23.09254189],[86.63159119,23.09256954],[86.63170988,23.09263794],[86.63182963,23.09263793],[86.63217797,23.09282002],[86.63237684,23.09275619],[86.63261501,23.09277245],[86.63274689,23.09285852],[86.63288702,23.09285424],[86.63316235,23.09293178],[86.63391473,23.09294785],[86.63410625,23.09289903],[86.63489572,23.09311592],[86.6352913,23.09312727],[86.63597045,23.09292727],[86.63612622,23.09281453],[86.63690977,23.09239094],[86.63908944,23.09071333],[86.64243226,23.08843667],[86.64358937,23.08802179],[86.64509953,23.08768827],[86.64747322,23.08752119],[86.64929791,23.087231],[86.65144467,23.08672692],[86.65268535,23.08616561],[86.65434645,23.08476701],[86.6568375,23.08209766],[86.65927991,23.07857985],[86.66056287,23.07680342],[86.66167066,23.07557519],[86.66756908,23.07072603],[86.66960966,23.06896218],[86.67281083,23.06585692],[86.6762517,23.06282618],[86.67888812,23.06025779],[86.68106303,23.05837905],[86.68136554,23.05779571],[86.68247532,23.05681931],[86.6841425,23.05573962],[86.68545414,23.05509516],[86.68553755,23.05502836],[86.68565625,23.0549875],[86.68573339,23.05502513],[86.68622687,23.05459065],[86.68666693,23.0542783],[86.687321,23.05394407],[86.68768489,23.0537156],[86.6884444,23.05338161],[86.68953657,23.05298414],[86.68977152,23.05293908],[86.69017814,23.0527508],[86.69025706,23.05272678],[86.69037656,23.05273914],[86.69086786,23.05252906],[86.69098215,23.05244809],[86.69118055,23.05241533],[86.69173326,23.05224618],[86.69233634,23.05201688],[86.69246132,23.05199289],[86.69266008,23.05189095],[86.6932851,23.05171144],[86.69343817,23.0516298],[86.69357601,23.05162342],[86.69397075,23.0514995],[86.69472863,23.05132049],[86.69541069,23.05108389],[86.69595892,23.05109431],[86.69663583,23.0508624],[86.69699833,23.05077319],[86.69715596,23.05077523],[86.69747398,23.05066691],[86.69762846,23.05065852],[86.69795017,23.05050559],[86.698076,23.05053747],[86.6985678,23.05035339],[86.69881899,23.05018354],[86.69915276,23.05003703],[86.69967067,23.04985967],[86.70023713,23.04971124],[86.70063547,23.04954639],[86.70114441,23.04942473],[86.70138647,23.04928419],[86.70194617,23.0491607],[86.70213888,23.04915174],[86.70230289,23.04908983],[86.70249904,23.04908863],[86.70349709,23.04885348],[86.70361172,23.0488053],[86.70376864,23.04880383],[86.70412685,23.04872847],[86.70432158,23.04873544],[86.70488062,23.04851705],[86.70503847,23.0485207],[86.70520001,23.04845674],[86.7058328,23.04839593],[86.7059366,23.04834615],[86.70662343,23.04820093],[86.70685916,23.04820309],[86.70709433,23.04816559],[86.70744809,23.04808707],[86.70757111,23.04802067],[86.70768683,23.04801523],[86.70781156,23.0479554],[86.70831982,23.04801207],[86.70871598,23.0478829],[86.70938935,23.04774],[86.70954641,23.04773984],[86.70970537,23.04766594],[86.70986058,23.04765965],[86.71101803,23.04721861],[86.71145242,23.04715692],[86.71233053,23.04681493],[86.71265072,23.04676822],[86.71269166,23.04673193],[86.71272907,23.04676855],[86.71352357,23.04655443],[86.71387394,23.04651083],[86.7139968,23.04644451],[86.71411559,23.04644772],[86.71423676,23.04637556],[86.71435099,23.04636707],[86.71447385,23.04630067],[86.71463196,23.0463029],[86.71479076,23.04622907],[86.71491087,23.04623534],[86.71545936,23.04613942],[86.71557502,23.04614983],[86.71582263,23.04606002],[86.71613371,23.04605582],[86.71676746,23.04587539],[86.71688195,23.04586733],[86.71736421,23.04565677],[86.71755814,23.04564097],[86.71801845,23.04574189],[86.71846892,23.0455594],[86.71862503,23.04555595],[86.71918233,23.04541803],[86.71976819,23.04533372],[86.72029052,23.04508918],[86.72040751,23.04508191],[86.72114366,23.04473441],[86.72144308,23.04468667],[86.72164111,23.04459674],[86.72203587,23.04450077],[86.72215917,23.04443951],[86.72227464,23.04443399],[86.72239734,23.04436782],[86.72251387,23.044361],[86.72295762,23.0441466],[86.72369822,23.04390813],[86.72386906,23.04390606],[86.72402752,23.04386211],[86.724353,23.0438727],[86.72501909,23.04357618],[86.72517005,23.04357335],[86.72560544,23.04345105],[86.72594622,23.04353306],[86.72694679,23.04329989],[86.72706732,23.04329522],[86.72725498,23.04338183],[86.72745138,23.04337565],[86.72818811,23.04356495],[86.72833361,23.04348046],[86.72838551,23.04348669],[86.72851454144431,23.04355643003195],[86.72988114692654,23.04204795411255],[86.72924792332394,23.039350175827185],[86.71833653994136,23.034360481883727],[86.71775237850173,23.02988796514428],[86.72102985709421,23.026280610096762],[86.7280261240233,23.022708866638663],[86.72141331051908,23.00407868736618],[86.7226172349895,22.99870997779213],[86.72226495791995,22.99253853523428],[86.71592860456464,22.988779533939734],[86.71425647704524,22.984142064981505],[86.71447936413198,22.980632731178265],[86.71141597906285,22.97072019778329],[86.70744292161488,22.963661459107787],[86.70889213971542,22.962363812370718],[86.70779198189265,22.959303227556237],[86.70029113,22.96142389],[86.69593106,22.96275038],[86.69439735,22.96332792],[86.6925992,22.96331312],[86.69111377,22.96291277],[86.68984664,22.96305713],[86.68808839,22.96370863],[86.6868227,22.96427306],[86.68619967,22.96458795],[86.68577257,22.9649756],[86.68496111,22.96610326],[86.68365896,22.96724805],[86.68233518,22.96811491],[86.67504012,22.97233719],[86.6697809,22.97517431],[86.66723029,22.97681094],[86.66426809,22.97801979],[86.66142964,22.97884258],[86.65632536,22.97988637],[86.65404661,22.9804957],[86.6515907,22.98074104],[86.65102407,22.98113279],[86.6514827,22.98171649],[86.65031636,22.98242765],[86.64991339,22.98176503],[86.64799295,22.98248574],[86.64549969,22.98334969],[86.64210803,22.98461136],[86.63928229,22.98639602],[86.63680612,22.98812937],[86.63501302,22.98928614],[86.63278303,22.9898321],[86.63082205,22.99035376],[86.62831701,22.99107969],[86.62600034,22.99185345],[86.62307437,22.99239303],[86.62063473,22.99305803],[86.6178231,22.99348267],[86.61503813,22.99406311],[86.61405393,22.99420077],[86.60804939,22.9941815],[86.60447111,22.99437359],[86.60190775,22.99445754],[86.59984644,22.99417006],[86.59754069,22.99364701],[86.59505272,22.99289761],[86.59332072,22.99222915],[86.59077541,22.99129208],[86.58837014,22.99042538],[86.5855473,22.9897134],[86.58245544,22.98902997],[86.58127689,22.98881008],[86.57932353,22.98856319],[86.57743901,22.98827586],[86.5751147,22.98868976],[86.57219924,22.98884228],[86.56980287,22.98956982],[86.56491246,22.99167496],[86.55827071,22.99475528],[86.55601397,22.99579009],[86.55195818,22.99675663],[86.54670198,22.99903406],[86.54533857,23.0000038],[86.54530242,23.00002948],[86.55493079,23.00003427],[86.54530354,23.00002959],[86.54280783,23.00132593],[86.54069371,23.00271919],[86.53763662,23.00573955],[86.53574322,23.00778843],[86.53392231,23.00945422],[86.53096314,23.01231011],[86.52935757,23.01409475],[86.52612141,23.01647789],[86.52221859,23.01916047],[86.51921896,23.02086097],[86.51544029,23.02314018],[86.51350591,23.02389954],[86.51235508,23.02404051],[86.51223514,23.02403054],[86.51094644,23.02392331],[86.50966031,23.02366779],[86.50879874,23.02328421],[86.50572256,23.02173132],[86.50154253,23.01969585],[86.50000021,23.01925149],[86.49999629,23.01925118],[86.49975736,23.01923118],[86.49959914,23.01920874],[86.49938447,23.0191758],[86.49891665,23.01912217],[86.49845658,23.01899038],[86.4974451,23.0186855],[86.49655826,23.01836682],[86.49620237,23.01826916],[86.49595999,23.01822088],[86.4956512,23.01813507],[86.49528869,23.01806235],[86.49430719,23.01800078],[86.49407939,23.01798017],[86.49383475,23.01793926],[86.49362701,23.0179161],[86.49179823,23.01791108],[86.49112202,23.01799075],[86.49035885,23.01807579],[86.48982883,23.01809932],[86.48935854,23.01820656],[86.4887326,23.01827613],[86.48820462,23.0183423],[86.48744238,23.01849745],[86.4869034,23.01849878],[86.48544788,23.01880254],[86.48505782,23.01893494],[86.4847516,23.01894566],[86.48451317,23.01906548],[86.48413496,23.01909145],[86.48389637,23.01921143],[86.48280702,23.0194857],[86.48212072,23.01979243],[86.48189621,23.01981771],[86.48165692,23.01993822],[86.48135569,23.01996787],[86.48111165,23.02007556],[86.48041198,23.02022961],[86.48002506,23.02019813],[86.47950098,23.02026826],[86.47887081,23.02050753],[86.47849065,23.02055982],[86.47693167,23.02112226],[86.47592309,23.0212941],[86.4749189,23.02115714],[86.47367756,23.02145972],[86.47320676,23.02145473],[86.47258984,23.02161592],[86.47212309,23.02162052],[86.47095695,23.02192261],[86.47072584,23.0219346],[86.47048446,23.02205716],[86.47025485,23.02206475],[86.46994887,23.02222548],[86.46978742,23.02221411],[86.46948243,23.02237553],[86.46924574,23.02238366],[86.46900729,23.02251763],[86.46791573,23.02285524],[86.46768282,23.02282274],[86.46736632,23.02295808],[86.46643351,23.02312421],[86.4658025,23.02340293],[86.46550223,23.02344092],[86.46486907,23.0237138],[86.46463908,23.02372192],[86.4635506,23.02418385],[86.46330998,23.02417344],[86.46275367,23.02445679],[86.46204179,23.02464771],[86.4615143,23.02493817],[86.46124231,23.02500173],[86.46081088,23.02522417],[86.46069821,23.02521671],[86.46064443,23.02533748],[86.45930958,23.02593568],[86.45915124,23.02608227],[86.45859286,23.02636819],[86.45758623,23.02703048],[86.45671419,23.02746356],[86.45543463,23.0280011],[86.45440058,23.02860088],[86.45281443,23.02933704],[86.4523461,23.02964881],[86.45069291,23.03039737],[86.45014616,23.03070964],[86.44746891,23.03182152],[86.44722987,23.03183103],[86.44651456,23.03212446],[86.44580354,23.03227494],[86.44548892,23.03243053],[86.4449331,23.03258767],[86.44461361,23.03258283],[86.44406475,23.03274843],[86.44375509,23.03276605],[86.44335337,23.03290613],[86.44295622,23.03290649],[86.44263661,23.03304904],[86.44225308,23.03308286],[86.44185095,23.03322288],[86.44161093,23.03322016],[86.44018578,23.03368641],[86.43979654,23.0337053],[86.43939376,23.03384504],[86.43836955,23.03401941],[86.43796636,23.03415901],[86.43764978,23.03416329],[86.43709427,23.03431847],[86.43662536,23.03433839],[86.43622168,23.03447771],[86.4358229,23.03447737],[86.43550165,23.03461923],[86.43511327,23.03464951],[86.43486538,23.03477416],[86.43440087,23.03480839],[86.43399653,23.03494743],[86.43375545,23.03494423],[86.43343372,23.03508588],[86.43240199,23.03525413],[86.43208,23.03539557],[86.43169394,23.03542812],[86.43128894,23.03556674],[86.43105023,23.03556899],[86.43049232,23.03572275],[86.43010079,23.03574021],[86.42969537,23.03587847],[86.42937429,23.03587588],[86.42897744,23.0360328],[86.42857558,23.03602745],[86.4281828,23.03611917],[86.42730664,23.03613272],[86.42699244,23.03605154],[86.42627164,23.0360714],[86.42572462,23.03592283],[86.42532145,23.03593847],[86.42445589,23.03579318],[86.42341902,23.03580826],[86.42174247,23.03596962],[86.42102323,23.03597273],[86.42061581,23.03610897],[86.42022203,23.03612434],[86.41958523,23.03628499],[86.41934089,23.03627619],[86.41878368,23.03643595],[86.41837965,23.03642821],[86.41798068,23.03658275],[86.41758281,23.03659346],[86.41733273,23.03671581],[86.41702036,23.03674188],[86.41669602,23.03688086],[86.41645775,23.0368903],[86.41599063,23.03707852],[86.4157436,23.03725137],[86.41515867,23.03745359],[86.41484614,23.03747967],[86.41419305,23.03774944],[86.41387522,23.03776072],[86.4133175,23.03792003],[86.41314701,23.03790633],[86.41283112,23.03806752],[86.41250414,23.03805543],[86.41218825,23.03821662],[86.41186112,23.03820453],[86.41154523,23.03836572],[86.41137917,23.03835319],[86.41106221,23.03851368],[86.41082572,23.03851995],[86.41025841,23.03877651],[86.41002333,23.0388219],[86.40906028,23.03930007],[86.40792332,23.03973101],[86.40671953,23.04032882],[86.40516043,23.0409858],[86.40397799,23.04168754],[86.40281898,23.04225398],[86.40273211,23.04231421],[86.40174568,23.04299845],[86.40138372,23.04307658],[86.40073062,23.04335568],[86.398802,23.04379612],[86.39848576,23.04381181],[86.39816202,23.04395082],[86.39783745,23.04394577],[86.39616195,23.04426744],[86.39574952,23.04424814],[86.39535105,23.04440238],[86.39414593,23.0444068],[86.39302124,23.04455681],[86.39084029,23.04457872],[86.38932996,23.04428833],[86.38651567,23.04430636],[86.38579822,23.04415425],[86.38473605,23.04417548],[86.38322028,23.04403232],[86.38282241,23.04388227],[86.38185533,23.04388909],[86.38088997,23.04375132],[86.38056747,23.04383212],[86.37951895,23.04381979],[86.3791234,23.04390809],[86.37838222,23.04389464],[86.37694857,23.04419835],[86.37670508,23.04419551],[86.37629805,23.04432971],[86.37510619,23.04451384],[86.37477099,23.04462427],[86.37452947,23.04463287],[86.37421609,23.04479294],[86.37397851,23.04479824],[86.37373024,23.04491987],[86.37349677,23.0449445],[86.37245056,23.04537727],[86.37228326,23.04536401],[86.37100932,23.04592826],[86.37077457,23.04597278],[86.36910756,23.04673447],[86.36740683,23.04761696],[86.36736163,23.04778928],[86.36747219,23.04795152],[86.36772561,23.0480115],[86.3682146,23.04798496],[86.36919214,23.04818592],[86.36973594,23.04811848],[86.37005739,23.04798064],[86.37037672,23.04797198],[86.37069825,23.04783414],[86.37117812,23.04782502],[86.37149972,23.0476871],[86.37230636,23.047692],[86.37262547,23.04760573],[86.37318999,23.0476205],[86.37358429,23.04753248],[86.37551615,23.04753731],[86.37583436,23.04745445],[86.376153,23.04753846],[86.3771215,23.0475244],[86.37751923,23.04767491],[86.37848636,23.04766427],[86.3789567,23.04775439],[86.37952317,23.0480441],[86.37966048,23.0482012],[86.37969336,23.04834601],[86.37963596,23.04857017],[86.37897643,23.04901813],[86.37776298,23.04954171],[86.37745004,23.0495667],[86.3771283,23.04970501],[86.37664884,23.0497145],[86.37632717,23.04985273],[86.37560177,23.0498481],[86.37528283,23.0499346],[86.37471918,23.04991995],[86.37432536,23.05000811],[86.37351902,23.05000092],[86.37288349,23.05015744],[86.36999317,23.05015447],[86.3692786,23.05031212],[86.36863217,23.05030278],[86.36807805,23.0504599],[86.36758626,23.0504461],[86.36727485,23.05060617],[86.36678658,23.05059277],[86.36647526,23.05075291],[86.36615287,23.05074315],[86.36575795,23.05089603],[86.36519344,23.05089001],[86.36479859,23.05104288],[86.36431988,23.05105157],[86.36399961,23.05118929],[86.363437,23.051195],[86.36321563,23.0513039],[86.36280681,23.05132599],[86.36248224,23.05148186],[86.36191803,23.05147559],[86.36159755,23.05161213],[86.3613597,23.0516214],[86.36083841,23.05179657],[86.36008736,23.05206195],[86.35985104,23.05207352],[86.35960505,23.05219491],[86.3592874,23.05220431],[86.35896731,23.05234076],[86.35872404,23.05234593],[86.35841388,23.05250579],[86.35824744,23.05249219],[86.35793622,23.05265136],[86.35768883,23.05263719],[86.35737875,23.05279705],[86.35706284,23.05280188],[86.35674358,23.0529394],[86.35634006,23.05293261],[86.35594678,23.05308518],[86.35497859,23.05307469],[86.35459812,23.05324078],[86.3537032,23.05322049],[86.35332281,23.05338656],[86.35219438,23.05337028],[86.35187784,23.05345591],[86.35131419,23.05341396],[86.35083948,23.05351167],[86.34990105,23.05344156],[86.34964425,23.05351786],[86.34917072,23.05353075],[86.34885247,23.053668],[86.3482902,23.05366089],[86.34789773,23.05381217],[86.34637942,23.05380553],[86.34582958,23.05396133],[86.34526628,23.05395018],[86.34487266,23.05409883],[86.34478973,23.05391735],[86.34360077,23.05424325],[86.34312463,23.05424699],[86.34265663,23.05400294],[86.34207265,23.05382205],[86.34159453,23.05381376],[86.34128088,23.05365248],[86.34072019,23.05366292],[86.340402,23.05350778],[86.34024167,23.05351778],[86.33983521,23.05338422],[86.33839303,23.05325481],[86.33808529,23.05306935],[86.33721758,23.05305387],[86.33696759,23.05292555],[86.33680955,23.05292906],[86.33600954,23.05271009],[86.33472434,23.05208412],[86.33295356,23.05148674],[86.33027869,23.05143606],[86.32985952,23.05159034],[86.32878647,23.0517735],[86.3279716,23.0520769],[86.32736137,23.05236364],[86.32649959,23.05287837],[86.32624607,23.05294131],[86.32531888,23.05338085],[86.32491024,23.05364469],[86.32286364,23.05448184],[86.3227035,23.0544705],[86.32129133,23.05479743],[86.32105201,23.05490142],[86.32088377,23.05488895],[86.31978399,23.0553216],[86.31805954,23.05561108],[86.31660371,23.05616255],[86.31632048,23.05615771],[86.31560915,23.05642724],[86.31498438,23.05675117],[86.31439353,23.05695444],[86.31397641,23.05702405],[86.3127994,23.05755185],[86.3107603,23.05815009],[86.31051835,23.05826854],[86.31028569,23.05827844],[86.30864324,23.05873904],[86.30785537,23.05910718],[86.30676425,23.05941373],[86.30480686,23.06025461],[86.30386872,23.06053452],[86.30265821,23.06102369],[86.3017537,23.06125488],[86.30096661,23.06165778],[86.30013025,23.06195757],[86.29964342,23.06206594],[86.29876988,23.06246496],[86.2985707,23.06262113],[86.29728948,23.0628761],[86.29706849,23.06304762],[86.29604142,23.0634703],[86.29599128,23.06359055],[86.29416254,23.06437527],[86.29279068,23.06534501],[86.2921475,23.0656475],[86.29060484,23.06673586],[86.28981045,23.06718847],[86.28766653,23.06869016],[86.28709851,23.06901911],[86.28464394,23.07079762],[86.28438261,23.07090725],[86.28318066,23.07181907],[86.28296326,23.07192242],[86.28151736,23.07333528],[86.28099683,23.07374348],[86.27944095,23.07471082],[86.27890441,23.07513623],[86.27840988,23.07538182],[86.2777115,23.07590406],[86.27763299,23.07590101],[86.27687052,23.07651762],[86.27591718,23.07711126],[86.27565813,23.07734874],[86.27436877,23.07803729],[86.2742904,23.07803379],[86.27352959,23.07855088],[86.27235122,23.0791316],[86.27142438,23.07971451],[86.27058999,23.08005343],[86.26980206,23.08060373],[86.26868145,23.0810634],[86.26785195,23.08167271],[86.266185,23.08243153],[86.2653272,23.0829336],[86.26398939,23.08361788],[86.26291249,23.08424237],[86.26147287,23.08484222],[86.26037631,23.08533956],[86.25941959,23.08571335],[86.25846008,23.08618131],[86.25749158,23.08648443],[86.2563966,23.08698014],[86.25489676,23.08773499],[86.25389335,23.08839925],[86.25319108,23.08884879],[86.25206585,23.08986249],[86.25139898,23.09060465],[86.25075987,23.09122856],[86.25031199,23.09172679],[86.25000007,23.09221435],[86.24998843,23.09222256],[86.24898943,23.09292171],[86.24775639,23.09331742],[86.24517862,23.09368023],[86.24187714,23.09442584],[86.23845459,23.09479497],[86.23594871,23.09510721],[86.23191063,23.09506672],[86.22768657,23.09525964],[86.22376625,23.09565907],[86.22039409,23.09584449],[86.21763493,23.0963524],[86.213031,23.09673078],[86.20858155,23.097042],[86.20608802,23.09761915],[86.20332307,23.0985029],[86.20104936,23.09937074],[86.198959,23.10011437],[86.19652223,23.10022427],[86.19415688,23.10101993],[86.19224838,23.10157706],[86.18947819,23.10261203],[86.18738488,23.10345877],[86.18510716,23.10453891],[86.18291115,23.10562467],[86.18011935,23.10693014],[86.17833442,23.10799781],[86.17661106,23.10906367],[86.17478967,23.11048368],[86.17310478,23.1115996],[86.17156772,23.11283491],[86.16978378,23.11412976],[86.16775333,23.11554204],[86.16701511,23.11607117],[86.1659072,23.11677743],[86.16436849,23.11777742],[86.16345552,23.11851461],[86.16184576,23.11953949],[86.16067509,23.12012919],[86.15870136,23.12084094],[86.15703581,23.121434],[86.15580395,23.12213962],[86.15537311,23.12243297],[86.15469788,23.12313428],[86.15393153,23.12351714],[86.15247458,23.1236149],[86.15116677,23.12240635],[86.15004451,23.12119665],[86.14929595,23.12033225],[86.1483611,23.11935335],[86.1470534,23.11814541],[86.14605869,23.11745706],[86.14487916,23.11688618],[86.14301108,23.11516093],[86.1406299,23.11331884],[86.13884046,23.11154033],[86.13740975,23.1104498],[86.13646039,23.10976978],[86.13536047,23.10942195],[86.13350266,23.10926213],[86.1318939,23.10933216],[86.13087848,23.10966258],[86.12892789,23.11004975],[86.12719965,23.11075804],[86.12553418,23.11158175],[86.12368347,23.11246475],[86.12213195,23.11315809],[86.11966899,23.11371104],[86.11775356,23.11418859],[86.11620784,23.11443154],[86.11534133,23.11443771],[86.11422641,23.11432961],[86.11292582,23.11422288],[86.11168622,23.11399962],[86.1095818,23.11401431],[86.10842414,23.11415049],[86.10692084,23.1140908],[86.10611665,23.11415431],[86.1052535,23.11462428],[86.10438999,23.11503626],[86.10303058,23.11533561],[86.10179398,23.11551813],[86.10080541,23.11575696],[86.10012801,23.11622576],[86.09957315,23.11651967],[86.09876982,23.1166992],[86.09753175,23.11664965],[86.09617157,23.11683303],[86.09450279,23.11713459],[86.0930202,23.1174929],[86.09186535,23.11754902],[86.09042624,23.11820729],[86.08906912,23.11879729],[86.08826643,23.11903505],[86.08697119,23.11962481],[86.08462749,23.12068688],[86.08407187,23.12086512],[86.08277633,23.1213973],[86.08086334,23.12210844],[86.07913604,23.12281866],[86.07796472,23.12340885],[86.07759631,23.12381874],[86.07580995,23.12493776],[86.07488795,23.12581789],[86.07384295,23.12681579],[86.07267639,23.12816467],[86.072112,23.12881186],[86.06930405,23.13297198],[86.06937172,23.13402011],[86.06943518,23.13431075],[86.06974976,23.13529787],[86.06975445,23.13617157],[86.06957211,23.13675597],[86.0690199,23.13757752],[86.06852886,23.13828204],[86.06803663,23.13875369],[86.06791616,23.13939594],[86.06791848,23.13986198],[86.06798177,23.14015241],[86.06823137,23.14061543],[86.06872887,23.14119178],[86.06877938,23.1412385],[86.05911619,23.14832059],[86.06121707,23.14822831],[86.06362688,23.14795809],[86.0650486,23.14787878],[86.06696528,23.1477931],[86.06869685,23.14771093],[86.07141891,23.14773295],[86.07259914,23.14768166],[86.07405147,23.14776076],[86.07569009,23.1480283],[86.07680491,23.14818919],[86.07768515,23.14839795],[86.07866292,23.14839979],[86.07952705,23.14786738],[86.0802696,23.14780103],[86.08119823,23.14779079],[86.08200241,23.1476659],[86.08280612,23.14742509],[86.0840428,23.14712194],[86.08535574,23.14675918],[86.08664198,23.14686325],[86.08800411,23.14684957],[86.08949043,23.14689297],[86.10094067,23.15827383],[86.10175463,23.15836756],[86.10243766,23.15859297],[86.10287403,23.15905221],[86.10328103,23.15958936],[86.10356351,23.16049357],[86.10362972,23.16130355],[86.103695,23.16193977],[86.10384812,23.16345117],[86.10358525,23.16477742],[86.10309697,23.1664605],[86.10277887,23.16725145],[86.10260625,23.16768043],[86.10205256,23.16878515],[86.10125162,23.17023942],[86.10069731,23.17140187],[86.10032822,23.17238893],[86.1000823,23.1731433],[86.09965185,23.17459344],[86.09928169,23.17558017],[86.09900858,23.17647844],[86.09838513,23.17706551],[86.09754688,23.1777369],[86.09692923,23.17814512],[86.09618134,23.1785603],[86.09543633,23.17903051],[86.09413206,23.17950682],[86.09328642,23.1799256],[86.09222849,23.18028499],[86.09189586,23.18039799],[86.09096393,23.18081284],[86.09003196,23.18116998],[86.08909982,23.18152726],[86.08791905,23.182003],[86.08692443,23.18247676],[86.0859918,23.18294984],[86.08524506,23.18353636],[86.08468434,23.18417834],[86.08387428,23.1849965],[86.08286486,23.18546208],[86.08200693,23.18600098],[86.08119581,23.18625638],[86.07973782,23.18637227],[86.07852612,23.18656667],[86.07709634,23.18687549],[86.07628724,23.18723353],[86.07522846,23.18782627],[86.07422935,23.18876452],[86.07329175,23.18970196],[86.07203876,23.19122102],[86.07103687,23.19227491],[86.07009586,23.19338536],[86.06724071,23.19349358],[86.06766933,23.19406165],[86.06915874,23.1940351],[86.0686588,23.19438947],[86.06809733,23.1946873],[86.06672441,23.19546062],[86.06597371,23.19605016],[86.06528757,23.19640839],[86.064606,23.19636389],[86.06398271,23.19623227],[86.06331034,23.19581375],[86.0625735,23.19519538],[86.06146548,23.19452722],[86.06107011,23.19433399],[86.06078764,23.19419587],[86.06004673,23.19398123],[86.0597172,23.19398824],[86.05917963,23.19399981],[86.05812459,23.19425308],[86.05731427,23.194789],[86.05683023,23.1953226],[86.05667785,23.19635658],[86.05653697,23.19779735],[86.05627438,23.19901038],[86.05601576,23.19987811],[86.05562767,23.20115069],[86.05561402,23.20141334],[86.05468226,23.20243531],[86.0537391,23.20354731],[86.0529229,23.20442665],[86.05222278,23.20534853],[86.05165711,23.20646342],[86.05108197,23.20773803],[86.050513,23.20861096],[86.04981432,23.20988784],[86.04887094,23.21105526],[86.04774403,23.21216931],[86.04687318,23.21270457],[86.04637855,23.21283037],[86.04570091,23.21284582],[86.04484442,23.21246481],[86.04411599,23.2117376],[86.04363849,23.21066151],[86.04315821,23.20975731],[86.04267065,23.20936847],[86.04175146,23.20899026],[86.04101486,23.20877947],[86.03953872,23.20858718],[86.03799682,23.20873995],[86.03679111,23.20896827],[86.03553012,23.20903037],[86.03514146,23.20881863],[86.03405711,23.20861121],[86.03338403,23.20822911],[86.03277427,23.20767464],[86.03179646,23.20695912],[86.03136885,23.20662855],[86.03032796,23.20602973],[86.02928456,23.20565963],[86.02867237,23.20527799],[86.02744138,23.20482584],[86.0271352,23.20445357],[86.02708453,23.20384344],[86.02751918,23.20348951],[86.02838488,23.20317977],[86.0286943,23.20305694],[86.02881983,23.20282553],[86.02870231,23.20225947],[86.02852025,23.20217386],[86.02790468,23.20188457],[86.02741639,23.20138699],[86.0269292,23.20077587],[86.02681487,23.19986888],[86.02706957,23.19906402],[86.02769879,23.19784797],[86.02788808,23.19744307],[86.02789163,23.19710103],[86.02789221,23.19704404],[86.02764591,23.19699518],[86.02739729,23.19717429],[86.02609438,23.19790032],[86.02479298,23.19851175],[86.02318339,23.19918934],[86.02206902,23.19973646],[86.0212014,23.2003317],[86.02076738,23.20068574],[86.02037326,23.20101364],[86.01978117,23.2008308],[86.01941258,23.20072952],[86.01867478,23.20064042],[86.01775226,23.20061427],[86.01670735,23.20059255],[86.01621364,23.20094798],[86.01571948,23.2014725],[86.01534802,23.20210565],[86.01522082,23.20301263],[86.01509487,23.20375026],[86.0151536,23.20431268],[86.01515164,23.2047642],[86.01508852,23.2052176],[86.01453651,23.20557305],[86.01367909,23.20616327],[86.01251783,23.20715687],[86.01160414,23.20791694],[86.01063233,23.20895983],[86.00966459,23.21005816],[86.00924263,23.21068952],[86.00906233,23.2111446],[86.00936383,23.21152879],[86.00978577,23.21117892],[86.01069248,23.21013943],[86.01184538,23.20926095],[86.01294175,23.20832729],[86.01398011,23.20756382],[86.014233,23.20740606],[86.01508233,23.20679794],[86.01567847,23.20643746],[86.01563112,23.20723347],[86.01587174,23.20829947],[86.01629224,23.21037799],[86.01665629,23.21115951],[86.01720361,23.2119368],[86.01762954,23.21249161],[86.01831784,23.21318039],[86.0184803,23.21388511],[86.01835485,23.21479343],[86.01804713,23.21553607],[86.01725231,23.21606328],[86.01621528,23.21642591],[86.01463245,23.21696998],[86.01401888,23.2175381],[86.01396384,23.21811368],[86.01420649,23.21861635],[86.01499567,23.21893822],[86.01615657,23.21919394],[86.01761114,23.21933576],[86.01907339,23.21958868],[86.02029327,23.21967702],[86.02139188,23.21976806],[86.02298073,23.21967887],[86.02382606,23.21941496],[86.02463293,23.2194179],[86.02493797,23.21958193],[86.02548446,23.22030924],[86.02615055,23.22148903],[86.02693697,23.22295146],[86.02748025,23.22413496],[86.02784412,23.22458308],[86.02930651,23.22512498],[86.03014419,23.2251928],[86.031627,23.225196],[86.03321721,23.22499529],[86.03431756,23.22497451],[86.03492669,23.22519104],[86.03565401,23.22580474],[86.03606929,23.22705194],[86.03611266,23.22887626],[86.0361587,23.23047192],[86.03613988,23.23258068],[86.03589127,23.23321104],[86.0353931,23.23377812],[86.03454701,23.2341422],[86.03320897,23.23438945],[86.03278447,23.23428205],[86.03066158,23.23363143],[86.02975164,23.23330402],[86.02890176,23.23308936],[86.02750439,23.23310953],[86.02665433,23.23295155],[86.02622967,23.23267409],[86.02592675,23.23222489],[86.02532134,23.23092943],[86.02501858,23.23031012],[86.02465443,23.22991875],[86.02368271,23.22913991],[86.02313588,23.22875159],[86.02228477,23.22848165],[86.02115256,23.22814782],[86.02009673,23.2278365],[86.01827472,23.22735621],[86.016333,23.22659595],[86.01548431,23.22627083],[86.01445429,23.22566685],[86.01276073,23.22496238],[86.01119135,23.22408881],[86.00944608,23.22294024],[86.00776827,23.22173916],[86.00616014,23.22054284],[86.00468186,23.21918324],[86.00397857,23.21875761],[86.00316207,23.21794761],[86.00258292,23.21735579],[86.00160829,23.21639501],[86.00115484,23.21597225],[86.00059257,23.21528062],[86.00000016,23.21484221],[85.99999424,23.21483354],[85.99957527,23.21421528],[85.99890156,23.21234026],[85.998244,23.21026788],[85.99734172,23.20731498],[85.99619444,23.20518269],[85.99397667,23.20279852],[85.99256803,23.19989918],[85.99242933,23.19788073],[85.99271452,23.196434],[85.9930891,23.19453371],[85.99521226,23.1910185],[85.99708711,23.18905097],[85.99837256,23.18840146],[85.99999117,23.18774184],[86.00000006,23.18773823],[86.00014906,23.18763643],[86.00055329,23.18736022],[86.00163979,23.18707165],[86.00258765,23.1868737],[86.00334606,23.18703367],[86.00436359,23.18701512],[86.00478532,23.18698647],[86.00514785,23.18696266],[86.00593659,23.18680142],[86.00642498,23.18643676],[86.00673185,23.18602747],[86.00691762,23.18556949],[86.00698135,23.1851188],[86.00679197,23.1839777],[86.00686874,23.18356188],[86.00662695,23.18307466],[86.00626136,23.18276335],[86.00552837,23.18258877],[86.00505147,23.18262131],[86.00443192,23.18266512],[86.00346484,23.18284938],[86.00203651,23.18352968],[86.00122097,23.183837],[86.0009337,23.18392615],[86.00036611,23.1839998],[85.99999999,23.18399331],[85.99999078,23.18399035],[85.99887287,23.18363035],[85.99705913,23.18222401],[85.99618523,23.1813176],[85.99556574,23.18003509],[85.99544727,23.17904632],[85.99561082,23.17820469],[85.99568302,23.17794548],[85.99583708,23.17739242],[85.99659747,23.17664177],[85.99798994,23.17548832],[85.99909828,23.17447831],[85.99998997,23.17404149],[85.99999985,23.17403667],[86.00014888,23.17402799],[86.00119611,23.17396693],[86.00235423,23.17374155],[86.0030955,23.1735614],[86.00361137,23.17321278],[86.00435994,23.17243406],[86.00411324,23.17167073],[86.00381496,23.17085104],[86.00327054,23.17003011],[86.00280899,23.16938079],[86.00245464,23.16825342],[86.00256658,23.16712906],[86.0036683,23.16529262],[86.00479387,23.16475498],[86.00362818,23.16492289],[86.00264555,23.16476354],[86.00159669,23.1642386],[86.00107751,23.16409002],[85.99613816,23.15766669],[85.99390302,23.15580056],[85.9926343,23.15527589],[85.99201051,23.15507348],[85.99177713,23.15506288],[85.99072923,23.15536215],[85.98935119,23.15552997],[85.9876824,23.15570302],[85.98520694,23.15607132],[85.98346007,23.15625965],[85.9827425,23.15645532],[85.98206587,23.15701069],[85.98173613,23.15710941],[85.98039484,23.15709007],[85.97928718,23.15717588],[85.97745918,23.15717865],[85.9762528,23.15711455],[85.97442469,23.1572914],[85.97207826,23.15745865],[85.9687118,23.1580597],[85.96575272,23.15869822],[85.96333672,23.15902349],[85.96222616,23.15925467],[85.9606951,23.15977825],[85.95954504,23.16001014],[85.95814152,23.16038472],[85.95677718,23.16087135],[85.9551002,23.16138952],[85.95453428,23.16147047],[85.95387024,23.1614579],[85.95222759,23.16095057],[85.95063367,23.16040686],[85.948247,23.15978217],[85.94625072,23.15922147],[85.944548,23.15885043],[85.94345249,23.15880009],[85.94278708,23.15873702],[85.94214187,23.15883939],[85.9413791,23.15892227],[85.94040165,23.15920447],[85.93977459,23.15931836],[85.93889597,23.15941403],[85.93771833,23.15961194],[85.93545528,23.15980008],[85.93294792,23.15991807],[85.93073983,23.16014517],[85.92891307,23.16032463],[85.92685291,23.16032841],[85.92531687,23.16033648],[85.92511023,23.16016072],[85.92443263,23.15924928],[85.92400059,23.15889783],[85.923431,23.15787501],[85.92298005,23.15745387],[85.92234148,23.15694458],[85.92082224,23.15641421],[85.91997853,23.15627115],[85.91924797,23.15635565],[85.91827478,23.15678823],[85.91728259,23.15718604],[85.91662825,23.1577595],[85.91561684,23.15893485],[85.91513402,23.15943149],[85.91471535,23.16003013],[85.91392078,23.16026866],[85.91247136,23.1604475],[85.91137328,23.1603235],[85.90913402,23.16016996],[85.90640811,23.16013359],[85.90474664,23.16014367],[85.9045442,23.1600761],[85.90289581,23.15956309],[85.90050988,23.1587674],[85.89880983,23.15841118],[85.89730627,23.15804705],[85.89546998,23.15744127],[85.89392285,23.15694346],[85.89165276,23.15613678],[85.88986543,23.1556492],[85.88852079,23.15512539],[85.88742215,23.15478967],[85.88625118,23.15442719],[85.88527352795091,23.154013079103716],[85.87730990826314,23.158662334455947],[85.87657865129799,23.161279847920333],[85.87780932404024,23.171009650691452],[85.87721186671695,23.17295827473253],[85.85984812255835,23.192391053400346],[85.85752044905612,23.1943619085618],[85.85191983440583,23.192547103548225],[85.84391130101562,23.19413002934805],[85.83500643526448,23.19210116368948],[85.83241125153751,23.192640708899145],[85.83155952143774,23.19511998197193],[85.83371772645906,23.201902251677083],[85.83281703333438,23.206138435894594],[85.83072566881823,23.210642095796626],[85.83069004247848,23.21397309482795],[85.83184046421584,23.2178301606476],[85.83067222929064,23.243229187869623],[85.82636469992104,23.26312127057877],[85.83365530577288,23.280681226118187],[85.83912663804057,23.28207691665623],[85.84173523723493,23.28431984789155],[85.84446867875386,23.28956817271622],[85.85241027719003,23.294459801532696],[85.85785489889716,23.301081603040654],[85.86149794463076,23.3033289492261],[85.86077115166374,23.314980659378175],[85.86830251104227,23.315881332659067],[85.87523647777623,23.320670441656972],[85.87798323638805,23.32371158716157],[85.87751059622751,23.32625771012692],[85.8753523990934,23.328741400665116],[85.87159782311554,23.330159377857385],[85.87087101423936,23.35252183859324],[85.87277951003364,23.35528197547323],[85.87301581299202,23.356900633146886],[85.86667054821434,23.36148012654348],[85.86625581558602,23.364851218095602],[85.87503133155397,23.368280252438822],[85.88527836947043,23.373760449506317],[85.89338053778411,23.369542160924023],[85.89569038545021,23.37059007734161],[85.89585979054598,23.376979974923167],[85.89434815641255,23.37968216257114],[85.89058019527644,23.381028802875832],[85.88247806102687,23.381100208053336],[85.88212573868225,23.383708749989083],[85.88477894698292,23.387338442598352],[85.88176326275767,23.39262442858775],[85.93851956,23.40857054],[85.97914392,23.41508038],[86.01673093,23.4378142],[86.01189119,23.4424784],[85.95098456,23.4383995],[85.89157658,23.42798729],[85.8613212884643,23.424236448475835],[85.86089155575385,23.428179399411952],[85.85975442104278,23.44161911513773],[85.85954484136509,23.45095196093676],[85.86205982019769,23.454969596669844],[85.86354912045246,23.459486701324355],[85.86602838269157,23.470228667304244],[85.8700772899475,23.474799245550464],[85.87412166853558,23.47623062856223],[85.87757749205093,23.475860544521183],[85.89124906040931,23.475980898332583],[85.90636986870626,23.471749265878614],[85.91269736533764,23.467299067512904],[85.91752654692272,23.462349497019243],[85.93794034062412,23.455139052727052],[85.94390664231368,23.454621833562737],[85.94979711607822,23.455451227214667],[85.95289616212615,23.459629424515835],[85.95717690378787,23.461930341185276],[85.96782079915207,23.465372690285772],[85.97566432814037,23.470728125131476],[85.9903793653394,23.47637776209548],[85.99474930789424,23.475530539984348],[86.0013755241008,23.478799081705183],[86.00557595898123,23.48269189603547],[86.01023129851168,23.483151124708144],[86.01545734071556,23.485162176280557],[86.02037124629581,23.487909040399508],[86.025597353915,23.488082929624674],[86.02906655185373,23.48715985094126],[86.0357507092973,23.490321410112003],[86.04136471456759,23.490250074571897],[86.04722396945057,23.493638943190607],[86.05150470161709,23.498998828694468],[86.05087150675159,23.501549380129592],[86.04860628751457,23.50261956386068],[86.03276759275919,23.504840270784854],[86.0326917907865,23.518021307731246],[86.03156362003128,23.52096883608106],[86.02703761458147,23.524250728357035],[86.02506222738347,23.531750880909392],[86.0185474837224,23.542430446972155],[86.02110258597783,23.545489419974757],[86.01077086070849,23.55165182932564],[86.01100716070243,23.5612389676551],[86.01760661879162,23.563611160998047],[86.02511577920947,23.572301937474887],[86.03009655651134,23.574758975914882],[86.035340435933,23.575088940180244],[86.03737830759755,23.583458603195773],[86.0468672387135,23.58386887205053],[86.05133082469884,23.57890140535571],[86.0653056246455,23.58072966018826],[86.07144134489658,23.578477788910252],[86.07277013361943,23.568221874794368],[86.08268717881191,23.56856971732153],[86.0879578979988,23.567642243540753],[86.09358075588774,23.570010012357532],[86.09835648775835,23.570959822532252],[86.10154923368691,23.57389834514558],[86.1048489525536,23.571958601175666],[86.11020878558685,23.570732385694196],[86.1194391008055,23.573911692906957],[86.12668515543844,23.566750386909966],[86.13172843299927,23.566228664527063],[86.13607157416489,23.569269790098044],[86.13860881239681,23.57001888407436],[86.14476684772481,23.567771498048636],[86.14819136859069,23.565421596974385],[86.1484277374944,23.563932195560326],[86.14628733218619,23.558661545579636],[86.14846788282715,23.555509030728018],[86.15158881755279,23.55296233291594],[86.14068169,23.55742258],[86.11190377,23.55860161],[86.11031619,23.54973355],[86.0927631,23.54577922],[86.11027698,23.53361763],[86.1420421,23.5333131],[86.14363456,23.51828911],[86.15163709996168,23.521205259210394],[86.15455454515529,23.519149521210352],[86.15328812245613,23.50974970391382],[86.15511192891225,23.504229334932422],[86.14518152977799,23.493991276359942],[86.14585930251538,23.486129870187817],[86.14330867780468,23.481260536676345],[86.14267552543848,23.477332035459856],[86.1455293475925,23.47306913351323],[86.15296264109845,23.476988686638123],[86.1679229386001,23.476087902046984],[86.17233294066266,23.47854047883344],[86.17914647887231,23.47512036202113],[86.17878080773323,23.46773159150899],[86.18102376161508,23.466920006894686],[86.18676708416753,23.468369275507488],[86.19180141708628,23.4644184616036],[86.19536421586639,23.46346868220516],[86.19956023028104,23.46404841124039],[86.20326133283787,23.458679601513175],[86.20970917168339,23.459232523930993],[86.22097733782448,23.45598189400607],[86.22405854211813,23.457252656843664],[86.22319796683776,23.46480643026652],[86.22532491588606,23.46988088170332],[86.23226774069143,23.47071921405047],[86.2387468660886,23.46968910384081],[86.23517508500008,23.455990735323912],[86.2273538549909,23.449609840550334],[86.22502168065961,23.4428185697979],[86.22466502223692,23.43567952708097],[86.23110836910178,23.42952156237852],[86.23954943197678,23.431679741061227],[86.23909908509106,23.425708978059497],[86.23989280910443,23.42257870703942],[86.24317919072003,23.41958223255303],[86.24646551486141,23.419189782725162],[86.2508398977887,23.422208629960316],[86.253051629034,23.424848451512734],[86.24794592663679,23.4308414218744],[86.24665283560687,23.434150139030535],[86.25005959654601,23.435590372388212],[86.25244076036657,23.437490011189045],[86.25784517805401,23.438221274864617],[86.26374896987265,23.43657142561817],[86.26629512550075,23.437958160527753],[86.26719587541692,23.440000471567625],[86.27348324848171,23.438948052389588],[86.27847299196725,23.44112409982094],[86.28067577413283,23.439608018694468],[86.28115285931011,23.435447668187116],[86.28237018064381,23.427461462944308],[86.28967419143478,23.4228686110335],[86.30000148541366,23.42005932274291],[86.31332977727367,23.426061270849562],[86.31423944316666,23.428290849059373],[86.31286599848136,23.431430068458507],[86.3122773679142,23.43732052499336],[86.30998988677155,23.437610392120583],[86.30578494894203,23.43617898900452],[86.30034484064936,23.440638060317752],[86.3001486600628,23.443710414130756],[86.30647165599984,23.448209641305],[86.31209013473652,23.44860208704553],[86.31511782448428,23.452673200304947],[86.32122234254447,23.454479151801557],[86.32621210159783,23.45756035642759],[86.32863781573896,23.45498305027073],[86.32927105581666,23.44824085579381],[86.33135789088341,23.447242056830504],[86.34041436340961,23.45239229979258],[86.33834082208854,23.456980659812558],[86.33789939835717,23.46109198926384],[86.3470360666329,23.461163335655595],[86.35183858571729,23.46362923424212],[86.35222652309189,23.468190855206977],[86.34897583111135,23.472498406675125],[86.35549943248452,23.48155928275183],[86.36440427367572,23.48215234808594],[86.36850668131113,23.483962676111734],[86.37052215778701,23.481639498515815],[86.37194907777081,23.48266070238757],[86.37214528866653,23.486080797110308],[86.37059800040845,23.490259006224324],[86.36205435644078,23.491886503571905],[86.35859852396024,23.489590107934642],[86.35370693769696,23.4964214174976],[86.3570645845056,23.510249103629032],[86.35690411980285,23.512888872782717],[86.36503745133848,23.515439543612924],[86.36701286189268,23.518859615087266],[86.36765497541197,23.52256068592458],[86.36495278584161,23.52549036087796],[86.36382907949773,23.52807213077245],[86.35965538076188,23.53067176009107],[86.35872789674032,23.53364157657733],[86.36048031218536,23.538479719369416],[86.35796982786667,23.543059163322734],[86.36048031218536,23.546127066217064],[86.3616040159241,23.54965863515615],[86.36422589382634,23.55134861988981],[86.36480564537337,23.55705181683651],[86.3678957368708,23.559210087596533],[86.37304600901915,23.561328099458787],[86.37486085240874,23.568520658850627],[86.37812046402226,23.568841721431358],[86.3828828416097,23.572021041157655],[86.38176803798353,23.5754991443563],[86.38220057513993,23.578928201337067],[86.38092969679697,23.584359345970334],[86.38697184069474,23.5853581893733],[86.38941982529346,23.588778341201937],[86.4001930177996,23.58945169826157],[86.40622620150546,23.587980209083593],[86.41036868929187,23.59802208229047],[86.4135659010152,23.60133069172962],[86.41821230556947,23.60340868440055],[86.42466908420614,23.60492026353014],[86.42727763372368,23.610329149159327],[86.43045693355228,23.61110951826972],[86.43456375496102,23.608451887239507],[86.43963824804372,23.60909845898078],[86.43959810131858,23.616674512033036],[86.4379214833187,23.62417915316144],[86.43847444301662,23.62779105698111],[86.43987905055556,23.629610309356025],[86.4449089253871,23.631532162640436],[86.46642406690394,23.62961923719061],[86.4716278050712,23.631282479401662],[86.48129071617808,23.63503702204304],[86.50171784180357,23.631581292599268],[86.51188012069956,23.62906189015679],[86.52369677784222,23.628361785957207],[86.52865524541215,23.628981643005673],[86.53743524267081,23.634622341597854],[86.5520164914659,23.640093688005027],[86.56524663372136,23.64626954697726],[86.58310537951542,23.65883970752173],[86.59062343561715,23.662242027657232],[86.58850983383614,23.66544364186208],[86.58796577401725,23.669082277586277],[86.59160442591113,23.67115128985321],[86.61580843952815,23.671641836922827],[86.62444124232083,23.672769970056613],[86.63334608653936,23.67574420809562],[86.64885035247428,23.68286982003785],[86.66873351269382,23.686049168815664],[86.68335043668804,23.68974134899068],[86.69384715107897,23.69452150791171],[86.71100572675505,23.697228111327274],[86.7316959587763,23.693790171373788],[86.73654745816918,23.688760266170217],[86.73591432080485,23.679088523411355],[86.73813049593502,23.677612529397827],[86.75850856657509,23.67848203778589],[86.77208543783583,23.681733340297168],[86.7717945,23.68097439]],[[86.6903928,23.55251387],[86.66104495,23.55487407],[86.66025845,23.55584554],[86.66010676,23.55667206],[86.66017727,23.55832598],[86.66039923,23.55929115],[86.66069152,23.56022263],[86.65945223,23.56189363],[86.65804586,23.56293345],[86.65550804,23.56372045],[86.65192997,23.56404613],[86.64636044,23.56399184],[86.64269262,23.56398347],[86.63902623,23.56347448],[86.62947392,23.56274284],[86.62721249,23.56181972],[86.62307619,23.55934299],[86.62166063,23.55741016],[86.62086075,23.55552431],[86.62059968,23.55460316],[86.62058231,23.55218188],[86.62063537,23.55065754],[86.62085758,23.54953714],[86.62118427,23.54867182],[86.58317209,23.53456925],[86.55764196,23.53320118],[86.55151156,23.53165222],[86.5257401,23.53763648],[86.4970485,23.53459238],[86.46180008,23.53057213],[86.44440369,23.52556744],[86.46240232,23.51586781],[86.44876266,23.50700355],[86.45744387,23.49862363],[86.45385212,23.47481894],[86.43448375,23.46550943],[86.44786881,23.45995897],[86.47533336,23.4673889],[86.50048705,23.47979955],[86.52574686,23.47596677],[86.54026007,23.49365754],[86.5708898,23.49239681],[86.57961182,23.50377533],[86.5901706,23.50888456],[86.62272,23.50247062],[86.64357333,23.50004949],[86.68563252,23.49366651],[86.70324869,23.49486642],[86.7379389,23.50000934],[86.74426126,23.51277717],[86.75000003,23.52500073],[86.77542095,23.52837985],[86.77701238,23.54529041],[86.76981629,23.55223194],[86.74999997,23.56065414],[86.71431741,23.56910798],[86.6903928,23.55251387]],[[86.5897358,23.62184231],[86.57823018,23.61492931],[86.5591906,23.61187515],[86.53833746,23.60866735],[86.52033877,23.60553181],[86.51321608,23.60106282],[86.51880229,23.59904879],[86.54373571,23.59868977],[86.56325017,23.59755794],[86.58735033,23.59309496],[86.59766228,23.59395767],[86.60715301,23.59865845],[86.6231607,23.60108397],[86.63640452,23.60271763],[86.64289363,23.59646986],[86.65599605,23.59704302],[86.6838439,23.59812358],[86.69912921,23.59640713],[86.69462505,23.60402995],[86.70462746,23.61037687],[86.70292772,23.61169941],[86.70701348,23.61693492],[86.69523048,23.62566421],[86.65879492,23.63289742],[86.63826728,23.63020872],[86.62690319,23.62543024],[86.60628037,23.62812797],[86.59595729,23.63001109],[86.5897358,23.62184231]],[[86.18056461,23.30928623],[86.21941926,23.3119466],[86.25434332,23.3043219],[86.29616675,23.31982227],[86.28793014,23.32870531],[86.26958403,23.34330827],[86.24998804,23.35138398],[86.19201374,23.35076863],[86.13638568,23.3603614],[86.11031613,23.37081549],[86.07188781,23.38003307],[86.04521171,23.37783382],[86.04115817,23.37716839],[86.02813609,23.37205928],[86.0310152,23.36180941],[86.05679166,23.33886087],[86.10771082,23.34150521],[86.13755428,23.32793109],[86.18056461,23.30928623]],[[86.25281266,23.25589366],[86.25381867,23.25484678],[86.25454487,23.25457472],[86.25667703,23.254509],[86.25794211,23.25435349],[86.25874953,23.25428285],[86.26040377,23.25429068],[86.26156062,23.25424643],[86.2648768,23.25435855],[86.26791661,23.25445694],[86.26927972,23.25447351],[86.27093888,23.25435555],[86.27249894,23.25425994],[86.27441688,23.25436019],[86.27560399,23.25457136],[86.27728402,23.25453328],[86.27920219,23.25424507],[86.281518,23.25366143],[86.28476358,23.25280963],[86.28697184,23.25271673],[86.29005045,23.25250424],[86.29447119,23.2525472],[86.29727939,23.25252248],[86.29937962,23.25266237],[86.30332961,23.25287838],[86.30488231,23.25288526],[86.30714307,23.25285308],[86.30986188,23.25254888],[86.31118777,23.25225956],[86.31582741,23.25182415],[86.32003418,23.25144345],[86.32484534,23.25114508],[86.32605497,23.25115028],[86.33859298,23.25109775],[86.34511073,23.25197604],[86.34815873,23.25205421],[86.35086626,23.25147576],[86.36027617,23.25064226],[86.36522179,23.25044023],[86.36832814,23.25045279],[86.37296949,23.25036363],[86.37325011,23.25041067],[86.38165086,23.25091418],[86.38298108,23.25102907],[86.38618625,23.25130573],[86.38959489,23.25128046],[86.39056589,23.25145242],[86.39093218,23.25151727],[86.39350105,23.25222225],[86.39759843,23.25301459],[86.40367468,23.25354438],[86.40905815,23.25392736],[86.41301767,23.25452146],[86.41512146,23.25533368],[86.41823079,23.2568276],[86.42014438,23.25789382],[86.42049989,23.25859023],[86.42058676,23.25923603],[86.42056545,23.26001379],[86.4204194,23.26062561],[86.42014892,23.26098863],[86.41948404,23.26135026],[86.41866007,23.26191377],[86.41667606,23.26236781],[86.41434707,23.26286821],[86.4120017,23.26319357],[86.40848216,23.26399177],[86.40613981,23.26452306],[86.40447033,23.26499966],[86.40256134,23.2653948],[86.40052724,23.2659423],[86.40026711,23.26602124],[86.39870824,23.2664943],[86.39675078,23.26720857],[86.39441718,23.26822512],[86.39288872,23.26878756],[86.39169594,23.26902363],[86.38857074,23.26972455],[86.38544837,23.2698014],[86.37730898,23.26903234],[86.37089156,23.26963197],[86.3542514,23.2657703],[86.34142607,23.26800523],[86.32775366,23.27070968],[86.32066496,23.2726507],[86.31092506,23.27428882],[86.30199769,23.27674429],[86.28753601,23.27980334],[86.27760867,23.28082865],[86.27671177,23.28104209],[86.27492793,23.28110541],[86.27325821,23.28156292],[86.27065947,23.2817298],[86.26198497,23.28168693],[86.25992531,23.28066971],[86.25684598,23.27779992],[86.25504252,23.27383438],[86.25246877,23.2656882],[86.25179159,23.25953744],[86.252111,23.25747773],[86.25281266,23.25589366]],[[86.36587872,23.22083597],[86.36546732,23.22010713],[86.36522068,23.2197768],[86.36467135,23.21928293],[86.36368094,23.21882341],[86.3634373,23.21863949],[86.36216782,23.2182953],[86.36151666,23.21801103],[86.36013078,23.21755829],[86.35979663,23.21735857],[86.35884932,23.21702399],[86.35669538,23.21536925],[86.35575825,23.21479342],[86.35472543,23.21344738],[86.35389097,23.21192304],[86.35343651,23.21076949],[86.35309089,23.20961659],[86.35252679,23.20825526],[86.35189964,23.20713963],[86.35118041,23.2061704],[86.35117332,23.20597683],[86.35084579,23.20600365],[86.35015265,23.20535954],[86.34898052,23.20468499],[86.34729921,23.20413912],[86.34649808,23.20415064],[86.34522206,23.20401824],[86.34458436,23.20402699],[86.34305197,23.20441724],[86.34258318,23.20480497],[86.34209359,23.20506341],[86.34094546,23.20535262],[86.34089027,23.20547387],[86.34073764,23.20551942],[86.34041495,23.2055276],[86.34016597,23.2056511],[86.33753529,23.20583382],[86.33586893,23.20569346],[86.33524349,23.20540081],[86.33443749,23.20515628],[86.3341274,23.20513208],[86.33252031,23.20430448],[86.33246939,23.20418426],[86.33174195,23.20381538],[86.33086228,23.20297042],[86.3302151,23.20188781],[86.32982079,23.20073713],[86.32971068,23.20008159],[86.3298184,23.19863182],[86.32981841,23.19863166],[86.33005416,23.19806109],[86.3301967,23.19732215],[86.33056683,23.19608457],[86.33078158,23.19477523],[86.33062543,23.19412362],[86.32994052,23.19288557],[86.32802586,23.19090878],[86.3270902,23.19003735],[86.32644639,23.18952512],[86.32590963,23.18895938],[86.32578196,23.18893974],[86.32511816,23.18828372],[86.32506653,23.18816322],[86.32459411,23.1878789],[86.32381183,23.1868715],[86.32381308,23.18672596],[86.32367469,23.18670978],[86.32335324,23.18643051],[86.32284763,23.18574189],[86.32182963,23.18456548],[86.32053469,23.18186274],[86.32055816,23.18173592],[86.32055822,23.18173563],[86.32063882,23.18167702],[86.32063889,23.18167697],[86.32064506,23.18087065],[86.32064506,23.18087058],[86.32086072,23.18014097],[86.32130964,23.17911735],[86.32183013,23.17832075],[86.32301231,23.17721412],[86.32372647,23.17667729],[86.32531622,23.17576113],[86.32570393,23.17558714],[86.32690607,23.1756664],[86.32776931,23.17528755],[86.3295312,23.17467618],[86.3297353,23.1744767],[86.33055845,23.17398292],[86.33117024,23.17347794],[86.33405161,23.17068682],[86.33410573,23.17057897],[86.3348352,23.16996566],[86.33553275,23.16918796],[86.3367312,23.16831288],[86.33758994,23.1674655],[86.33989068,23.16588725],[86.3410732,23.16549999],[86.34281494,23.16504715],[86.3432068,23.16503109],[86.34392688,23.16475723],[86.3442329,23.16472771],[86.34558964,23.16430579],[86.3458989,23.16427925],[86.3476347,23.16362243],[86.34811514,23.16352882],[86.34899811,23.16312006],[86.34922856,23.16309856],[86.35048605,23.16249946],[86.35104963,23.162508],[86.35128724,23.16235368],[86.35264956,23.16210305],[86.3528187,23.16220884],[86.35302212,23.16204151],[86.35382861,23.16204095],[86.35421821,23.16204073],[86.35551275,23.16218967],[86.35564453,23.16203077],[86.3568331,23.16202926],[86.35714234,23.16186681],[86.35833913,23.16201154],[86.36016239,23.16199337],[86.36094527,23.16209318],[86.36157734,23.16200882],[86.3618236,23.16206962],[86.36269775,23.16201905],[86.36297009,23.16212159],[86.36387997,23.16221063],[86.36420228,23.16212393],[86.3646793,23.16226677],[86.36587062,23.16225647],[86.36682269,23.1623951],[86.36753948,23.16238426],[86.36809332,23.16254276],[86.36888437,23.16238359],[86.3700743,23.16252241],[86.37087067,23.16251067],[86.37150235,23.16266001],[86.37308915,23.16279696],[86.37316816,23.16272365],[86.37332267,23.16270863],[86.37364227,23.16279759],[86.37491893,23.16277485],[86.37578304,23.16286251],[86.37642017,23.16286128],[86.37673582,23.16277375],[86.38034769,23.16283222],[86.38181827,23.1627451],[86.38395752,23.16303733],[86.38443424,23.16302497],[86.38507356,23.16328332],[86.3854672,23.16331844],[86.38626224,23.16367915],[86.38635756,23.16370052],[86.38657348,23.16361529],[86.3873182,23.16397883],[86.38851564,23.16474992],[86.38859028,23.16485212],[86.38922833,23.16513616],[86.39076105,23.1661591],[86.3911045,23.16647412],[86.39193997,23.16748527],[86.39217954,23.16792153],[86.3925586,23.16900337],[86.3928209,23.16952258],[86.39317504,23.17169579],[86.39307921,23.17249406],[86.3931,23.17329747],[86.39309994,23.17329777],[86.39301499,23.17373366],[86.3929436,23.17482434],[86.39256178,23.17715333],[86.39256171,23.17715363],[86.39232676,23.17831049],[86.39232669,23.17831072],[86.39199665,23.17941271],[86.3916198,23.18130989],[86.39161973,23.18131019],[86.39113595,23.18312178],[86.39103477,23.18333529],[86.39102759,23.18335043],[86.39071812,23.18501211],[86.39071799,23.18501223],[86.39063901,23.18508506],[86.39063899,23.18508524],[86.39040909,23.18686565],[86.3903676,23.18718754],[86.39033083,23.18748183],[86.39033076,23.18748201],[86.39033075,23.18748205],[86.38990009,23.18864424],[86.38979641,23.18908284],[86.38979512,23.18958882],[86.3895863,23.19032406],[86.38962255,23.19060854],[86.38934499,23.19162522],[86.3892628,23.19242148],[86.38888595,23.19320351],[86.38779237,23.19354309],[86.38714082,23.19389619],[86.38646518,23.19440061],[86.3855285,23.19551325],[86.38527703,23.19571214],[86.38400523,23.19732193],[86.38382608,23.19744966],[86.38382598,23.19744985],[86.38364795,23.19777708],[86.38331222,23.19839419],[86.38273376,23.19904805],[86.38273361,23.19904834],[86.3825498,23.19941157],[86.38206419,23.20006055],[86.38206414,23.20006064],[86.3815922,23.20092138],[86.38159215,23.20092141],[86.38016293,23.20205606],[86.37960893,23.20239731],[86.37832757,23.2030203],[86.37822048,23.20300885],[86.37822033,23.20300907],[86.37814852,23.20311305],[86.37691945,23.20392561],[86.37643727,23.2043625],[86.37522224,23.20577052],[86.37460977,23.20634799],[86.37406991,23.20697911],[86.3734968,23.20794151],[86.37349674,23.20794173],[86.37322578,23.20886981],[86.3730887,23.20909576],[86.37308869,23.20909587],[86.37307379,23.20938074],[86.37283152,23.21018212],[86.3729435,23.21068755],[86.37283598,23.2116925],[86.37299576,23.21219954],[86.37307983,23.21277527],[86.37390822,23.21415302],[86.37437807,23.21514652],[86.37514932,23.21575388],[86.37525736,23.21574103],[86.37531181,23.21586082],[86.37661513,23.21645177],[86.37686704,23.21660683],[86.37817816,23.21741366],[86.37980498,23.21807906],[86.38054635,23.21856369],[86.3814826,23.21901515],[86.382793,23.22033114],[86.38329802,23.22114493],[86.38349123,23.22164018],[86.38360939,23.22214486],[86.38341643,23.22308133],[86.3834163,23.22308145],[86.3833356,23.22315375],[86.38333556,23.22315395],[86.38325448,23.22351449],[86.38325443,23.22351461],[86.3831446,23.22379966],[86.38269892,23.22495629],[86.3826988,23.22495643],[86.3811862,23.22678057],[86.37947743,23.22825009],[86.37926685,23.22857381],[86.37878905,23.22930832],[86.37878894,23.22930841],[86.37796273,23.22994768],[86.37791823,23.23003966],[86.37782387,23.2302347],[86.37782375,23.23023479],[86.37657587,23.2311201],[86.3754827,23.23226318],[86.37492696,23.23296783],[86.37480311,23.23300468],[86.37436983,23.23345695],[86.37348381,23.23473383],[86.37283814,23.23630686],[86.37257583,23.23723988],[86.37218122,23.23775094],[86.37191151,23.23810022],[86.37144147,23.23859762],[86.37137407,23.23866893],[86.3712112,23.23879986],[86.37112788,23.23880058],[86.3699332,23.2400507],[86.36843218,23.24093514],[86.36818674,23.24100426],[86.36768831,23.24141973],[86.36634481,23.24186325],[86.36542311,23.24194314],[86.36409834,23.24101822],[86.36345271,23.24005078],[86.36317021,23.23854183],[86.3631702,23.23854178],[86.36326234,23.23832875],[86.3632624,23.23832859],[86.36327137,23.23771772],[86.36336381,23.2370702],[86.36362494,23.23620569],[86.36388417,23.23541332],[86.36388424,23.2354131],[86.36447924,23.2341865],[86.36481838,23.23346519],[86.36481843,23.2334651],[86.3649932,23.23260148],[86.36516434,23.2320254],[86.36516441,23.23202519],[86.36545177,23.23167625],[86.36545193,23.23167605],[86.36528319,23.23162864],[86.3651952,23.23149686],[86.36530963,23.22990434],[86.36527872,23.22886259],[86.36511657,23.2280374],[86.36511657,23.22803736],[86.36524991,23.22772839],[86.36552423,23.2270928],[86.36564634,23.22645727],[86.36564635,23.22645718],[86.3661386,23.22522695],[86.36613867,23.2252268],[86.36639744,23.22341989],[86.36630218,23.22306675],[86.36629371,23.2221402],[86.3662173,23.22184897],[86.36587872,23.22083597]],[[86.48618656,23.18358201],[86.48609685,23.18279903],[86.48583345,23.18200877],[86.48572232,23.18079937],[86.48561835,23.18044598],[86.48545536,23.18000938],[86.48490079,23.17897414],[86.48468526,23.17875684],[86.48444306,23.17868947],[86.48416733,23.17875037],[86.48395312,23.1789284],[86.48367736,23.17934581],[86.48327173,23.18018563],[86.4831431,23.18067344],[86.48275019,23.1815902],[86.4826679,23.18236274],[86.48232184,23.18284656],[86.48240417,23.18299261],[86.48239009,23.18313429],[86.48220891,23.18390402],[86.48134274,23.18572478],[86.48097584,23.18622607],[86.48079434,23.18630883],[86.48053605,23.18619562],[86.48045213,23.18606341],[86.48058376,23.18555308],[86.48126661,23.18429344],[86.48164227,23.18253038],[86.4813635,23.18073441],[86.48096859,23.17970428],[86.48085349,23.1792795],[86.48085544,23.17898938],[86.4806715,23.17754329],[86.48120315,23.17562778],[86.48189638,23.17378732],[86.48202556,23.17327781],[86.48215805,23.17226518],[86.48215854,23.17161116],[86.48250783,23.1692128],[86.48250851,23.16796349],[86.48259005,23.16760436],[86.48265359,23.16664607],[86.48280937,23.16562163],[86.48305964,23.16481682],[86.48322143,23.16401192],[86.48334601,23.16357752],[86.48354469,23.16320309],[86.48381076,23.1621135],[86.48402611,23.16152243],[86.48471028,23.1601122],[86.486661,23.15773846],[86.48751646,23.15486723],[86.48813976,23.15214234],[86.48901949,23.14993061],[86.48965139,23.14872306],[86.49182608,23.14549362],[86.49333477,23.1435866],[86.49417427,23.14268646],[86.49448228,23.14239473],[86.49515242,23.14156247],[86.49607328,23.1407778],[86.49696194,23.14018914],[86.49750284,23.13991677],[86.49798302,23.13963014],[86.49846335,23.1393084],[86.49905774,23.13897292],[86.49962255,23.1385971],[86.49998712,23.13834882],[86.50000015,23.13833988],[86.50078633,23.13777175],[86.50174338,23.13685752],[86.50286026,23.1354622],[86.50377082,23.13413776],[86.50454099,23.13276085],[86.50539201,23.13048532],[86.50574124,23.12844512],[86.50588053,23.12455535],[86.50569169,23.12342954],[86.50574281,23.12219214],[86.50590938,23.12107676],[86.50706069,23.11764231],[86.50800429,23.11528897],[86.5087615,23.11240576],[86.50912368,23.11036931],[86.50976436,23.10895519],[86.51017766,23.10716059],[86.51043167,23.10543737],[86.51042821,23.10381729],[86.51013866,23.10182756],[86.509547,23.10020609],[86.50870864,23.09819058],[86.50647295,23.09454089],[86.50392665,23.08952411],[86.50232877,23.08686547],[86.50191229,23.08603838],[86.50185874,23.08483406],[86.50208002,23.08356342],[86.50260266,23.08173795],[86.50324798,23.08015036],[86.50375379,23.07923704],[86.50454833,23.07841071],[86.50543632,23.07811604],[86.50630091,23.07821106],[86.50716247,23.07848543],[86.50834941,23.07920309],[86.50977395,23.08054332],[86.51049524,23.08163353],[86.51138059,23.08297468],[86.51362383,23.08786849],[86.51410734,23.08909667],[86.51544507,23.09160347],[86.51633686,23.09293882],[86.51693348,23.09436321],[86.51744754,23.09599105],[86.51760326,23.09697984],[86.51755098,23.09762856],[86.5176403,23.09803769],[86.51761229,23.09939959],[86.51736699,23.10180812],[86.51652696,23.10459378],[86.51512477,23.10887122],[86.51457091,23.11004591],[86.51340615,23.11309787],[86.512831,23.11509465],[86.51222047,23.11849394],[86.51173889,23.12056003],[86.51144121,23.12150481],[86.51125231,23.12278465],[86.511225,23.12539409],[86.5112525,23.12660239],[86.51100421,23.12936385],[86.51054685,23.13111051],[86.50987709,23.13418467],[86.50908306,23.13673771],[86.50862258,23.13781132],[86.50798959,23.13873002],[86.50719026,23.14069136],[86.50674712,23.14324604],[86.50731297,23.14753952],[86.50747381,23.15209141],[86.50739361,23.15346821],[86.50771528,23.15756016],[86.50759545,23.15887852],[86.50737473,23.1596919],[86.50637803,23.16105562],[86.50581779,23.16273715],[86.50508295,23.16673263],[86.50480397,23.16754599],[86.50433904,23.16875092],[86.50396428,23.16961374],[86.50328229,23.17067756],[86.50238856,23.17207602],[86.50167924,23.17379685],[86.50090379,23.17618587],[86.50060177,23.17729435],[86.50015879,23.17876361],[86.50000005,23.17928603],[86.49998945,23.17929209],[86.49936792,23.17964447],[86.49765979,23.18089907],[86.49607986,23.18232332],[86.49568201,23.18255861],[86.49482617,23.18329605],[86.49421091,23.18359414],[86.49323143,23.18436024],[86.49228519,23.18499727],[86.49091279,23.18625444],[86.49053449,23.18684481],[86.49024959,23.18714962],[86.48970503,23.18761805],[86.48931965,23.18770618],[86.48884098,23.18768501],[86.4880469,23.18717467],[86.4877608,23.18707218],[86.48747722,23.18677966],[86.4866481,23.18567393],[86.48645702,23.18521205],[86.48645568,23.18436594],[86.48618656,23.18358201]],[[86.4556621,23.13625254],[86.45653697,23.13624276],[86.45763863,23.13610013],[86.45866232,23.13610199],[86.45999633,23.13630285],[86.46077034,23.13662046],[86.46173604,23.13714643],[86.46291656,23.13810436],[86.46354772,23.13871999],[86.46409277,23.13951904],[86.46458162,23.14004018],[86.46585108,23.14098318],[86.46641658,23.14123306],[86.46752114,23.14123963],[86.46775146,23.14132279],[86.4690838,23.14128743],[86.46932932,23.14142258],[86.46995958,23.14142123],[86.47043027,23.14150524],[86.47097974,23.14143765],[86.47184418,23.14144953],[86.47387245,23.1418288],[86.47522638,23.1416538],[86.4756135,23.14150156],[86.47593127,23.14151675],[86.47663397,23.14136103],[86.47695688,23.14138305],[86.47747794,23.14116646],[86.47835476,23.14060176],[86.47894813,23.14004981],[86.47991609,23.13967645],[86.47999541,23.13975357],[86.48062592,23.13975881],[86.4811902,23.13995091],[86.4822041,23.14055177],[86.48241496,23.1406114],[86.4834658,23.14118072],[86.48450455,23.14253465],[86.4846186,23.14276871],[86.4846696,23.14307431],[86.48453975,23.14382512],[86.48380685,23.14542787],[86.48380044,23.14580268],[86.48458345,23.14702803],[86.48568077,23.14821474],[86.48599215,23.14868644],[86.48628503,23.14961746],[86.48629075,23.15015412],[86.48617147,23.15121807],[86.48582425,23.15211744],[86.48497097,23.15288031],[86.48450876,23.15317107],[86.48354048,23.15366148],[86.48338197,23.15366546],[86.48292408,23.15384727],[86.48126657,23.15462373],[86.48075295,23.15503128],[86.47940827,23.15570963],[86.47755984,23.1568251],[86.4759632,23.15733141],[86.47591219,23.15745387],[86.47579723,23.15743833],[86.47525827,23.15770054],[86.47440174,23.15785764],[86.47408262,23.15797477],[86.47361409,23.15798254],[86.4725841,23.15835259],[86.47235543,23.15836941],[86.47196805,23.15851679],[86.47070347,23.15918748],[86.46954875,23.15995083],[86.46913281,23.16014324],[86.46843222,23.16064933],[86.46767571,23.16137873],[86.46694905,23.16192276],[86.46689767,23.16204412],[86.46601025,23.16274282],[86.46593133,23.16274055],[86.46539029,23.1632233],[86.46469841,23.16353838],[86.46444071,23.16365579],[86.46384193,23.16407459],[86.46305004,23.16448285],[86.4615604,23.16562111],[86.46106658,23.16588267],[86.46101502,23.16600367],[86.45831067,23.16637735],[86.45767347,23.1663604],[86.45712018,23.1662014],[86.4568847,23.16619255],[86.45458141,23.16528452],[86.45426906,23.1652295],[86.45421524,23.16510655],[86.45411003,23.16511692],[86.45307821,23.16458673],[86.4526067,23.16449444],[86.45228788,23.16435074],[86.45212037,23.16435936],[86.45149304,23.16404882],[86.44904552,23.16355438],[86.44840323,23.16326618],[86.44823888,23.16327785],[86.44792752,23.1631136],[86.4477631,23.16312543],[86.44753171,23.16297942],[86.44706686,23.16281334],[86.44674224,23.16280158],[86.44649646,23.16267644],[86.44618737,23.16264865],[86.44594152,23.16252365],[86.44554805,23.16251008],[86.44437665,23.16216274],[86.44412523,23.16220716],[86.44380195,23.16206153],[86.44348751,23.16204927],[86.44308556,23.16191101],[86.44182668,23.1618833],[86.4400074,23.16156383],[86.43976135,23.16143972],[86.43944128,23.16143221],[86.43913079,23.16126909],[86.43873522,23.16127283],[86.43865577,23.16123567],[86.43865456,23.1610895],[86.43699002,23.16082196],[86.43667327,23.16090227],[86.43579964,23.16088013],[86.43541096,23.16096521],[86.43500401,23.16094779],[86.43469601,23.1611065],[86.43413411,23.16108884],[86.43382604,23.1612477],[86.43310566,23.16122939],[86.43287014,23.16135151],[86.43185138,23.16167238],[86.43161534,23.16167914],[86.43137106,23.16179994],[86.43097156,23.16180306],[86.43066333,23.16196222],[86.4302597,23.161946],[86.4300298,23.16208305],[86.42925644,23.16225614],[86.42900122,23.16223848],[86.42766066,23.1627939],[86.4266344,23.16283711],[86.42615795,23.16296799],[86.42512439,23.16295714],[86.42448534,23.16282304],[86.4242601,23.16287634],[86.42393735,23.16280243],[86.42345643,23.16280502],[86.42305866,23.16296371],[86.42275384,23.16279468],[86.42205319,23.16267059],[86.42179249,23.16274244],[86.4212409,23.16265238],[86.41861366,23.16266543],[86.41840862,23.16249959],[86.41822369,23.16251172],[86.41778985,23.16232647],[86.41746295,23.16087229],[86.41746374,23.16029058],[86.41770011,23.15898273],[86.41797916,23.15831367],[86.41798858,23.15802704],[86.41824295,23.15723261],[86.41852559,23.15670986],[86.4188507,23.15562646],[86.41944347,23.15452896],[86.41987911,23.15343858],[86.42055551,23.15218615],[86.42066077,23.15183285],[86.42172585,23.14984937],[86.42175797,23.1496431],[86.42234907,23.14824261],[86.42284778,23.14672122],[86.42312523,23.14619739],[86.42313979,23.14600471],[86.42330405,23.14577146],[86.42403588,23.14422351],[86.42409688,23.14409438],[86.42532482,23.14246822],[86.42626157,23.14146809],[86.42718781,23.14086409],[86.42889771,23.13952181],[86.42954502,23.13909483],[86.43041008,23.13876411],[86.43102997,23.1383121],[86.43136726,23.13825766],[86.43215229,23.13796607],[86.43246713,23.13793239],[86.43373919,23.13742131],[86.43445366,23.13723358],[86.4358638,23.13739381],[86.43658794,23.13772168],[86.4377723,23.13859457],[86.4381111,23.13901713],[86.43817147,23.13918235],[86.43922369,23.13989986],[86.44137234,23.14358489],[86.44165984,23.14403208],[86.44258893,23.14520212],[86.44273742,23.14535071],[86.44375367,23.14592491],[86.44439489,23.14607487],[86.44525389,23.14592952],[86.44570538,23.1457324],[86.44680673,23.14490837],[86.44753277,23.14325839],[86.44811209,23.14105499],[86.44879802,23.13972477],[86.44959279,23.13840569],[86.44998954,23.13789185],[86.45048677,23.13708448],[86.45100212,23.13669659],[86.45172089,23.13628733],[86.45219933,23.13621682],[86.45244242,23.13609397],[86.45369832,23.1359368],[86.45417323,23.13593456],[86.45440382,23.13601493],[86.45467335,23.13596575],[86.45526815,23.13609544],[86.4556621,23.13625254]],[[86.42486849,23.41185994],[86.42040938,23.41227992],[86.41840682,23.41279413],[86.41651492,23.41267322],[86.41221764,23.41141901],[86.40602057,23.40954388],[86.40081859,23.40726651],[86.40033999,23.4067608],[86.39973234,23.40577081],[86.39962639,23.4050448],[86.39980428,23.40436015],[86.40031201,23.40327368],[86.40149737,23.4016448],[86.40274064,23.40002136],[86.40403223,23.39794438],[86.40518264,23.39592615],[86.40633116,23.39434139],[86.40761178,23.39323178],[86.40934964,23.39190874],[86.41170991,23.39014469],[86.41447317,23.38875538],[86.41817006,23.38788274],[86.42085397,23.38738215],[86.42246013,23.38738812],[86.42442341,23.38734829],[86.42824765,23.38736236],[86.43085718,23.38742329],[86.43431574,23.38725703],[86.43664441,23.38678856],[86.44136732,23.38564318],[86.4444386,23.38638983],[86.44612729,23.38705746],[86.44763648,23.38733307],[86.44950568,23.38779703],[86.45074467,23.38798844],[86.45315608,23.38816326],[86.45441772,23.388334],[86.45603,23.38837746],[86.45648619,23.3882847],[86.45706383,23.38805506],[86.45906924,23.38708039],[86.46183563,23.38563459],[86.46287435,23.38527465],[86.4638298,23.38499088],[86.46472263,23.38478351],[86.46605178,23.38442458],[86.46765142,23.38387514],[86.47003463,23.38295784],[86.47175072,23.38186077],[86.47283294,23.38095611],[86.47358528,23.38043968],[86.47428973,23.38018251],[86.47483023,23.3798816],[86.47562864,23.37958152],[86.47619191,23.37943198],[86.47689573,23.37934788],[86.47811584,23.37913566],[86.48021832,23.37898794],[86.48181784,23.37881502],[86.48514412,23.37860754],[86.48786537,23.37857966],[86.49302816,23.3786472],[86.4976536,23.37933026],[86.49933243,23.379621],[86.49998701,23.37985018],[86.50000039,23.37985487],[86.50091894,23.38101869],[86.50117879,23.38150662],[86.50120639,23.38168105],[86.50141709,23.38211288],[86.5015892,23.38297309],[86.50157668,23.3831648],[86.50165447,23.38346684],[86.50164196,23.38365855],[86.50171966,23.38396038],[86.50178596,23.38464072],[86.50211086,23.38642296],[86.50215898,23.38704442],[86.50203894,23.38810318],[86.50204755,23.38872389],[86.50198693,23.38897166],[86.50204821,23.38934355],[86.50196195,23.38965523],[86.5019847,23.39009059],[86.50184415,23.39089927],[86.50185428,23.39145996],[86.50172055,23.39276897],[86.50178322,23.3941946],[86.50186054,23.39449452],[86.50185846,23.39580013],[86.50172554,23.3968623],[86.50164372,23.39812005],[86.49998745,23.39812009],[86.49998751,23.40029856],[86.49839157,23.40088502],[86.49679154,23.4014309],[86.49366544,23.40258845],[86.4915915,23.40368121],[86.48999037,23.40467179],[86.48762341,23.40590871],[86.48568493,23.40685669],[86.48502126,23.40702582],[86.48291149,23.40701887],[86.48143491,23.40690235],[86.47894923,23.40609974],[86.47708464,23.40560807],[86.47488434,23.4052918],[86.4722042,23.40528276],[86.47057539,23.40567441],[86.46784409,23.4065036],[86.46439391,23.40755102],[86.46165445,23.40844819],[86.45810038,23.40888124],[86.45680753,23.40881928],[86.45523411,23.40877074],[86.45397328,23.40852137],[86.45228936,23.40843882],[86.45048017,23.40848996],[86.44877432,23.40869488],[86.44800409,23.40892217],[86.44641991,23.40985607],[86.44550333,23.41027459],[86.44385818,23.41086314],[86.44242238,23.41110725],[86.44090975,23.41146992],[86.43896368,23.41202114],[86.4367319,23.41233629],[86.43545679,23.41244925],[86.43434201,23.41235705],[86.43290973,23.41196993],[86.42982011,23.41169428],[86.42800389,23.41168757],[86.42486849,23.41185994]]],[[[86.87267442,23.57058729],[86.87281901302299,23.57064552635334],[86.8703071195896,23.568712386227816],[86.86906325034428,23.569795507772085],[86.87267442,23.57058729]]],[[[86.8170032,23.35936154],[86.81748435,23.35966729],[86.81799085,23.35988251],[86.81838062,23.35995417],[86.81893213,23.35989474],[86.82072126,23.36055287],[86.82148290631739,23.36088144483588],[86.8176808496592,23.35868869289798],[86.81643332276731,23.35924200446424],[86.8170032,23.35936154]]],[[[86.8381106,23.38416508],[86.83773433,23.38436388],[86.83712539,23.38435971],[86.83689101,23.38426658],[86.83648448,23.38386086],[86.83594717,23.38299632],[86.83521322,23.38214858],[86.83434411,23.38115311],[86.83368801,23.38036047],[86.8328418684841,23.379394246691735],[86.83245826541342,23.379343287727828],[86.82401273952841,23.382321921978104],[86.81942880946941,23.378246305796544],[86.82248772198845,23.375089285327842],[86.82396815487424,23.37183857845323],[86.82358960826653,23.369623844019713],[86.82238932,23.36896487],[86.82098229,23.36860161],[86.81996667,23.36831553],[86.81850518,23.36767504],[86.8170688,23.36666617],[86.81554501,23.36562876],[86.81422528,23.36471107],[86.81284475,23.36393876],[86.81105685,23.362902],[86.8090058,23.36179383],[86.80700032,23.36097092],[86.80642468260076,23.360714544054584],[86.80381745315961,23.360548159883727],[86.80177300197803,23.358962888116253],[86.79983791,23.3587552],[86.79761322,23.3584165],[86.79573835,23.35828642],[86.79403714,23.35836253],[86.79300068,23.35843347],[86.78974276,23.35865796],[86.78739992,23.35865988],[86.78571858,23.35888124],[86.78454424,23.35915198],[86.78297733,23.35961919],[86.78106536,23.36010079],[86.77937775,23.36088612],[86.7778261,23.36171456],[86.77623483,23.36258227],[86.77416087,23.36385255],[86.77289997,23.3647344],[86.77199146,23.36549326],[86.77094569,23.36626996],[86.76978195,23.36706546],[86.76893002,23.36784987],[86.76779336,23.36900864],[86.76656132,23.37021185],[86.76549239,23.37094233],[86.76460408,23.37135125],[86.76332005,23.3719096],[86.76236807,23.37245492],[86.76182821,23.37296798],[86.76009775,23.37442466],[86.75879464,23.37543778],[86.757466,23.37649445],[86.75635527,23.3773245],[86.75459974,23.37862028],[86.753315,23.37926988],[86.75219955,23.3800624],[86.7513852,23.38072095],[86.7500001,23.38241546],[86.74998642,23.38246655],[86.74985465,23.38295855],[86.7496213,23.38351764],[86.74929807,23.38422967],[86.74886613,23.38506031],[86.74836648,23.38572944],[86.74801614,23.38633974],[86.74754353,23.3869564],[86.74682479,23.38818623],[86.74660146,23.38842712],[86.74623626,23.38904697],[86.74552079,23.39001681],[86.74440853,23.39125908],[86.74392112,23.39167305],[86.74254911,23.39316292],[86.7422623,23.39359537],[86.74204286,23.39407999],[86.74173828,23.39530192],[86.74158446,23.39646512],[86.74146949,23.39744195],[86.74136448,23.39787169],[86.74136134,23.39860628],[86.74121206,23.39988908],[86.74068571,23.40208337],[86.74047293,23.4033003],[86.74035732,23.40360145],[86.74017377,23.40439136],[86.74003758,23.40469695],[86.73996697,23.40529953],[86.73974407,23.40603153],[86.7396389,23.40657026],[86.73939029,23.4072861],[86.73922972,23.4075934],[86.73900748,23.40837007],[86.73788581,23.41145698],[86.73721906,23.41298207],[86.73693611,23.41351401],[86.73675492,23.41409359],[86.73631672,23.41549529],[86.73636165,23.4159743],[86.73633652,23.41662534],[86.73618338,23.41761818],[86.73622523,23.41897536],[86.73634351,23.4196793],[86.7367357,23.42055379],[86.73683446,23.420774],[86.73732053,23.42150258],[86.73817471,23.42260121],[86.73850745,23.42292226],[86.73883952,23.42339923],[86.73909371,23.42364626],[86.73989511,23.42461239],[86.73998457,23.42485871],[86.7402291,23.42514835],[86.74066268,23.42553691],[86.74076115,23.42579381],[86.74088406,23.42582718],[86.7412032,23.42618788],[86.74175004,23.42690145],[86.74190447,23.4272787],[86.7420278,23.42735482],[86.74219233,23.4275924],[86.7432077,23.42939164],[86.74380731,23.43027123],[86.74420311,23.43095644],[86.74425559,23.43112175],[86.74487486,23.43211152],[86.74546662,23.43319839],[86.74569394,23.43349942],[86.74613899,23.43486639],[86.74635487,23.43576412],[86.74641974,23.43655224],[86.74643552,23.43806359],[86.74631691,23.43889433],[86.74627279,23.44085241],[86.74634932,23.44126137],[86.74635347,23.44163604],[86.74646344,23.44214803],[86.74642284,23.44236913],[86.74648188,23.44293041],[86.74648815,23.44382622],[86.74660832,23.44422515],[86.74660634,23.44445029],[86.74668055,23.44472932],[86.74677381,23.44551897],[86.74672489,23.44630156],[86.74659433,23.44657311],[86.74602447,23.44734493],[86.74568853,23.44760445],[86.74514822,23.44792661],[86.74288985,23.44883777],[86.74270738,23.44902201],[86.74233564,23.44939633],[86.74230716,23.44942504],[86.74308502,23.44987107],[86.74393865,23.45007552],[86.74465271,23.45019317],[86.74531647,23.45030448],[86.74740626,23.45089706],[86.74835372,23.45116572],[86.74999153,23.45185218],[86.75000008,23.45185577],[86.75085025,23.45221207],[86.75230299,23.4532576],[86.7537334,23.45387721],[86.75542421,23.45454409],[86.75607559,23.45480218],[86.75749388,23.45534455],[86.75860157,23.45589987],[86.75973274,23.45661788],[86.76048054,23.45693676],[86.76144926,23.4573032],[86.76257186,23.4575025],[86.76404554,23.45774852],[86.76581721,23.45797595],[86.76735234,23.4580912],[86.769586,23.45820315],[86.77173245,23.45836424],[86.77367817,23.4584279],[86.77599604,23.45845478],[86.77783011,23.45852069],[86.78023062,23.45871971],[86.78265633,23.45881488],[86.78535624,23.45900976],[86.78702446,23.45901198],[86.78858549,23.45889701],[86.78982954,23.45883572],[86.79118521,23.45865493],[86.7934861,23.45858528],[86.79511784,23.4585724],[86.79646413,23.45876554],[86.79814297,23.45899059],[86.80005147,23.45902824],[86.80020917,23.45902457],[86.79988576,23.45981176],[86.79970922,23.46033392],[86.80004055,23.46040363],[86.80056515,23.45950179],[86.80088347,23.45900885],[86.80206903,23.4589812],[86.80353368,23.45900609],[86.80531038,23.45913162],[86.80703794,23.45930844],[86.80875438,23.45958875],[86.8099037,23.45965154],[86.8120937,23.45972777],[86.81400466,23.45984021],[86.81400887325167,23.459840244113977],[86.81178145240793,23.448972141343358],[86.81461297656199,23.445699199386798],[86.81366762105192,23.439603590808602],[86.81471105097755,23.434239317169325],[86.8218456635718,23.43410101210801],[86.82716979584889,23.437240296697883],[86.8347146304777,23.43543878902325],[86.84395383410387,23.44012080125926],[86.84961694978566,23.43674079156537],[86.85331798534614,23.432763292640026],[86.84623692413768,23.424478266303417],[86.83873668967695,23.41729916357572],[86.83952150263627,23.410088792693855],[86.83872780608439,23.40756939014358],[86.83510699446256,23.405161441220258],[86.84176000313806,23.398990083813715],[86.84163066287701,23.393576700194135],[86.83808121409508,23.387882481827855],[86.83816540417907,23.38410680056793],[86.8381106,23.38416508]]]]},"properties":{"gid":575,"objectid":575,"index_":"CHHOTANAGPUR GNEISSIC COMPLEX","age_code":96,"age":"PROTEROZOIC","supergroup":null,"group_":"CHHOTANAGPUR GNEISSIC COMPLEX","geom_id":968,"shape_leng":9598235.45094,"shape_area":73827603721.8,"stratigrap":"968,CHHOTANAGPUR GNEISSIC COMPLEX,PROTEROZOIC","stratigrap_new":"CHHOTANAGPUR-GNEISSIC-COMPLEX-PROTEROZOIC"}},{"type":"Feature","geometry":{"type":"Polygon","coordinates":[[[85.97914392,23.41508038],[85.93851956,23.40857054],[85.88176326275767,23.39262442858775],[85.87730990826314,23.400430408161746],[85.87829538730387,23.40215161302564],[85.88171994844122,23.40372121492334],[85.87845595032722,23.40802865314088],[85.87419746788518,23.410512428722583],[85.87222212123714,23.408532592124075],[85.86287584080065,23.409972876164698],[85.8613212884643,23.424236448475835],[85.89157658,23.42798729],[85.95098456,23.4383995],[86.01189119,23.4424784],[86.01673093,23.4378142],[85.97914392,23.41508038]]]},"properties":{"gid":1607,"objectid":1609,"index_":"UNCLASSIFIED METAMORPHICS Gp.","age_code":98,"age":"ARCHAEAN- PALAEOPROTEROZOIC","supergroup":null,"group_":"UNCLASSIFIED METAMORPHICS","geom_id":981,"shape_leng":99690.9740192,"shape_area":258919083.989,"stratigrap":"981,UNCLASSIFIED METAMORPHICS Gp.,ARCHAEAN- PALAEOPROTEROZOIC","stratigrap_new":"UNCLASSIFIED-METAMORPHICS-Gp-ARCHAEAN-PALAEOPROTEROZOIC"}},{"type":"Feature","geometry":{"type":"Polygon","coordinates":[[[86.19201374,23.35076863],[86.24998804,23.35138398],[86.26958403,23.34330827],[86.28793014,23.32870531],[86.29616675,23.31982227],[86.25434332,23.3043219],[86.21941926,23.3119466],[86.18056461,23.30928623],[86.13755428,23.32793109],[86.10771082,23.34150521],[86.05679166,23.33886087],[86.0310152,23.36180941],[86.02813609,23.37205928],[86.04115817,23.37716839],[86.04521171,23.37783382],[86.07188781,23.38003307],[86.11031613,23.37081549],[86.13638568,23.3603614],[86.19201374,23.35076863]]]},"properties":{"gid":1610,"objectid":1612,"index_":"UNCLASSIFIED METAMORPHICS Gp.","age_code":98,"age":"ARCHAEAN- PALAEOPROTEROZOIC","supergroup":null,"group_":"UNCLASSIFIED METAMORPHICS","geom_id":981,"shape_leng":60011.7238107,"shape_area":105581199.713,"stratigrap":"981,UNCLASSIFIED METAMORPHICS Gp.,ARCHAEAN- PALAEOPROTEROZOIC","stratigrap_new":"UNCLASSIFIED-METAMORPHICS-Gp-ARCHAEAN-PALAEOPROTEROZOIC"}},{"type":"Feature","geometry":{"type":"Polygon","coordinates":[[[86.14363456,23.51828911],[86.1420421,23.5333131],[86.11027698,23.53361763],[86.0927631,23.54577922],[86.11031619,23.54973355],[86.11190377,23.55860161],[86.14068169,23.55742258],[86.15158881755279,23.55296233291594],[86.15326583885619,23.551593875431365],[86.15273079647882,23.54824955886697],[86.14969855111376,23.541177470893967],[86.14428079569912,23.53524240766028],[86.14292962603486,23.527340862057333],[86.15163709996168,23.521205259210394],[86.14363456,23.51828911]]]},"properties":{"gid":1611,"objectid":1613,"index_":"UNCLASSIFIED METAMORPHICS Gp.","age_code":98,"age":"ARCHAEAN- PALAEOPROTEROZOIC","supergroup":null,"group_":"UNCLASSIFIED METAMORPHICS","geom_id":981,"shape_leng":20197.5452973,"shape_area":17881385.6849,"stratigrap":"981,UNCLASSIFIED METAMORPHICS Gp.,ARCHAEAN- PALAEOPROTEROZOIC","stratigrap_new":"UNCLASSIFIED-METAMORPHICS-Gp-ARCHAEAN-PALAEOPROTEROZOIC"}},{"type":"Feature","geometry":{"type":"Polygon","coordinates":[[[86.77701238,23.54529041],[86.77542095,23.52837985],[86.75000003,23.52500073],[86.74426126,23.51277717],[86.7379389,23.50000934],[86.70324869,23.49486642],[86.68563252,23.49366651],[86.64357333,23.50004949],[86.62272,23.50247062],[86.5901706,23.50888456],[86.57961182,23.50377533],[86.5708898,23.49239681],[86.54026007,23.49365754],[86.52574686,23.47596677],[86.50048705,23.47979955],[86.47533336,23.4673889],[86.44786881,23.45995897],[86.43448375,23.46550943],[86.45385212,23.47481894],[86.45744387,23.49862363],[86.44876266,23.50700355],[86.46240232,23.51586781],[86.44440369,23.52556744],[86.46180008,23.53057213],[86.4970485,23.53459238],[86.5257401,23.53763648],[86.55151156,23.53165222],[86.55764196,23.53320118],[86.58317209,23.53456925],[86.62118427,23.54867182],[86.66104495,23.55487407],[86.6903928,23.55251387],[86.71431741,23.56910798],[86.74999997,23.56065414],[86.76981629,23.55223194],[86.77701238,23.54529041]]]},"properties":{"gid":1612,"objectid":1614,"index_":"MANBHUM GRANITE","age_code":93,"age":"MESOPROTEROZOIC","supergroup":null,"group_":null,"geom_id":933,"shape_leng":87295.0903136,"shape_area":188588500.461,"stratigrap":"933,MANBHUM GRANITE,MESOPROTEROZOIC","stratigrap_new":"MANBHUM-GRANITE-MESOPROTEROZOIC"}},{"type":"Feature","geometry":{"type":"MultiPolygon","coordinates":[[[[86.45915088,22.84093514],[86.4331701345596,22.83411618628919],[86.43300757905898,22.835332986886073],[86.43322161981527,22.840590205256632],[86.43126850262573,22.84637818142692],[86.43180181248397,22.851173451045465],[86.45915088,22.84093514]]],[[[86.44212505,22.82295053],[86.45498089,22.79623361],[86.48369031,22.80779123],[86.49999495,22.77733487],[86.47850438,22.77119266],[86.47436924,22.76589182],[86.49097787,22.75025545],[86.54685473,22.72246476],[86.55916467125552,22.71712289472073],[86.55510666200611,22.707878502330907],[86.54952384838047,22.710910671429012],[86.54634897133529,22.71528948329319],[86.53925453076273,22.720649316838493],[86.53369852375451,22.71657818118408],[86.52017855258616,22.71790249994398],[86.51645071202525,22.714781187274255],[86.50995829487664,22.7160609195025],[86.50805867663824,22.708168290864524],[86.50956140023865,22.702264436307548],[86.5065916829264,22.701519782200624],[86.50035784631741,22.711039990417962],[86.49653636646723,22.71548119772566],[86.48993692267024,22.71981101020113],[86.4877474551811,22.723289105494604],[86.48162064674763,22.724742766581688],[86.4789809096638,22.722392803990807],[86.47001807681315,22.73740661938908],[86.4666692931155,22.740229269697313],[86.46604056094559,22.746449695932338],[86.45400994338296,22.759639760965303],[86.44457626689183,22.758663071859047],[86.44306286417586,22.759422124889504],[86.439825547562,22.762680825729323],[86.42886950967224,22.768428598634504],[86.42198911344924,22.77418977885038],[86.41615216482174,22.77650853563916],[86.41263392661197,22.786430019928474],[86.41796699630866,22.7898189042677],[86.42159229167359,22.808819170276173],[86.43197427592584,22.825485983582617],[86.44212505,22.82295053]]]]},"properties":{"gid":1648,"objectid":1650,"index_":"DALMA Gp.","age_code":95,"age":"PALAEOPROTEROZOIC","supergroup":null,"group_":"DALMA","geom_id":958,"shape_leng":572491.538229,"shape_area":1701892227.12,"stratigrap":"958,DALMA Gp.,PALAEOPROTEROZOIC","stratigrap_new":"DALMA-Gp-PALAEOPROTEROZOIC"}},{"type":"Feature","geometry":{"type":"Polygon","coordinates":[[[86.36280476,23.02905993],[86.36313067,23.02905342],[86.36455669,23.02770841],[86.36617024,23.02655038],[86.36812401,23.02532381],[86.36869016,23.02511096],[86.36905349,23.02493105],[86.36917101,23.02480946],[86.36993293,23.02446851],[86.37017245,23.02442443],[86.37196751,23.02367489],[86.37222438,23.02356763],[86.37239515,23.02358085],[86.37271604,23.02342237],[86.37304498,23.02343028],[86.37360043,23.02315117],[86.37378842,23.0231424],[86.37411081,23.02298955],[86.37509794,23.02271078],[86.37626954,23.02223435],[86.37631495,23.02201339],[86.37611928,23.02136789],[86.37596015,23.02113023],[86.37558184,23.02057808],[86.37538122,23.02029527],[86.37525069,23.02011137],[86.37509876,23.01984631],[86.37496027,23.0196446],[86.37389953,23.01875471],[86.37341348,23.01840902],[86.37284543,23.0180316],[86.37226318,23.01756532],[86.37206985,23.01754187],[86.37192613,23.01737479],[86.37126011,23.01689446],[86.36975582,23.01600081],[86.36934555,23.01570056],[86.36682603,23.01456113],[86.36574105,23.01425939],[86.36507818,23.01398593],[86.36480648,23.0139557],[86.3647488,23.01383571],[86.36423531,23.01360904],[86.36206045,23.01264985],[86.36012545,23.01193051],[86.35995864,23.01193057],[86.35951532,23.01173255],[86.35715539,23.01072734],[86.35710537,23.01070602],[86.355981,23.01020139],[86.35574854,23.01012923],[86.35428411,23.0095521],[86.35418438,23.00957371],[86.35386259,23.00947978],[86.35112379,23.00834433],[86.35045903,23.00817105],[86.35019237,23.00804626],[86.34986322,23.00802215],[86.34823607,23.00731154],[86.3473706,23.00702214],[86.34565213,23.00629121],[86.34547765,23.00630472],[86.34513878,23.00614547],[86.34479374,23.00615265],[86.34366982,23.00571793],[86.34342009,23.00570476],[86.3430713,23.00556886],[86.34239163,23.00557452],[86.34204256,23.00543118],[86.34102763,23.00527184],[86.34017628,23.0052774],[86.3400864,23.00520511],[86.33936253,23.00513088],[86.33805048,23.00509061],[86.33746011,23.00513152],[86.33566185,23.00475841],[86.33499196,23.00476363],[86.33464961,23.00467737],[86.33349634,23.00481962],[86.33197892,23.004808],[86.33104474,23.00489185],[86.33081754,23.00496319],[86.32937518,23.00495536],[86.32825447,23.00479944],[86.32708583,23.00478182],[86.32677639,23.00477716],[86.32535564,23.00431003],[86.32252544,23.00427043],[86.32192958,23.00453701],[86.32178631,23.00454973],[86.32156808,23.0046952],[86.32098949,23.00535658],[86.32084293,23.00538712],[86.3206769,23.0055852],[86.32061761,23.00573136],[86.32057872,23.0063111],[86.32083642,23.00746739],[86.32126695,23.00830186],[86.32195419,23.01009462],[86.32226761,23.01062426],[86.32259361,23.01140861],[86.32290675,23.0117851],[86.32381686,23.01331174],[86.32456777,23.01423985],[86.32553829,23.01500415],[86.32616126,23.01571464],[86.32626864,23.0157395],[86.32674591,23.01635457],[86.32544348,23.01621378],[86.32516571,23.01678859],[86.32722737,23.01697488],[86.32759027,23.01759126],[86.32788946,23.01809942],[86.3289646,23.0191974],[86.32922956,23.01961032],[86.33000802,23.02049313],[86.33099488,23.02179135],[86.33181368,23.02175594],[86.33152176,23.02226049],[86.33122585,23.02229011],[86.33139357,23.0226523],[86.33190593,23.02286223],[86.33366633,23.02349979],[86.33922536,23.02547209],[86.342425,23.02672757],[86.34895805,23.02847785],[86.35259873,23.02957907],[86.35658233,23.0300357],[86.35728653,23.03000593],[86.35739222,23.03000146],[86.36009031,23.02988734],[86.36122893,23.02967735],[86.36122884,23.02967706],[86.36136476,23.02950674],[86.36158415,23.02947346],[86.36216238,23.0292206],[86.36247994,23.02919653],[86.36280476,23.02905993]]]},"properties":{"gid":1649,"objectid":1651,"index_":"ACID  INTRUSIVE / GRANITE / GRANODIORITE","age_code":93,"age":"MESOPROTEROZOIC","supergroup":null,"group_":null,"geom_id":933,"shape_leng":14087.3800063,"shape_area":9804209.38118,"stratigrap":"933,ACID  INTRUSIVE / GRANITE / GRANODIORITE,MESOPROTEROZOIC","stratigrap_new":"ACID-INTRUSIVE-GRANITE-GRANODIORITE-MESOPROTEROZOIC"}},{"type":"Feature","geometry":{"type":"Polygon","coordinates":[[[86.87818699,23.60662334],[86.87797935,23.60685383],[86.87722768,23.60787598],[86.87701424,23.60810387],[86.87639051,23.60905274],[86.87610846,23.60993458],[86.87588308,23.61100634],[86.87555435,23.61261178],[86.87527559,23.61445074],[86.87493438,23.61586525],[86.87482324,23.61663266],[86.87481081,23.61732413],[86.87488142,23.61839792],[86.87499025,23.61893807],[86.87498729,23.61912951],[86.87506378,23.61947616],[86.87511573,23.62005246],[86.87520157,23.62022188],[86.87484234,23.62031788],[86.87309101,23.62058245],[86.87092559,23.62090842],[86.87081858,23.6210118],[86.87059678,23.62137362],[86.8700415,23.62298213],[86.86975044,23.62370653],[86.86963759,23.62389403],[86.86847064,23.62526026],[86.86750369,23.62647348],[86.86717421,23.62697247],[86.86676465,23.62769605],[86.86510788,23.63101586],[86.86440544,23.63260502],[86.8642289,23.63300442],[86.86342604,23.63471279],[86.8626689,23.63662426],[86.86228768,23.63742942],[86.86205922,23.63777592],[86.86172712,23.63849649],[86.86150518,23.63869521],[86.86116051,23.63952708],[86.85985944,23.63949538],[86.85906253,23.63974583],[86.85881173,23.63977864],[86.85852329,23.63988631],[86.85818271,23.63996425],[86.85759655,23.64032645],[86.85667549,23.64104117],[86.85640482,23.64110031],[86.85630339,23.64121984],[86.85602513,23.64134216],[86.85601476,23.64147579],[86.85595729,23.64155811],[86.85496245,23.6422931],[86.85439396,23.64282568],[86.85385996,23.64354636],[86.85374435,23.64377511],[86.85352424,23.64438636],[86.85290013,23.64649037],[86.85281895,23.64687538],[86.85244606,23.64817762],[86.85218299,23.64936156],[86.85215724,23.64978532],[86.85223628,23.65009289],[86.85223709,23.65024556],[86.85238487,23.65086285],[86.85286365,23.65248291],[86.85332332,23.65379136],[86.85426179,23.65591085],[86.85501248,23.65738094],[86.85516798477934,23.657626169927614],[86.86557157219134,23.654599149083705],[86.88408573678474,23.651308341414808],[86.88790723617329,23.645801366467012],[86.89318678775776,23.640931986332976],[86.89406526731514,23.637989026527237],[86.88846457190631,23.627291622483128],[86.88205685077035,23.624281719952922],[86.88178935619426,23.617740218479902],[86.87892516226205,23.605875396429592],[86.87818699,23.60662334]]]},"properties":{"gid":1651,"objectid":1653,"index_":"UPPER GONDWANA Gp. (PANCHET, SUPRA  PANCHET, PARSORA, Fm.)","age_code":63,"age":"TRIASSIC -  EARLY JURASSIC","supergroup":"GONDWANA","group_":"UPPER GONDWANA","geom_id":639,"shape_leng":78283.7307446,"shape_area":159321578.379,"stratigrap":"639,UPPER GONDWANA Gp. (PANCHET, SUPRA  PANCHET, PARSORA, Fm.),TRIASSIC -  EARLY JURASSIC","stratigrap_new":"UPPER-GONDWANA-Gp-PANCHET-SUPRA-PANCHET-PARSORA-Fm-TRIASSIC-EARLY-JURASSIC"}},{"type":"Feature","geometry":{"type":"Polygon","coordinates":[[[86.83990046,23.5832053],[86.83988899,23.58321329],[86.83984677,23.58321378],[86.83968749,23.58321551],[86.83881224,23.58346331],[86.83842962,23.58348901],[86.83788855,23.58364708],[86.83721234,23.58378856],[86.83596465,23.58410619],[86.83312047,23.58495838],[86.83282979,23.58505516],[86.83261641,23.58520617],[86.83244748,23.58518371],[86.8308223,23.58572648],[86.83007042,23.58594459],[86.82952608,23.58606566],[86.82889707,23.58624743],[86.82865066,23.58616446],[86.82856497,23.58633566],[86.82851167,23.58631724],[86.82848705,23.58636115],[86.82800024,23.5865021],[86.82796644,23.58668904],[86.82820548,23.58726638],[86.8274087,23.58717759],[86.82529065,23.58836561],[86.81650034,23.59283242],[86.81658582,23.59250757],[86.81649499,23.59240945],[86.81637555,23.59238621],[86.814956,23.59299492],[86.81299289,23.59369874],[86.81145089,23.59416632],[86.8107801,23.59433322],[86.80732248,23.59549478],[86.80705929,23.5954849],[86.80694173,23.59551696],[86.80686165,23.59563492],[86.80677966,23.59568791],[86.8060694,23.59594174],[86.80152303,23.59737718],[86.79957124,23.5980729],[86.79843885,23.59843299],[86.79825504,23.59855181],[86.81962799,23.5946533],[86.82033394,23.59470447],[86.82166546,23.59459615],[86.82320307,23.59436835],[86.82475074,23.59406089],[86.82541714,23.59401398],[86.82662628,23.59372994],[86.82721566,23.5935577],[86.82742305,23.5934008],[86.82772061,23.59346599],[86.82782675,23.5934527],[86.82796329,23.59333644],[86.82980295,23.59275095],[86.83121022,23.59246811],[86.83147077,23.59266401],[86.83253204,23.59453368],[86.8327558,23.59487563],[86.83289892,23.59500525],[86.8337634,23.59497067],[86.83426333,23.59498951],[86.83501182,23.59487451],[86.83526348,23.59488434],[86.83559597,23.59484777],[86.83717749,23.59479359],[86.83826135,23.59463864],[86.83959793,23.59429387],[86.83988967,23.59427852],[86.84035001,23.59419685],[86.84084969,23.59420483],[86.8415947,23.59433952],[86.84267401,23.59469083],[86.84292213,23.59471825],[86.84384532,23.59469099],[86.84450865,23.59439748],[86.84538925,23.59398989],[86.84564451,23.5938271],[86.84597553,23.59368925],[86.84618528,23.59363488],[86.84638097,23.59362387],[86.84777317,23.59327709],[86.84869659,23.59287036],[86.84974953,23.59229829],[86.84999514,23.59219382],[86.85033284,23.5921147],[86.85053811,23.59212493],[86.85092011,23.59203093],[86.85129377,23.5918341],[86.85184369,23.59138219],[86.85230677,23.59092782],[86.85276851,23.59062133],[86.85293974,23.59056074],[86.8533567,23.59048289],[86.8538525,23.59054274],[86.85414535,23.59045542],[86.85457073,23.59023628],[86.85473915,23.59006578],[86.85528559,23.58964939],[86.85574296,23.58922892],[86.85605464,23.58888017],[86.85651113,23.58848686],[86.85669051,23.58818707],[86.85719373,23.58762521],[86.85801512,23.58656778],[86.85826775,23.58618661],[86.85861168,23.5855782],[86.85870593,23.58530721],[86.85897916,23.58485544],[86.85913282,23.58443643],[86.85931378,23.58412765],[86.85940253,23.58386084],[86.85942297,23.58359227],[86.85930578,23.58324589],[86.85902268,23.58270582],[86.85851836,23.58228878],[86.85786653,23.58204262],[86.85720384,23.58189206],[86.85691118,23.58185727],[86.85557958,23.58181171],[86.85067114,23.58150328],[86.83990046,23.5832053]]]},"properties":{"gid":1652,"objectid":1654,"index_":"UPPER GONDWANA Gp. (PANCHET, SUPRA  PANCHET, PARSORA, Fm.)","age_code":63,"age":"TRIASSIC -  EARLY JURASSIC","supergroup":"GONDWANA","group_":"UPPER GONDWANA","geom_id":639,"shape_leng":13982.83277,"shape_area":4268216.40383,"stratigrap":"639,UPPER GONDWANA Gp. (PANCHET, SUPRA  PANCHET, PARSORA, Fm.),TRIASSIC -  EARLY JURASSIC","stratigrap_new":"UPPER-GONDWANA-Gp-PANCHET-SUPRA-PANCHET-PARSORA-Fm-TRIASSIC-EARLY-JURASSIC"}},{"type":"Feature","geometry":{"type":"Polygon","coordinates":[[[86.79802973,23.59857057],[86.7965827,23.59921888],[86.79345375,23.6000092],[86.7927059,23.60018283],[86.79116253,23.6006053],[86.78884688,23.60137777],[86.78634635,23.60205353],[86.78377927,23.6028818],[86.7833228,23.60296249],[86.78191147,23.60338348],[86.78074678,23.6037867],[86.78028733,23.60396741],[86.78008592,23.60410737],[86.78004818,23.60410266],[86.78000241,23.60409707],[86.77980031,23.60416516],[86.77755295,23.605133],[86.77726186,23.60530462],[86.77606078,23.60585856],[86.7758949,23.60597138],[86.77572911,23.60602447],[86.77419125,23.60682162],[86.77261638,23.60751993],[86.77166049,23.6079984],[86.77075425,23.60837774],[86.77020954,23.60867112],[86.77000085,23.60872964],[86.76647948,23.61046278],[86.7639819,23.6118121],[86.76120265,23.61353563],[86.76003563,23.61414181],[86.75978451,23.61429428],[86.75944795,23.61449862],[86.75844712,23.61501136],[86.75710846,23.6157756],[86.75614474,23.61641621],[86.75529816,23.6170712],[86.75445931,23.61759574],[86.75332421,23.61836232],[86.75255487,23.61895587],[86.75241517,23.61908801],[86.75163168,23.62230088],[86.75084087,23.62343896],[86.75024012,23.63108839],[86.75084073,23.63198528],[86.75503484,23.63766253],[86.7556372,23.63774733],[86.75696862,23.63772724],[86.75729473,23.63777881],[86.75741795,23.6380933],[86.75831149,23.639064],[86.75931834,23.64001381],[86.76046648,23.6408978],[86.76108337,23.64125679],[86.76190615,23.64158502],[86.76239305,23.64181434],[86.763414,23.64220021],[86.76452504,23.6427765],[86.76438296,23.64283105],[86.76409527,23.64310393],[86.76450622,23.64351011],[86.7655337,23.64370008],[86.76655888,23.6438029],[86.76763159,23.64386559],[86.76791936,23.64384932],[86.7690294,23.64390707],[86.76948354,23.64390073],[86.76977011,23.64394298],[86.7703869,23.64394583],[86.7705111,23.64397784],[86.77104619,23.64394304],[86.77158544,23.64394834],[86.77178614,23.6440289],[86.77302763,23.6438071],[86.77327626,23.64380909],[86.77347985,23.64376078],[86.77364785,23.64376785],[86.77430728,23.64368304],[86.77480208,23.64368218],[86.77575117,23.64359878],[86.77653599,23.64347477],[86.77815216,23.64314432],[86.77964179,23.6428014],[86.78076129,23.64248397],[86.78138181,23.64238304],[86.78349823,23.64157354],[86.78557968,23.64055466],[86.78683062,23.63989182],[86.78833357,23.63905251],[86.7907235,23.63756056],[86.79200928,23.63692514],[86.79242005,23.63653376],[86.79286881,23.63573229],[86.79341144,23.63491249],[86.794193,23.63398249],[86.79480531,23.63332546],[86.79589936,23.63200716],[86.796822,23.6307351],[86.79690675,23.63054286],[86.7973546,23.62984495],[86.79826661,23.62821876],[86.79896005,23.62679034],[86.79973137,23.62532279],[86.80045767,23.6237088],[86.80051572,23.62357978],[86.80098997,23.6225383],[86.80107523,23.62222732],[86.80187276,23.62045366],[86.8021601,23.61972107],[86.80238718,23.61902311],[86.80261556,23.61797963],[86.80266245,23.61751414],[86.80280012,23.61677935],[86.8028,23.616467],[86.80289448,23.61592665],[86.80289925,23.61561626],[86.80305101,23.61468597],[86.80318939,23.61410703],[86.80344828,23.61356936],[86.80450211,23.61191992],[86.80468432,23.6115795],[86.80487215,23.61140072],[86.80496024,23.61119758],[86.80507937,23.61104136],[86.80543234,23.61016149],[86.80612017,23.6078106],[86.80648548,23.60638992],[86.80672137,23.60519294],[86.80681881,23.60446106],[86.80690868,23.60411548],[86.80698791,23.6035364],[86.80673962,23.60283548],[86.80661772,23.60232404],[86.80639235,23.60190283],[86.8058773,23.60139236],[86.80538054,23.60105293],[86.80496508,23.60082054],[86.80459303,23.60063983],[86.8033912,23.60017589],[86.80318749,23.60007079],[86.80232233,23.59979626],[86.80174364,23.59966517],[86.80133294,23.59953316],[86.80009161,23.59930671],[86.79905673,23.59903351],[86.79848062,23.59880299],[86.79817866,23.59856573],[86.79802973,23.59857057]]]},"properties":{"gid":1653,"objectid":1655,"index_":"UPPER GONDWANA Gp. (PANCHET, SUPRA  PANCHET, PARSORA, Fm.)","age_code":63,"age":"TRIASSIC -  EARLY JURASSIC","supergroup":"GONDWANA","group_":"UPPER GONDWANA","geom_id":639,"shape_leng":17019.2099478,"shape_area":19147669.9631,"stratigrap":"639,UPPER GONDWANA Gp. (PANCHET, SUPRA  PANCHET, PARSORA, Fm.),TRIASSIC -  EARLY JURASSIC","stratigrap_new":"UPPER-GONDWANA-Gp-PANCHET-SUPRA-PANCHET-PARSORA-Fm-TRIASSIC-EARLY-JURASSIC"}},{"type":"Feature","geometry":{"type":"Polygon","coordinates":[[[86.78000241,23.60409707],[86.78004818,23.60410266],[86.78008592,23.60410737],[86.78028733,23.60396741],[86.78074678,23.6037867],[86.78191147,23.60338348],[86.7833228,23.60296249],[86.78377927,23.6028818],[86.78634635,23.60205353],[86.78884688,23.60137777],[86.79116253,23.6006053],[86.7927059,23.60018283],[86.79345375,23.6000092],[86.7965827,23.59921888],[86.79802973,23.59857057],[86.79817866,23.59856573],[86.79825504,23.59855181],[86.79843885,23.59843299],[86.79957124,23.5980729],[86.80152303,23.59737718],[86.8060694,23.59594174],[86.80677966,23.59568791],[86.80686165,23.59563492],[86.80694173,23.59551696],[86.80705929,23.5954849],[86.80732248,23.59549478],[86.8107801,23.59433322],[86.81145089,23.59416632],[86.81299289,23.59369874],[86.814956,23.59299492],[86.81637555,23.59238621],[86.81649499,23.59240945],[86.81658582,23.59250757],[86.81650034,23.59283242],[86.82529065,23.58836561],[86.8274087,23.58717759],[86.82820548,23.58726638],[86.82796644,23.58668904],[86.82800024,23.5865021],[86.82848705,23.58636115],[86.82851167,23.58631724],[86.82856497,23.58633566],[86.82865066,23.58616446],[86.82889707,23.58624743],[86.82952608,23.58606566],[86.83007042,23.58594459],[86.8308223,23.58572648],[86.83244748,23.58518371],[86.83261641,23.58520617],[86.83282979,23.58505516],[86.83312047,23.58495838],[86.83596465,23.58410619],[86.83721234,23.58378856],[86.83788855,23.58364708],[86.83842962,23.58348901],[86.83881224,23.58346331],[86.83968749,23.58321551],[86.83984677,23.58321378],[86.83988899,23.58321329],[86.83990046,23.5832053],[86.85067114,23.58150328],[86.87545736,23.57758342],[86.8774048572244,23.57740849395461],[86.87690663162262,23.573791336373663],[86.87281901302299,23.57064552635334],[86.87267442,23.57058729],[86.86906325034428,23.569795507772085],[86.8654422954322,23.57294851946594],[86.85772800444074,23.570429141915774],[86.8535596346039,23.568259922505163],[86.84526082,23.56842647],[86.82816522,23.57039984],[86.8133243,23.571379],[86.804554,23.57176747],[86.78786758,23.57210886],[86.77020128,23.56928225],[86.77973843,23.56360674],[86.77755319,23.5613108],[86.77185575,23.56112471],[86.75796966,23.56245682],[86.74720164,23.56435604],[86.74058673,23.56352447],[86.71431741,23.56910798],[86.70240859,23.57384874],[86.70405107,23.57494335],[86.70586421,23.57864277],[86.71117429,23.58055507],[86.70765705,23.5839055],[86.71464127,23.58358162],[86.72563604,23.58243017],[86.73237026,23.58654355],[86.72756012,23.58849126],[86.73856917,23.58927044],[86.74356903,23.58540374],[86.74060153,23.57931571],[86.7436805,23.57730784],[86.74998836,23.57735077],[86.75365831,23.58473634],[86.75698919,23.58825314],[86.75663207,23.59141636],[86.76068952,23.5946317],[86.75711858,23.59733732],[86.75947754,23.60280786],[86.75449406,23.60579101],[86.75424634,23.61157831],[86.75241517,23.61908801],[86.75255487,23.61895587],[86.75332421,23.61836232],[86.75445931,23.61759574],[86.75529816,23.6170712],[86.75614474,23.61641621],[86.75710846,23.6157756],[86.75844712,23.61501136],[86.75944795,23.61449862],[86.75978451,23.61429428],[86.76003563,23.61414181],[86.76120265,23.61353563],[86.7639819,23.6118121],[86.76647948,23.61046278],[86.77000085,23.60872964],[86.77020954,23.60867112],[86.77075425,23.60837774],[86.77166049,23.6079984],[86.77261638,23.60751993],[86.77419125,23.60682162],[86.77572911,23.60602447],[86.7758949,23.60597138],[86.77606078,23.60585856],[86.77726186,23.60530462],[86.77755295,23.605133],[86.77980031,23.60416516],[86.78000241,23.60409707]],[[86.77618324,23.58522644],[86.77528657,23.58466289],[86.77454209,23.58430375],[86.77336131,23.58356304],[86.77294692,23.58337084],[86.77266356,23.58318916],[86.77212851,23.5829238],[86.7718882,23.58289162],[86.77110412,23.58228594],[86.77031932,23.58177673],[86.76934421,23.58082281],[86.76922691,23.58072409],[86.76918566,23.58072128],[86.76867443,23.58033814],[86.76741065,23.57889794],[86.76766231,23.57849207],[86.76890384,23.57819319],[86.77006015,23.5781934],[86.77140371,23.57802875],[86.77189999,23.57798525],[86.77206421,23.57801387],[86.77227901,23.57798986],[86.77388207,23.57814911],[86.77656066,23.57860419],[86.77701504,23.57874187],[86.77961747,23.57885803],[86.77974242,23.57888869],[86.7800313,23.57884104],[86.78197179,23.57892485],[86.78325388,23.57891651],[86.7839162,23.57907796],[86.78420636,23.57910672],[86.7844946,23.57917928],[86.78585069,23.57929638],[86.78618677,23.57939436],[86.78853715,23.57989717],[86.78837429,23.5798905],[86.78868112,23.58005829],[86.79113913,23.58049583],[86.79134678,23.58058577],[86.79328708,23.58110133],[86.79357572,23.58120814],[86.79515242,23.58212499],[86.79570689,23.58267423],[86.79591536,23.58294796],[86.79657068,23.58482874],[86.79635734,23.58554668],[86.79634548,23.5857423],[86.79626436,23.58601286],[86.79605173,23.58644747],[86.79484449,23.58783955],[86.79440139,23.58825137],[86.79359725,23.5888258],[86.793437,23.58886771],[86.79280373,23.58917825],[86.79185178,23.58944525],[86.79156132,23.58955523],[86.79122581,23.58961829],[86.79117337,23.58960462],[86.79115098,23.58953776],[86.79102268,23.58940769],[86.79093018,23.58942568],[86.79090084,23.58947714],[86.79045192,23.589699],[86.79011242,23.58978573],[86.78990223,23.58979661],[86.78870679,23.58974524],[86.78829097,23.58969767],[86.78721454,23.58943816],[86.78700855,23.58942617],[86.78684507,23.58936031],[86.78668076,23.58934655],[86.78630797,23.58924043],[86.78589688,23.58919489],[86.78461928,23.58882918],[86.78441129,23.58879529],[86.78415941,23.58868967],[86.78280686,23.58826052],[86.78247323,23.58818788],[86.78198023,23.58800816],[86.78169428,23.58783154],[86.78008307,23.58727126],[86.77844485,23.58648013],[86.77725608,23.58572044],[86.7771321,23.58573583],[86.77704831,23.58571152],[86.77684087,23.58557186],[86.77618324,23.58522644]]]},"properties":{"gid":1654,"objectid":1656,"index_":"UNCLASSIFIED METAMORPHICS Gp.","age_code":98,"age":"ARCHAEAN- PALAEOPROTEROZOIC","supergroup":null,"group_":"UNCLASSIFIED METAMORPHICS","geom_id":981,"shape_leng":59392.340308,"shape_area":40903634.0081,"stratigrap":"981,UNCLASSIFIED METAMORPHICS Gp.,ARCHAEAN- PALAEOPROTEROZOIC","stratigrap_new":"UNCLASSIFIED-METAMORPHICS-Gp-ARCHAEAN-PALAEOPROTEROZOIC"}},{"type":"Feature","geometry":{"type":"Polygon","coordinates":[[[86.70701348,23.61693492],[86.70292772,23.61169941],[86.70462746,23.61037687],[86.69462505,23.60402995],[86.69912921,23.59640713],[86.6838439,23.59812358],[86.65599605,23.59704302],[86.64289363,23.59646986],[86.63640452,23.60271763],[86.6231607,23.60108397],[86.60715301,23.59865845],[86.59766228,23.59395767],[86.58735033,23.59309496],[86.56325017,23.59755794],[86.54373571,23.59868977],[86.51880229,23.59904879],[86.51321608,23.60106282],[86.52033877,23.60553181],[86.53833746,23.60866735],[86.5591906,23.61187515],[86.57823018,23.61492931],[86.5897358,23.62184231],[86.59595729,23.63001109],[86.60628037,23.62812797],[86.62690319,23.62543024],[86.63826728,23.63020872],[86.65879492,23.63289742],[86.69523048,23.62566421],[86.70701348,23.61693492]]]},"properties":{"gid":1655,"objectid":1657,"index_":"ACID  INTRUSIVE / GRANITE / GRANODIORITE","age_code":93,"age":"MESOPROTEROZOIC","supergroup":null,"group_":null,"geom_id":933,"shape_leng":44176.1976716,"shape_area":50404118.6267,"stratigrap":"933,ACID  INTRUSIVE / GRANITE / GRANODIORITE,MESOPROTEROZOIC","stratigrap_new":"ACID-INTRUSIVE-GRANITE-GRANODIORITE-MESOPROTEROZOIC"}},{"type":"Feature","geometry":{"type":"Polygon","coordinates":[[[86.50060177,23.17729435],[86.50090379,23.17618587],[86.50167924,23.17379685],[86.50238856,23.17207602],[86.50328229,23.17067756],[86.50396428,23.16961374],[86.50433904,23.16875092],[86.50480397,23.16754599],[86.50508295,23.16673263],[86.50581779,23.16273715],[86.50637803,23.16105562],[86.50737473,23.1596919],[86.50759545,23.15887852],[86.50771528,23.15756016],[86.50739361,23.15346821],[86.50747381,23.15209141],[86.50731297,23.14753952],[86.50674712,23.14324604],[86.50719026,23.14069136],[86.50798959,23.13873002],[86.50862258,23.13781132],[86.50908306,23.13673771],[86.50987709,23.13418467],[86.51054685,23.13111051],[86.51100421,23.12936385],[86.5112525,23.12660239],[86.511225,23.12539409],[86.51125231,23.12278465],[86.51144121,23.12150481],[86.51173889,23.12056003],[86.51222047,23.11849394],[86.512831,23.11509465],[86.51340615,23.11309787],[86.51457091,23.11004591],[86.51512477,23.10887122],[86.51652696,23.10459378],[86.51736699,23.10180812],[86.51761229,23.09939959],[86.5176403,23.09803769],[86.51755098,23.09762856],[86.51760326,23.09697984],[86.51744754,23.09599105],[86.51693348,23.09436321],[86.51633686,23.09293882],[86.51544507,23.09160347],[86.51410734,23.08909667],[86.51362383,23.08786849],[86.51138059,23.08297468],[86.51049524,23.08163353],[86.50977395,23.08054332],[86.50834941,23.07920309],[86.50716247,23.07848543],[86.50630091,23.07821106],[86.50543632,23.07811604],[86.50454833,23.07841071],[86.50375379,23.07923704],[86.50324798,23.08015036],[86.50260266,23.08173795],[86.50208002,23.08356342],[86.50185874,23.08483406],[86.50191229,23.08603838],[86.50232877,23.08686547],[86.50392665,23.08952411],[86.50647295,23.09454089],[86.50870864,23.09819058],[86.509547,23.10020609],[86.51013866,23.10182756],[86.51042821,23.10381729],[86.51043167,23.10543737],[86.51017766,23.10716059],[86.50976436,23.10895519],[86.50912368,23.11036931],[86.5087615,23.11240576],[86.50800429,23.11528897],[86.50706069,23.11764231],[86.50590938,23.12107676],[86.50574281,23.12219214],[86.50569169,23.12342954],[86.50588053,23.12455535],[86.50574124,23.12844512],[86.50539201,23.13048532],[86.50454099,23.13276085],[86.50377082,23.13413776],[86.50286026,23.1354622],[86.50174338,23.13685752],[86.50078633,23.13777175],[86.50000015,23.13833988],[86.49998712,23.13834882],[86.49962255,23.1385971],[86.49905774,23.13897292],[86.49846335,23.1393084],[86.49798302,23.13963014],[86.49750284,23.13991677],[86.49696194,23.14018914],[86.49607328,23.1407778],[86.49515242,23.14156247],[86.49448228,23.14239473],[86.49417427,23.14268646],[86.49333477,23.1435866],[86.49182608,23.14549362],[86.48965139,23.14872306],[86.48901949,23.14993061],[86.48813976,23.15214234],[86.48751646,23.15486723],[86.486661,23.15773846],[86.48471028,23.1601122],[86.48402611,23.16152243],[86.48381076,23.1621135],[86.48354469,23.16320309],[86.48334601,23.16357752],[86.48322143,23.16401192],[86.48305964,23.16481682],[86.48280937,23.16562163],[86.48265359,23.16664607],[86.48259005,23.16760436],[86.48250851,23.16796349],[86.48250783,23.1692128],[86.48215854,23.17161116],[86.48215805,23.17226518],[86.48202556,23.17327781],[86.48189638,23.17378732],[86.48120315,23.17562778],[86.4806715,23.17754329],[86.48085544,23.17898938],[86.48085349,23.1792795],[86.48096859,23.17970428],[86.4813635,23.18073441],[86.48164227,23.18253038],[86.48126661,23.18429344],[86.48058376,23.18555308],[86.48045213,23.18606341],[86.48053605,23.18619562],[86.48079434,23.18630883],[86.48097584,23.18622607],[86.48134274,23.18572478],[86.48220891,23.18390402],[86.48239009,23.18313429],[86.48240417,23.18299261],[86.48232184,23.18284656],[86.4826679,23.18236274],[86.48275019,23.1815902],[86.4831431,23.18067344],[86.48327173,23.18018563],[86.48367736,23.17934581],[86.48395312,23.1789284],[86.48416733,23.17875037],[86.48444306,23.17868947],[86.48468526,23.17875684],[86.48490079,23.17897414],[86.48545536,23.18000938],[86.48561835,23.18044598],[86.48572232,23.18079937],[86.48583345,23.18200877],[86.48609685,23.18279903],[86.48618656,23.18358201],[86.48645568,23.18436594],[86.48645702,23.18521205],[86.4866481,23.18567393],[86.48747722,23.18677966],[86.4877608,23.18707218],[86.4880469,23.18717467],[86.48884098,23.18768501],[86.48931965,23.18770618],[86.48970503,23.18761805],[86.49024959,23.18714962],[86.49053449,23.18684481],[86.49091279,23.18625444],[86.49228519,23.18499727],[86.49323143,23.18436024],[86.49421091,23.18359414],[86.49482617,23.18329605],[86.49568201,23.18255861],[86.49607986,23.18232332],[86.49765979,23.18089907],[86.49936792,23.17964447],[86.49998945,23.17929209],[86.50000005,23.17928603],[86.50015879,23.17876361],[86.50060177,23.17729435]]]},"properties":{"gid":2369,"objectid":2371,"index_":"UNCLASSIFIED METAMORPHICS Gp.","age_code":98,"age":"ARCHAEAN- PALAEOPROTEROZOIC","supergroup":null,"group_":"UNCLASSIFIED METAMORPHICS","geom_id":981,"shape_leng":28910.0223339,"shape_area":14519302.494,"stratigrap":"981,UNCLASSIFIED METAMORPHICS Gp.,ARCHAEAN- PALAEOPROTEROZOIC","stratigrap_new":"UNCLASSIFIED-METAMORPHICS-Gp-ARCHAEAN-PALAEOPROTEROZOIC"}},{"type":"Feature","geometry":{"type":"Polygon","coordinates":[[[86.3542514,23.2657703],[86.37089156,23.26963197],[86.37730898,23.26903234],[86.38544837,23.2698014],[86.38857074,23.26972455],[86.39169594,23.26902363],[86.39288872,23.26878756],[86.39441718,23.26822512],[86.39675078,23.26720857],[86.39870824,23.2664943],[86.40026711,23.26602124],[86.40052724,23.2659423],[86.40256134,23.2653948],[86.40447033,23.26499966],[86.40613981,23.26452306],[86.40848216,23.26399177],[86.4120017,23.26319357],[86.41434707,23.26286821],[86.41667606,23.26236781],[86.41866007,23.26191377],[86.41948404,23.26135026],[86.42014892,23.26098863],[86.4204194,23.26062561],[86.42056545,23.26001379],[86.42058676,23.25923603],[86.42049989,23.25859023],[86.42014438,23.25789382],[86.41823079,23.2568276],[86.41512146,23.25533368],[86.41301767,23.25452146],[86.40905815,23.25392736],[86.40367468,23.25354438],[86.39759843,23.25301459],[86.39350105,23.25222225],[86.39093218,23.25151727],[86.39056589,23.25145242],[86.38959489,23.25128046],[86.38618625,23.25130573],[86.38298108,23.25102907],[86.38165086,23.25091418],[86.37325011,23.25041067],[86.37296949,23.25036363],[86.36832814,23.25045279],[86.36522179,23.25044023],[86.36027617,23.25064226],[86.35086626,23.25147576],[86.34815873,23.25205421],[86.34511073,23.25197604],[86.33859298,23.25109775],[86.32605497,23.25115028],[86.32484534,23.25114508],[86.32003418,23.25144345],[86.31582741,23.25182415],[86.31118777,23.25225956],[86.30986188,23.25254888],[86.30714307,23.25285308],[86.30488231,23.25288526],[86.30332961,23.25287838],[86.29937962,23.25266237],[86.29727939,23.25252248],[86.29447119,23.2525472],[86.29005045,23.25250424],[86.28697184,23.25271673],[86.28476358,23.25280963],[86.281518,23.25366143],[86.27920219,23.25424507],[86.27728402,23.25453328],[86.27560399,23.25457136],[86.27441688,23.25436019],[86.27249894,23.25425994],[86.27093888,23.25435555],[86.26927972,23.25447351],[86.26791661,23.25445694],[86.2648768,23.25435855],[86.26156062,23.25424643],[86.26040377,23.25429068],[86.25874953,23.25428285],[86.25794211,23.25435349],[86.25667703,23.254509],[86.25454487,23.25457472],[86.25381867,23.25484678],[86.25281266,23.25589366],[86.252111,23.25747773],[86.25179159,23.25953744],[86.25246877,23.2656882],[86.25504252,23.27383438],[86.25684598,23.27779992],[86.25992531,23.28066971],[86.26198497,23.28168693],[86.27065947,23.2817298],[86.27325821,23.28156292],[86.27492793,23.28110541],[86.27671177,23.28104209],[86.27760867,23.28082865],[86.28753601,23.27980334],[86.30199769,23.27674429],[86.31092506,23.27428882],[86.32066496,23.2726507],[86.32775366,23.27070968],[86.34142607,23.26800523],[86.3542514,23.2657703]]]},"properties":{"gid":2370,"objectid":2372,"index_":"UNCLASSIFIED METAMORPHICS Gp.","age_code":98,"age":"ARCHAEAN- PALAEOPROTEROZOIC","supergroup":null,"group_":"UNCLASSIFIED METAMORPHICS","geom_id":981,"shape_leng":37666.3491071,"shape_area":37121899.1872,"stratigrap":"981,UNCLASSIFIED METAMORPHICS Gp.,ARCHAEAN- PALAEOPROTEROZOIC","stratigrap_new":"UNCLASSIFIED-METAMORPHICS-Gp-ARCHAEAN-PALAEOPROTEROZOIC"}},{"type":"Feature","geometry":{"type":"Polygon","coordinates":[[[86.60465179,22.79566286],[86.60351673,22.7979389],[86.60332311,22.79832689],[86.59951051,22.80698351],[86.59902459,22.80809575],[86.59860479,22.80929174],[86.59853905,22.80948132],[86.59803666,22.81089845],[86.5951152,22.81748602],[86.59503772,22.81864901],[86.59492809,22.82029747],[86.59470236,22.82094739],[86.59343589,22.82454201],[86.59289363,22.82692572],[86.59254657,22.82842678],[86.59255309,22.82868875],[86.59256017,22.83152103],[86.59297563,22.83419399],[86.59396796,22.83655897],[86.59517947,22.8379849],[86.59617516,22.83881636],[86.59632806,22.83943781],[86.5973946,22.8414619],[86.59905918,22.84255702],[86.60123664,22.84432415],[86.60580569,22.84515764],[86.60880318,22.84544736],[86.61044006,22.84595727],[86.61129308,22.84634102],[86.61257388,22.84617477],[86.61283019,22.84603538],[86.61727132,22.84254982],[86.61960699,22.84040079],[86.62014151,22.83943989],[86.62042939,22.83733111],[86.62117617,22.8356186],[86.62328537,22.83315275],[86.62544884,22.83095122],[86.62785724,22.82893547],[86.6308962,22.82687137],[86.63330316,22.82587871],[86.63518962041805,22.824985842303235],[86.63069287565153,22.822749419381246],[86.61476945981151,22.82256211342205],[86.61274498293515,22.820497490341562],[86.6124551606698,22.816631444261642],[86.61009181861598,22.813880233087232],[86.60871847852154,22.80813248721236],[86.60495050330883,22.803107070611787],[86.6069259002715,22.795780751103962],[86.60468748190888,22.795573005455513],[86.60465179,22.79566286]]]},"properties":{"gid":3623,"objectid":3647,"index_":"KUILAPAL GRANITE","age_code":93,"age":"MESOPROTEROZOIC","supergroup":null,"group_":null,"geom_id":933,"shape_leng":35542.1561352,"shape_area":69511649.2835,"stratigrap":"933,KUILAPAL GRANITE,MESOPROTEROZOIC","stratigrap_new":"KUILAPAL-GRANITE-MESOPROTEROZOIC"}},{"type":"Feature","geometry":{"type":"MultiPolygon","coordinates":[[[[85.88625118,23.15442719],[85.88742215,23.15478967],[85.88852079,23.15512539],[85.88986543,23.1556492],[85.89165276,23.15613678],[85.89392285,23.15694346],[85.89546998,23.15744127],[85.89730627,23.15804705],[85.89880983,23.15841118],[85.90050988,23.1587674],[85.90289581,23.15956309],[85.9045442,23.1600761],[85.90474664,23.16014367],[85.90640811,23.16013359],[85.90913402,23.16016996],[85.91137328,23.1603235],[85.91247136,23.1604475],[85.91392078,23.16026866],[85.91471535,23.16003013],[85.91513402,23.15943149],[85.91561684,23.15893485],[85.91662825,23.1577595],[85.91728259,23.15718604],[85.91827478,23.15678823],[85.91924797,23.15635565],[85.91997853,23.15627115],[85.92082224,23.15641421],[85.92234148,23.15694458],[85.92298005,23.15745387],[85.923431,23.15787501],[85.92400059,23.15889783],[85.92443263,23.15924928],[85.92511023,23.16016072],[85.92531687,23.16033648],[85.92685291,23.16032841],[85.92891307,23.16032463],[85.93073983,23.16014517],[85.93294792,23.15991807],[85.93545528,23.15980008],[85.93771833,23.15961194],[85.93889597,23.15941403],[85.93977459,23.15931836],[85.94040165,23.15920447],[85.9413791,23.15892227],[85.94214187,23.15883939],[85.94278708,23.15873702],[85.94345249,23.15880009],[85.944548,23.15885043],[85.94625072,23.15922147],[85.948247,23.15978217],[85.95063367,23.16040686],[85.95222759,23.16095057],[85.95387024,23.1614579],[85.95453428,23.16147047],[85.9551002,23.16138952],[85.95677718,23.16087135],[85.95814152,23.16038472],[85.95954504,23.16001014],[85.9606951,23.15977825],[85.96222616,23.15925467],[85.96333672,23.15902349],[85.96575272,23.15869822],[85.9687118,23.1580597],[85.97207826,23.15745865],[85.97442469,23.1572914],[85.9762528,23.15711455],[85.97745918,23.15717865],[85.97928718,23.15717588],[85.98039484,23.15709007],[85.98173613,23.15710941],[85.98206587,23.15701069],[85.9827425,23.15645532],[85.98346007,23.15625965],[85.98520694,23.15607132],[85.9876824,23.15570302],[85.98935119,23.15552997],[85.99072923,23.15536215],[85.99177713,23.15506288],[85.99201051,23.15507348],[85.9926343,23.15527589],[85.99390302,23.15580056],[85.99613816,23.15766669],[86.00107751,23.16409002],[86.00159669,23.1642386],[86.00264555,23.16476354],[86.00362818,23.16492289],[86.00479387,23.16475498],[86.00553,23.16462672],[86.00681829,23.16432825],[86.00792282,23.16417097],[86.00902745,23.1640165],[86.01007092,23.16387001],[86.01080761,23.16381072],[86.01160571,23.16368807],[86.0124035,23.16332829],[86.0132007,23.16243293],[86.01377782,23.16195251],[86.01424321,23.16128413],[86.01491788,23.16058183],[86.0153197,23.16024855],[86.01589999,23.16022102],[86.01620728,23.16038126],[86.01645354,23.16078375],[86.0168233,23.16153507],[86.01700882,23.16223663],[86.01731773,23.16310672],[86.01854618,23.16279324],[86.0192219,23.16263423],[86.02020515,23.16251765],[86.02100433,23.16253138],[86.02118872,23.16252099],[86.02278615,23.16202158],[86.02395345,23.16154875],[86.02536684,23.16100797],[86.02663651,23.16044513],[86.02714901,23.16021876],[86.02773721,23.15997219],[86.02856278,23.15962724],[86.03117793,23.1585179],[86.03231343,23.15800744],[86.03409675,23.15706152],[86.03546101,23.15653515],[86.03632083,23.15620457],[86.03643492,23.15616076],[86.03815729,23.15510894],[86.04024905,23.15381565],[86.04043072,23.15263697],[86.04079872,23.15198132],[86.04135234,23.15161449],[86.04184408,23.15113229],[86.04276695,23.15052224],[86.04368959,23.14979587],[86.04479717,23.14906623],[86.04553582,23.14863913],[86.04652141,23.14826586],[86.04769313,23.14818241],[86.04857085,23.14816722],[86.0493599,23.14844084],[86.05022759,23.14872168],[86.05121268,23.14881335],[86.05219317,23.14868309],[86.05300271,23.14872047],[86.05436593,23.14854454],[86.05571926,23.14855386],[86.05701611,23.14847273],[86.05911619,23.14832059],[86.06877938,23.1412385],[86.06872887,23.14119178],[86.06823137,23.14061543],[86.06798177,23.14015241],[86.06791848,23.13986198],[86.06791616,23.13939594],[86.06803663,23.13875369],[86.06852886,23.13828204],[86.0690199,23.13757752],[86.06957211,23.13675597],[86.06975445,23.13617157],[86.06974976,23.13529787],[86.06943518,23.13431075],[86.06937172,23.13402011],[86.06930405,23.13297198],[86.072112,23.12881186],[86.07267639,23.12816467],[86.07384295,23.12681579],[86.07488795,23.12581789],[86.07580995,23.12493776],[86.07759631,23.12381874],[86.07796472,23.12340885],[86.07913604,23.12281866],[86.08086334,23.12210844],[86.08277633,23.1213973],[86.08407187,23.12086512],[86.08462749,23.12068688],[86.08697119,23.11962481],[86.08826643,23.11903505],[86.08906912,23.11879729],[86.09042624,23.11820729],[86.09186535,23.11754902],[86.0930202,23.1174929],[86.09450279,23.11713459],[86.09617157,23.11683303],[86.09753175,23.11664965],[86.09876982,23.1166992],[86.09957315,23.11651967],[86.10012801,23.11622576],[86.10080541,23.11575696],[86.10179398,23.11551813],[86.10303058,23.11533561],[86.10438999,23.11503626],[86.1052535,23.11462428],[86.10611665,23.11415431],[86.10692084,23.1140908],[86.10842414,23.11415049],[86.1095818,23.11401431],[86.11168622,23.11399962],[86.11292582,23.11422288],[86.11422641,23.11432961],[86.11534133,23.11443771],[86.11620784,23.11443154],[86.11775356,23.11418859],[86.11966899,23.11371104],[86.12213195,23.11315809],[86.12368347,23.11246475],[86.12553418,23.11158175],[86.12719965,23.11075804],[86.12892789,23.11004975],[86.13087848,23.10966258],[86.1318939,23.10933216],[86.13350266,23.10926213],[86.13536047,23.10942195],[86.13646039,23.10976978],[86.13740975,23.1104498],[86.13884046,23.11154033],[86.1406299,23.11331884],[86.14301108,23.11516093],[86.14487916,23.11688618],[86.14605869,23.11745706],[86.1470534,23.11814541],[86.1483611,23.11935335],[86.14929595,23.12033225],[86.15004451,23.12119665],[86.15116677,23.12240635],[86.15247458,23.1236149],[86.15393153,23.12351714],[86.15469788,23.12313428],[86.15537311,23.12243297],[86.15580395,23.12213962],[86.15703581,23.121434],[86.15870136,23.12084094],[86.16067509,23.12012919],[86.16184576,23.11953949],[86.16345552,23.11851461],[86.16436849,23.11777742],[86.1659072,23.11677743],[86.16701511,23.11607117],[86.16775333,23.11554204],[86.16978378,23.11412976],[86.17156772,23.11283491],[86.17310478,23.1115996],[86.17478967,23.11048368],[86.17661106,23.10906367],[86.17833442,23.10799781],[86.18011935,23.10693014],[86.18291115,23.10562467],[86.18510716,23.10453891],[86.18738488,23.10345877],[86.18947819,23.10261203],[86.19224838,23.10157706],[86.19415688,23.10101993],[86.19652223,23.10022427],[86.198959,23.10011437],[86.20104936,23.09937074],[86.20332307,23.0985029],[86.20608802,23.09761915],[86.20858155,23.097042],[86.213031,23.09673078],[86.21763493,23.0963524],[86.22039409,23.09584449],[86.22376625,23.09565907],[86.22768657,23.09525964],[86.23191063,23.09506672],[86.23594871,23.09510721],[86.23845459,23.09479497],[86.24187714,23.09442584],[86.24517862,23.09368023],[86.24775639,23.09331742],[86.24898943,23.09292171],[86.24998843,23.09222256],[86.25000007,23.09221435],[86.25031199,23.09172679],[86.25075987,23.09122856],[86.25139898,23.09060465],[86.25206585,23.08986249],[86.25319108,23.08884879],[86.25389335,23.08839925],[86.25489676,23.08773499],[86.2563966,23.08698014],[86.25749158,23.08648443],[86.25846008,23.08618131],[86.25941959,23.08571335],[86.26037631,23.08533956],[86.26147287,23.08484222],[86.26291249,23.08424237],[86.26398939,23.08361788],[86.2653272,23.0829336],[86.266185,23.08243153],[86.26785195,23.08167271],[86.26868145,23.0810634],[86.26980206,23.08060373],[86.27058999,23.08005343],[86.27142438,23.07971451],[86.27235122,23.0791316],[86.27352959,23.07855088],[86.2742904,23.07803379],[86.27436877,23.07803729],[86.27565813,23.07734874],[86.27591718,23.07711126],[86.27687052,23.07651762],[86.27763299,23.07590101],[86.2777115,23.07590406],[86.27840988,23.07538182],[86.27890441,23.07513623],[86.27944095,23.07471082],[86.28099683,23.07374348],[86.28151736,23.07333528],[86.28296326,23.07192242],[86.28318066,23.07181907],[86.28438261,23.07090725],[86.28464394,23.07079762],[86.28709851,23.06901911],[86.28766653,23.06869016],[86.28981045,23.06718847],[86.29060484,23.06673586],[86.2921475,23.0656475],[86.29279068,23.06534501],[86.29416254,23.06437527],[86.29599128,23.06359055],[86.29604142,23.0634703],[86.29706849,23.06304762],[86.29728948,23.0628761],[86.2985707,23.06262113],[86.29876988,23.06246496],[86.29964342,23.06206594],[86.30013025,23.06195757],[86.30096661,23.06165778],[86.3017537,23.06125488],[86.30265821,23.06102369],[86.30386872,23.06053452],[86.30480686,23.06025461],[86.30676425,23.05941373],[86.30785537,23.05910718],[86.30864324,23.05873904],[86.31028569,23.05827844],[86.31051835,23.05826854],[86.3107603,23.05815009],[86.3127994,23.05755185],[86.31397641,23.05702405],[86.31439353,23.05695444],[86.31498438,23.05675117],[86.31560915,23.05642724],[86.31632048,23.05615771],[86.31660371,23.05616255],[86.31805954,23.05561108],[86.31978399,23.0553216],[86.32088377,23.05488895],[86.32105201,23.05490142],[86.32129133,23.05479743],[86.3227035,23.0544705],[86.32286364,23.05448184],[86.32491024,23.05364469],[86.32531888,23.05338085],[86.32624607,23.05294131],[86.32649959,23.05287837],[86.32736137,23.05236364],[86.3279716,23.0520769],[86.32878647,23.0517735],[86.32985952,23.05159034],[86.33027869,23.05143606],[86.33295356,23.05148674],[86.33472434,23.05208412],[86.33600954,23.05271009],[86.33680955,23.05292906],[86.33696759,23.05292555],[86.33721758,23.05305387],[86.33808529,23.05306935],[86.33839303,23.05325481],[86.33983521,23.05338422],[86.34024167,23.05351778],[86.340402,23.05350778],[86.34072019,23.05366292],[86.34128088,23.05365248],[86.34159453,23.05381376],[86.34207265,23.05382205],[86.34265663,23.05400294],[86.34312463,23.05424699],[86.34360077,23.05424325],[86.34478973,23.05391735],[86.34487266,23.05409883],[86.34526628,23.05395018],[86.34582958,23.05396133],[86.34637942,23.05380553],[86.34789773,23.05381217],[86.3482902,23.05366089],[86.34885247,23.053668],[86.34917072,23.05353075],[86.34964425,23.05351786],[86.34990105,23.05344156],[86.35083948,23.05351167],[86.35131419,23.05341396],[86.35187784,23.05345591],[86.35219438,23.05337028],[86.35332281,23.05338656],[86.3537032,23.05322049],[86.35459812,23.05324078],[86.35497859,23.05307469],[86.35594678,23.05308518],[86.35634006,23.05293261],[86.35674358,23.0529394],[86.35706284,23.05280188],[86.35737875,23.05279705],[86.35768883,23.05263719],[86.35793622,23.05265136],[86.35824744,23.05249219],[86.35841388,23.05250579],[86.35872404,23.05234593],[86.35896731,23.05234076],[86.3592874,23.05220431],[86.35960505,23.05219491],[86.35985104,23.05207352],[86.36008736,23.05206195],[86.36083841,23.05179657],[86.3613597,23.0516214],[86.36159755,23.05161213],[86.36191803,23.05147559],[86.36248224,23.05148186],[86.36280681,23.05132599],[86.36321563,23.0513039],[86.363437,23.051195],[86.36399961,23.05118929],[86.36431988,23.05105157],[86.36479859,23.05104288],[86.36519344,23.05089001],[86.36575795,23.05089603],[86.36615287,23.05074315],[86.36647526,23.05075291],[86.36678658,23.05059277],[86.36727485,23.05060617],[86.36758626,23.0504461],[86.36807805,23.0504599],[86.36863217,23.05030278],[86.3692786,23.05031212],[86.36999317,23.05015447],[86.37288349,23.05015744],[86.37351902,23.05000092],[86.37432536,23.05000811],[86.37471918,23.04991995],[86.37528283,23.0499346],[86.37560177,23.0498481],[86.37632717,23.04985273],[86.37664884,23.0497145],[86.3771283,23.04970501],[86.37745004,23.0495667],[86.37776298,23.04954171],[86.37897643,23.04901813],[86.37963596,23.04857017],[86.37969336,23.04834601],[86.37966048,23.0482012],[86.37952317,23.0480441],[86.3789567,23.04775439],[86.37848636,23.04766427],[86.37751923,23.04767491],[86.3771215,23.0475244],[86.376153,23.04753846],[86.37583436,23.04745445],[86.37551615,23.04753731],[86.37358429,23.04753248],[86.37318999,23.0476205],[86.37262547,23.04760573],[86.37230636,23.047692],[86.37149972,23.0476871],[86.37117812,23.04782502],[86.37069825,23.04783414],[86.37037672,23.04797198],[86.37005739,23.04798064],[86.36973594,23.04811848],[86.36919214,23.04818592],[86.3682146,23.04798496],[86.36772561,23.0480115],[86.36747219,23.04795152],[86.36736163,23.04778928],[86.36740683,23.04761696],[86.36910756,23.04673447],[86.37077457,23.04597278],[86.37100932,23.04592826],[86.37228326,23.04536401],[86.37245056,23.04537727],[86.37349677,23.0449445],[86.37373024,23.04491987],[86.37397851,23.04479824],[86.37421609,23.04479294],[86.37452947,23.04463287],[86.37477099,23.04462427],[86.37510619,23.04451384],[86.37629805,23.04432971],[86.37670508,23.04419551],[86.37694857,23.04419835],[86.37838222,23.04389464],[86.3791234,23.04390809],[86.37951895,23.04381979],[86.38056747,23.04383212],[86.38088997,23.04375132],[86.38185533,23.04388909],[86.38282241,23.04388227],[86.38322028,23.04403232],[86.38473605,23.04417548],[86.38579822,23.04415425],[86.38651567,23.04430636],[86.38932996,23.04428833],[86.39084029,23.04457872],[86.39302124,23.04455681],[86.39414593,23.0444068],[86.39535105,23.04440238],[86.39574952,23.04424814],[86.39616195,23.04426744],[86.39783745,23.04394577],[86.39816202,23.04395082],[86.39848576,23.04381181],[86.398802,23.04379612],[86.40073062,23.04335568],[86.40138372,23.04307658],[86.40174568,23.04299845],[86.40273211,23.04231421],[86.40281898,23.04225398],[86.40397799,23.04168754],[86.40516043,23.0409858],[86.40671953,23.04032882],[86.40792332,23.03973101],[86.40906028,23.03930007],[86.41002333,23.0388219],[86.41025841,23.03877651],[86.41082572,23.03851995],[86.41106221,23.03851368],[86.41137917,23.03835319],[86.41154523,23.03836572],[86.41186112,23.03820453],[86.41218825,23.03821662],[86.41250414,23.03805543],[86.41283112,23.03806752],[86.41314701,23.03790633],[86.4133175,23.03792003],[86.41387522,23.03776072],[86.41419305,23.03774944],[86.41484614,23.03747967],[86.41515867,23.03745359],[86.4157436,23.03725137],[86.41599063,23.03707852],[86.41645775,23.0368903],[86.41669602,23.03688086],[86.41702036,23.03674188],[86.41733273,23.03671581],[86.41758281,23.03659346],[86.41798068,23.03658275],[86.41837965,23.03642821],[86.41878368,23.03643595],[86.41934089,23.03627619],[86.41958523,23.03628499],[86.42022203,23.03612434],[86.42061581,23.03610897],[86.42102323,23.03597273],[86.42174247,23.03596962],[86.42341902,23.03580826],[86.42445589,23.03579318],[86.42532145,23.03593847],[86.42572462,23.03592283],[86.42627164,23.0360714],[86.42699244,23.03605154],[86.42730664,23.03613272],[86.4281828,23.03611917],[86.42857558,23.03602745],[86.42897744,23.0360328],[86.42937429,23.03587588],[86.42969537,23.03587847],[86.43010079,23.03574021],[86.43049232,23.03572275],[86.43105023,23.03556899],[86.43128894,23.03556674],[86.43169394,23.03542812],[86.43208,23.03539557],[86.43240199,23.03525413],[86.43343372,23.03508588],[86.43375545,23.03494423],[86.43399653,23.03494743],[86.43440087,23.03480839],[86.43486538,23.03477416],[86.43511327,23.03464951],[86.43550165,23.03461923],[86.4358229,23.03447737],[86.43622168,23.03447771],[86.43662536,23.03433839],[86.43709427,23.03431847],[86.43764978,23.03416329],[86.43796636,23.03415901],[86.43836955,23.03401941],[86.43939376,23.03384504],[86.43979654,23.0337053],[86.44018578,23.03368641],[86.44161093,23.03322016],[86.44185095,23.03322288],[86.44225308,23.03308286],[86.44263661,23.03304904],[86.44295622,23.03290649],[86.44335337,23.03290613],[86.44375509,23.03276605],[86.44406475,23.03274843],[86.44461361,23.03258283],[86.4449331,23.03258767],[86.44548892,23.03243053],[86.44580354,23.03227494],[86.44651456,23.03212446],[86.44722987,23.03183103],[86.44746891,23.03182152],[86.45014616,23.03070964],[86.45069291,23.03039737],[86.4523461,23.02964881],[86.45281443,23.02933704],[86.45440058,23.02860088],[86.45543463,23.0280011],[86.45671419,23.02746356],[86.45758623,23.02703048],[86.45859286,23.02636819],[86.45915124,23.02608227],[86.45930958,23.02593568],[86.46064443,23.02533748],[86.46069821,23.02521671],[86.46081088,23.02522417],[86.46124231,23.02500173],[86.4615143,23.02493817],[86.46204179,23.02464771],[86.46275367,23.02445679],[86.46330998,23.02417344],[86.4635506,23.02418385],[86.46463908,23.02372192],[86.46486907,23.0237138],[86.46550223,23.02344092],[86.4658025,23.02340293],[86.46643351,23.02312421],[86.46736632,23.02295808],[86.46768282,23.02282274],[86.46791573,23.02285524],[86.46900729,23.02251763],[86.46924574,23.02238366],[86.46948243,23.02237553],[86.46978742,23.02221411],[86.46994887,23.02222548],[86.47025485,23.02206475],[86.47048446,23.02205716],[86.47072584,23.0219346],[86.47095695,23.02192261],[86.47212309,23.02162052],[86.47258984,23.02161592],[86.47320676,23.02145473],[86.47367756,23.02145972],[86.4749189,23.02115714],[86.47592309,23.0212941],[86.47693167,23.02112226],[86.47849065,23.02055982],[86.47887081,23.02050753],[86.47950098,23.02026826],[86.48002506,23.02019813],[86.48041198,23.02022961],[86.48111165,23.02007556],[86.48135569,23.01996787],[86.48165692,23.01993822],[86.48189621,23.01981771],[86.48212072,23.01979243],[86.48280702,23.0194857],[86.48389637,23.01921143],[86.48413496,23.01909145],[86.48451317,23.01906548],[86.4847516,23.01894566],[86.48505782,23.01893494],[86.48544788,23.01880254],[86.4869034,23.01849878],[86.48744238,23.01849745],[86.48820462,23.0183423],[86.4887326,23.01827613],[86.48935854,23.01820656],[86.48982883,23.01809932],[86.49035885,23.01807579],[86.49112202,23.01799075],[86.49179823,23.01791108],[86.49362701,23.0179161],[86.49383475,23.01793926],[86.49407939,23.01798017],[86.49430719,23.01800078],[86.49528869,23.01806235],[86.4956512,23.01813507],[86.49595999,23.01822088],[86.49620237,23.01826916],[86.49655826,23.01836682],[86.4974451,23.0186855],[86.49845658,23.01899038],[86.49891665,23.01912217],[86.49938447,23.0191758],[86.49959914,23.01920874],[86.49975736,23.01923118],[86.49999629,23.01925118],[86.50000021,23.01925149],[86.50154253,23.01969585],[86.50572256,23.02173132],[86.50879874,23.02328421],[86.50966031,23.02366779],[86.51094644,23.02392331],[86.51223514,23.02403054],[86.51235508,23.02404051],[86.51350591,23.02389954],[86.51544029,23.02314018],[86.51921896,23.02086097],[86.52221859,23.01916047],[86.52612141,23.01647789],[86.52935757,23.01409475],[86.53096314,23.01231011],[86.53392231,23.00945422],[86.53574322,23.00778843],[86.53763662,23.00573955],[86.54069371,23.00271919],[86.54280783,23.00132593],[86.54530354,23.00002959],[86.55493079,23.00003427],[86.54530242,23.00002948],[86.54533857,23.0000038],[86.54670198,22.99903406],[86.55195818,22.99675663],[86.55601397,22.99579009],[86.55827071,22.99475528],[86.56491246,22.99167496],[86.56980287,22.98956982],[86.57219924,22.98884228],[86.5751147,22.98868976],[86.57743901,22.98827586],[86.57932353,22.98856319],[86.58127689,22.98881008],[86.58245544,22.98902997],[86.5855473,22.9897134],[86.58837014,22.99042538],[86.59077541,22.99129208],[86.59332072,22.99222915],[86.59505272,22.99289761],[86.59754069,22.99364701],[86.59984644,22.99417006],[86.60190775,22.99445754],[86.60447111,22.99437359],[86.60804939,22.9941815],[86.61405393,22.99420077],[86.61503813,22.99406311],[86.6178231,22.99348267],[86.62063473,22.99305803],[86.62307437,22.99239303],[86.62600034,22.99185345],[86.62831701,22.99107969],[86.63082205,22.99035376],[86.63278303,22.9898321],[86.63501302,22.98928614],[86.63680612,22.98812937],[86.63928229,22.98639602],[86.64210803,22.98461136],[86.64549969,22.98334969],[86.64799295,22.98248574],[86.64991339,22.98176503],[86.65031636,22.98242765],[86.6514827,22.98171649],[86.65102407,22.98113279],[86.6515907,22.98074104],[86.65404661,22.9804957],[86.65632536,22.97988637],[86.66142964,22.97884258],[86.66426809,22.97801979],[86.66723029,22.97681094],[86.6697809,22.97517431],[86.67504012,22.97233719],[86.68233518,22.96811491],[86.68365896,22.96724805],[86.68496111,22.96610326],[86.68577257,22.9649756],[86.68619967,22.96458795],[86.6868227,22.96427306],[86.68808839,22.96370863],[86.68984664,22.96305713],[86.69111377,22.96291277],[86.6925992,22.96331312],[86.69439735,22.96332792],[86.69593106,22.96275038],[86.70029113,22.96142389],[86.70779198189265,22.959303227556237],[86.70582425876692,22.95382911884823],[86.70256020114853,22.94875909510865],[86.69780679378717,22.948045648654357],[86.69750802483158,22.945147274733483],[86.69590723744268,22.943871937036658],[86.69342799537975,22.93650106245618],[86.69113152393366,22.935890131400754],[86.69146597342436,22.93346882577782],[86.68811722774339,22.930191407264672],[86.68712724764903,22.926713327071877],[86.68995878190916,22.92134009264781],[86.69262085900714,22.91878060411647],[86.69296420852058,22.91411190236176],[86.69864064906568,22.906932744252924],[86.69689273939943,22.90373114002836],[86.7028411226096,22.898001128118906],[86.70320237081253,22.89552192254553],[86.70220347925986,22.89297131527113],[86.70334505696647,22.891370453492744],[86.6994477632499,22.889747342870226],[86.70408520597734,22.88450796727801],[86.69927833872357,22.86910171450252],[86.69016395809022,22.86497257456733],[86.68335934858652,22.859782178232575],[86.67440991039828,22.859010782177958],[86.67166754241919,22.855447924674984],[86.66781492100542,22.852442574034086],[86.65672514466704,22.846199823451524],[86.65178887339879,22.834530290571497],[86.64328987727278,22.836991772069908],[86.64266114934293,22.83356267422478],[86.64016845673336,22.829491511054965],[86.63574061391368,22.825259874864006],[86.63518962041805,22.824985842303235],[86.63330316,22.82587871],[86.6308962,22.82687137],[86.62785724,22.82893547],[86.62544884,22.83095122],[86.62328537,22.83315275],[86.62117617,22.8356186],[86.62042939,22.83733111],[86.62014151,22.83943989],[86.61960699,22.84040079],[86.61727132,22.84254982],[86.61283019,22.84603538],[86.61257388,22.84617477],[86.61129308,22.84634102],[86.61044006,22.84595727],[86.60880318,22.84544736],[86.60580569,22.84515764],[86.60123664,22.84432415],[86.59905918,22.84255702],[86.5973946,22.8414619],[86.59632806,22.83943781],[86.59617516,22.83881636],[86.59517947,22.8379849],[86.59396796,22.83655897],[86.59297563,22.83419399],[86.59256017,22.83152103],[86.59255309,22.82868875],[86.59254657,22.82842678],[86.59289363,22.82692572],[86.59343589,22.82454201],[86.59470236,22.82094739],[86.59492809,22.82029747],[86.59503772,22.81864901],[86.5951152,22.81748602],[86.59803666,22.81089845],[86.59853905,22.80948132],[86.59860479,22.80929174],[86.59902459,22.80809575],[86.59951051,22.80698351],[86.60332311,22.79832689],[86.60351673,22.7979389],[86.60465179,22.79566286],[86.60468748190888,22.795573005455513],[86.59477040186457,22.794652609939238],[86.59520732973455,22.79124132647671],[86.59755729974552,22.786447841937772],[86.59906000908965,22.77971905357679],[86.5895220401371,22.759479232113865],[86.5839213931744,22.750957855315963],[86.57849018426668,22.74533935725652],[86.57372341276765,22.73647026715411],[86.56169723249626,22.722892223576757],[86.55916467125552,22.71712289472073],[86.54685473,22.72246476],[86.49097787,22.75025545],[86.47436924,22.76589182],[86.47850438,22.77119266],[86.49999495,22.77733487],[86.48369031,22.80779123],[86.45498089,22.79623361],[86.44212505,22.82295053],[86.43197427592584,22.825485983582617],[86.43390828912588,22.828590769349397],[86.4331701345596,22.83411618628919],[86.45915088,22.84093514],[86.43180181248397,22.851173451045465],[86.43283809087802,22.860491175483975],[86.44687540544768,22.85877890550644],[86.4476914171753,22.86173081578431],[86.44667022322095,22.86944954743568],[86.44928773877841,22.87706118236108],[86.44696008725796,22.883411028771288],[86.45101785303449,22.882969514498722],[86.46304409747253,22.896632218964594],[86.46234841319077,22.898982184124655],[86.448453921831,22.901920710196496],[86.432418962272,22.915770701137106],[86.43113923931436,22.920140633163683],[86.43282473255245,22.923404634942806],[86.43708763139989,22.927288500426908],[86.45104016026012,22.930467873046005],[86.45820597807258,22.932960508540678],[86.4580320217792,22.93879305998673],[86.46206751296586,22.944233117228137],[86.47012509530484,22.946618699771747],[86.47041945282271,22.949450273315193],[86.47435680976601,22.948830433819808],[86.47345158154154,22.944081505907608],[86.47872224355964,22.94059004269456],[86.48380120386544,22.93824905545016],[86.48452798362722,22.934280404418324],[86.48680212961186,22.935542373890147],[86.48943304592233,22.944063707218575],[86.49246964958077,22.944233137224636],[86.49401256086051,22.941486349381634],[86.4957739016069,22.941290132566014],[86.49772696669416,22.945129365704386],[86.4966211183461,22.947541818969185],[86.49868565720953,22.947742421764264],[86.50757711086196,22.945356835744175],[86.5127273719161,22.94619068159038],[86.51835478922223,22.944331181070527],[86.5233935628009,22.94867882772747],[86.52757174038405,22.957926993467932],[86.52662639975907,22.960870060954726],[86.5324499856862,22.96223001464227],[86.5385143718704,22.961868856935624],[86.53774291823379,22.965837440486013],[86.54202814074604,22.974340933389676],[86.54028461695145,22.98723223886344],[86.53415779786397,22.981359573022612],[86.52076713751889,22.972829325720607],[86.52271128363795,22.97216043310828],[86.51876055537045,22.96811164676558],[86.5122369084976,22.96626107892223],[86.4999163815061,22.968539641869224],[86.50762167478301,22.97277135073389],[86.50401425838056,22.978019735134833],[86.49730776514492,22.983147710738493],[86.49735241536713,22.989912134611025],[86.47936439339784,22.988850859409727],[86.47495434552121,22.985662614489893],[86.46618771337938,22.988632372585663],[86.46308862402368,22.985216761408406],[86.45108925157344,22.987611266809935],[86.44779392910667,22.987098502822306],[86.44522998706053,22.98509189970718],[86.44168947153902,22.98733032481337],[86.4405657057716,22.990081577786388],[86.43170107669391,22.990326854986325],[86.41628146677863,22.99479041262982],[86.41052033144258,22.98701822228979],[86.40030451249753,22.983138804472457],[86.39687989762295,22.977819044798927],[86.39303620966723,22.974242868568123],[86.38730625749574,22.976731061354727],[86.38360521313177,22.980133331534915],[86.38096540735377,22.984409666214564],[86.38044814285148,22.990750444769784],[86.36950101580018,22.994308863373547],[86.36324490930852,22.99274813004857],[86.35997636946517,22.996681098092893],[86.35160664167212,22.994910795726295],[86.35048743282458,22.989180844354305],[86.34648759144166,22.993020139458462],[86.3413329016752,22.993278741360026],[86.33471563330872,22.989350265143653],[86.33215164084014,22.98889990321114],[86.32585979114688,22.99241820133853],[86.31529173428086,22.995561847437756],[86.31217930084686,22.995209551216128],[86.30989181526654,22.998130260452967],[86.30992742135825,23.000649649285968],[86.30590981250276,23.00249126245307],[86.30211507670232,23.00335190913154],[86.30020215689392,23.006299361672525],[86.30042063397127,23.008319331853826],[86.30069709669833,23.010352717493546],[86.30030915039448,23.012341416628104],[86.2982579635684,23.013282327570597],[86.29751780025637,23.01326001214333],[86.29638515909801,23.010201073016198],[86.29482447449766,23.009139764406555],[86.29400845817067,23.008109773466217],[86.29191713851638,23.009050581614492],[86.29199294445064,23.01007176378295],[86.28476028331231,23.010861008320216],[86.27937368051052,23.010718277232545],[86.27552103167119,23.008600269107287],[86.27350555702787,23.00653122244386],[86.26972419583946,23.004431001616997],[86.2650064528076,23.000399965939394],[86.26328078561643,22.99936100091022],[86.26378468588223,22.99802769809916],[86.26129201969214,22.99553062447783],[86.2508622162882,22.99497770035321],[86.24508767481824,22.99545931029068],[86.2386309061349,22.994888489515745],[86.23448392360102,22.993367955332612],[86.23095680770962,22.99214171821073],[86.22706396720243,22.992868538782968],[86.21697307541882,22.991611103943818],[86.21247828633531,22.991847413325154],[86.20642729873018,22.994072518095532],[86.20380980821774,22.99785826863209],[86.20024247956604,23.009746226029034],[86.20436269893402,23.01321093169065],[86.20086677428303,23.01514178037194],[86.1811843180448,23.012961206644285],[86.17838401433538,23.011721601521977],[86.1756282600931,23.012992465464958],[86.17249352440116,23.02305216848749],[86.16671001849026,23.026949473280283],[86.16232227684216,23.033807560786432],[86.16015520343676,23.039060358286967],[86.15365382066145,23.03722771499561],[86.15001520133151,23.040901989905468],[86.14832966472275,23.052669573350784],[86.14604210082729,23.05571959128188],[86.13810934334963,23.059331401290486],[86.13456888398181,23.062938888929338],[86.13363689412755,23.069899471289876],[86.13803804570945,23.080480943713134],[86.13656655828318,23.083102884542363],[86.12864717084511,23.08572932614676],[86.12735851186027,23.08908259487212],[86.11569346753832,23.093630872710907],[86.11418186611255,23.091958664918064],[86.10640520353682,23.09029098129252],[86.1047686712575,23.088899722548014],[86.09710795341805,23.09166881234355],[86.09179712702289,23.090772560507606],[86.08358798339056,23.098589390981758],[86.08322232984948,23.100930359226787],[86.08096156454947,23.10430147276967],[86.07000551155005,23.10143424917095],[86.05928585206817,23.10555896479557],[86.04796418760475,23.108680336170195],[86.04424081538981,23.11186412724285],[86.04653727030691,23.120688659945973],[86.0489719533446,23.12484905261126],[86.04839225509464,23.12916992284317],[86.04199343519416,23.135970026963353],[86.03692789251173,23.14360848522381],[86.03227262093883,23.145093324390988],[86.02835750695569,23.14571311814416],[86.02478574966354,23.143198221219958],[86.01799905014114,23.140491545525943],[86.01389219157808,23.141637533340756],[86.00971851456349,23.144977387919234],[86.00609766064,23.144901572642503],[86.00258837606442,23.146168000345284],[85.99556083809757,23.144420049221782],[85.9900671846624,23.146279449965757],[85.98194273838119,23.14590038725446],[85.9704828152814,23.140027771782172],[85.95932618296885,23.139773584165983],[85.95629844596971,23.139470377532902],[85.95155400275284,23.138159423898816],[85.94790640306381,23.13395899277334],[85.94673810995474,23.13088220041147],[85.9438084919815,23.129468620041326],[85.93628599303695,23.12966928093944],[85.925811578766,23.130650298290682],[85.92202576753925,23.129401728574727],[85.92147288178168,23.125932604001413],[85.91956881661314,23.12694921230777],[85.91781638811558,23.131149694089242],[85.91499379988093,23.129531084753932],[85.91160488535832,23.133579915302725],[85.90673997088429,23.142070055126982],[85.90038132237669,23.14809877514014],[85.88916221345785,23.1517596859303],[85.8864065206873,23.153351624545337],[85.88527352795091,23.154013079103716],[85.88625118,23.15442719]],[[86.33104474,23.00489185],[86.33197892,23.004808],[86.33349634,23.00481962],[86.33464961,23.00467737],[86.33499196,23.00476363],[86.33566185,23.00475841],[86.33746011,23.00513152],[86.33805048,23.00509061],[86.33936253,23.00513088],[86.3400864,23.00520511],[86.34017628,23.0052774],[86.34102763,23.00527184],[86.34204256,23.00543118],[86.34239163,23.00557452],[86.3430713,23.00556886],[86.34342009,23.00570476],[86.34366982,23.00571793],[86.34479374,23.00615265],[86.34513878,23.00614547],[86.34547765,23.00630472],[86.34565213,23.00629121],[86.3473706,23.00702214],[86.34823607,23.00731154],[86.34986322,23.00802215],[86.35019237,23.00804626],[86.35045903,23.00817105],[86.35112379,23.00834433],[86.35386259,23.00947978],[86.35418438,23.00957371],[86.35428411,23.0095521],[86.35574854,23.01012923],[86.355981,23.01020139],[86.35710537,23.01070602],[86.35715539,23.01072734],[86.35951532,23.01173255],[86.35995864,23.01193057],[86.36012545,23.01193051],[86.36206045,23.01264985],[86.36423531,23.01360904],[86.3647488,23.01383571],[86.36480648,23.0139557],[86.36507818,23.01398593],[86.36574105,23.01425939],[86.36682603,23.01456113],[86.36934555,23.01570056],[86.36975582,23.01600081],[86.37126011,23.01689446],[86.37192613,23.01737479],[86.37206985,23.01754187],[86.37226318,23.01756532],[86.37284543,23.0180316],[86.37341348,23.01840902],[86.37389953,23.01875471],[86.37496027,23.0196446],[86.37509876,23.01984631],[86.37525069,23.02011137],[86.37538122,23.02029527],[86.37558184,23.02057808],[86.37596015,23.02113023],[86.37611928,23.02136789],[86.37631495,23.02201339],[86.37626954,23.02223435],[86.37509794,23.02271078],[86.37411081,23.02298955],[86.37378842,23.0231424],[86.37360043,23.02315117],[86.37304498,23.02343028],[86.37271604,23.02342237],[86.37239515,23.02358085],[86.37222438,23.02356763],[86.37196751,23.02367489],[86.37017245,23.02442443],[86.36993293,23.02446851],[86.36917101,23.02480946],[86.36905349,23.02493105],[86.36869016,23.02511096],[86.36812401,23.02532381],[86.36617024,23.02655038],[86.36455669,23.02770841],[86.36313067,23.02905342],[86.36280476,23.02905993],[86.36247994,23.02919653],[86.36216238,23.0292206],[86.36158415,23.02947346],[86.36136476,23.02950674],[86.36122884,23.02967706],[86.36122893,23.02967735],[86.36009031,23.02988734],[86.35739222,23.03000146],[86.35728653,23.03000593],[86.35658233,23.0300357],[86.35259873,23.02957907],[86.34895805,23.02847785],[86.342425,23.02672757],[86.33922536,23.02547209],[86.33366633,23.02349979],[86.33190593,23.02286223],[86.33139357,23.0226523],[86.33122585,23.02229011],[86.33152176,23.02226049],[86.33181368,23.02175594],[86.33099488,23.02179135],[86.33000802,23.02049313],[86.32922956,23.01961032],[86.3289646,23.0191974],[86.32788946,23.01809942],[86.32759027,23.01759126],[86.32722737,23.01697488],[86.32516571,23.01678859],[86.32544348,23.01621378],[86.32674591,23.01635457],[86.32626864,23.0157395],[86.32616126,23.01571464],[86.32553829,23.01500415],[86.32456777,23.01423985],[86.32381686,23.01331174],[86.32290675,23.0117851],[86.32259361,23.01140861],[86.32226761,23.01062426],[86.32195419,23.01009462],[86.32126695,23.00830186],[86.32083642,23.00746739],[86.32057872,23.0063111],[86.32061761,23.00573136],[86.3206769,23.0055852],[86.32084293,23.00538712],[86.32098949,23.00535658],[86.32156808,23.0046952],[86.32178631,23.00454973],[86.32192958,23.00453701],[86.32252544,23.00427043],[86.32535564,23.00431003],[86.32677639,23.00477716],[86.32708583,23.00478182],[86.32825447,23.00479944],[86.32937518,23.00495536],[86.33081754,23.00496319],[86.33104474,23.00489185]]],[[[86.72838551,23.04348669],[86.72833361,23.04348046],[86.72818811,23.04356495],[86.72745138,23.04337565],[86.72725498,23.04338183],[86.72706732,23.04329522],[86.72694679,23.04329989],[86.72594622,23.04353306],[86.72560544,23.04345105],[86.72517005,23.04357335],[86.72501909,23.04357618],[86.724353,23.0438727],[86.72402752,23.04386211],[86.72386906,23.04390606],[86.72369822,23.04390813],[86.72295762,23.0441466],[86.72251387,23.044361],[86.72239734,23.04436782],[86.72227464,23.04443399],[86.72215917,23.04443951],[86.72203587,23.04450077],[86.72164111,23.04459674],[86.72144308,23.04468667],[86.72114366,23.04473441],[86.72040751,23.04508191],[86.72029052,23.04508918],[86.71976819,23.04533372],[86.71918233,23.04541803],[86.71862503,23.04555595],[86.71846892,23.0455594],[86.71801845,23.04574189],[86.71755814,23.04564097],[86.71736421,23.04565677],[86.71688195,23.04586733],[86.71676746,23.04587539],[86.71613371,23.04605582],[86.71582263,23.04606002],[86.71557502,23.04614983],[86.71545936,23.04613942],[86.71491087,23.04623534],[86.71479076,23.04622907],[86.71463196,23.0463029],[86.71447385,23.04630067],[86.71435099,23.04636707],[86.71423676,23.04637556],[86.71411559,23.04644772],[86.7139968,23.04644451],[86.71387394,23.04651083],[86.71352357,23.04655443],[86.71272907,23.04676855],[86.71269166,23.04673193],[86.71265072,23.04676822],[86.71233053,23.04681493],[86.71145242,23.04715692],[86.71101803,23.04721861],[86.70986058,23.04765965],[86.70970537,23.04766594],[86.70954641,23.04773984],[86.70938935,23.04774],[86.70871598,23.0478829],[86.70831982,23.04801207],[86.70781156,23.0479554],[86.70768683,23.04801523],[86.70757111,23.04802067],[86.70744809,23.04808707],[86.70709433,23.04816559],[86.70685916,23.04820309],[86.70662343,23.04820093],[86.7059366,23.04834615],[86.7058328,23.04839593],[86.70520001,23.04845674],[86.70503847,23.0485207],[86.70488062,23.04851705],[86.70432158,23.04873544],[86.70412685,23.04872847],[86.70376864,23.04880383],[86.70361172,23.0488053],[86.70349709,23.04885348],[86.70249904,23.04908863],[86.70230289,23.04908983],[86.70213888,23.04915174],[86.70194617,23.0491607],[86.70138647,23.04928419],[86.70114441,23.04942473],[86.70063547,23.04954639],[86.70023713,23.04971124],[86.69967067,23.04985967],[86.69915276,23.05003703],[86.69881899,23.05018354],[86.6985678,23.05035339],[86.698076,23.05053747],[86.69795017,23.05050559],[86.69762846,23.05065852],[86.69747398,23.05066691],[86.69715596,23.05077523],[86.69699833,23.05077319],[86.69663583,23.0508624],[86.69595892,23.05109431],[86.69541069,23.05108389],[86.69472863,23.05132049],[86.69397075,23.0514995],[86.69357601,23.05162342],[86.69343817,23.0516298],[86.6932851,23.05171144],[86.69266008,23.05189095],[86.69246132,23.05199289],[86.69233634,23.05201688],[86.69173326,23.05224618],[86.69118055,23.05241533],[86.69098215,23.05244809],[86.69086786,23.05252906],[86.69037656,23.05273914],[86.69025706,23.05272678],[86.69017814,23.0527508],[86.68977152,23.05293908],[86.68953657,23.05298414],[86.6884444,23.05338161],[86.68768489,23.0537156],[86.687321,23.05394407],[86.68666693,23.0542783],[86.68622687,23.05459065],[86.68573339,23.05502513],[86.68565625,23.0549875],[86.68553755,23.05502836],[86.68545414,23.05509516],[86.6841425,23.05573962],[86.68247532,23.05681931],[86.68136554,23.05779571],[86.68106303,23.05837905],[86.67888812,23.06025779],[86.6762517,23.06282618],[86.67281083,23.06585692],[86.66960966,23.06896218],[86.66756908,23.07072603],[86.66167066,23.07557519],[86.66056287,23.07680342],[86.65927991,23.07857985],[86.6568375,23.08209766],[86.65434645,23.08476701],[86.65268535,23.08616561],[86.65144467,23.08672692],[86.64929791,23.087231],[86.64747322,23.08752119],[86.64509953,23.08768827],[86.64358937,23.08802179],[86.64243226,23.08843667],[86.63908944,23.09071333],[86.63690977,23.09239094],[86.63612622,23.09281453],[86.63597045,23.09292727],[86.6352913,23.09312727],[86.63489572,23.09311592],[86.63410625,23.09289903],[86.63391473,23.09294785],[86.63316235,23.09293178],[86.63288702,23.09285424],[86.63274689,23.09285852],[86.63261501,23.09277245],[86.63237684,23.09275619],[86.63217797,23.09282002],[86.63182963,23.09263793],[86.63170988,23.09263794],[86.63159119,23.09256954],[86.63146941,23.09254189],[86.63139845,23.09246735],[86.63129555,23.09198331],[86.63125663,23.09196405],[86.63138462,23.09102473],[86.63141662,23.09096245],[86.63143348,23.09044093],[86.63148584,23.09026132],[86.63148098,23.09003809],[86.63159108,23.08923342],[86.63166182,23.08897298],[86.6318434,23.08853938],[86.63183418,23.08840667],[86.63205843,23.08799477],[86.6320682,23.08770023],[86.63213773,23.0873705],[86.63221719,23.08718888],[86.63231573,23.08677714],[86.63251294,23.08638598],[86.63252684,23.08616725],[86.63255812,23.08605166],[86.63263209,23.08593721],[86.63261647,23.0858399],[86.63271806,23.08558322],[86.63282803,23.08502931],[86.63295803,23.08467028],[86.63304078,23.08423167],[86.63311103,23.0839843],[86.63331098,23.08350409],[86.63351134,23.08277076],[86.63353252,23.08254897],[86.63376428,23.08174865],[86.63380792,23.08149788],[86.63405594,23.08105615],[86.63406291,23.08087189],[86.63424983,23.08039865],[86.63448586,23.07957686],[86.63474386,23.0791603],[86.63483749,23.07872269],[86.63503713,23.07820688],[86.63507847,23.07791438],[86.63532696,23.07744984],[86.6353216,23.0773026],[86.63543482,23.07696947],[86.63558085,23.07623926],[86.63578279,23.07572698],[86.63585154,23.07540377],[86.63617304,23.07463203],[86.63625284,23.07429685],[86.63653104,23.07394424],[86.63659285,23.07357909],[86.63671586,23.07325144],[86.63680343,23.07288471],[86.63701645,23.07138508],[86.63715898,23.07063973],[86.63728486,23.07025135],[86.63729906,23.0699219],[86.63755811,23.06904465],[86.63757268,23.06885753],[86.63771442,23.06849749],[86.63772577,23.06820466],[86.6379166,23.06761976],[86.6380468,23.06704662],[86.63823203,23.06671099],[86.63823986,23.06649026],[86.63837436,23.06586778],[86.63848542,23.06564151],[86.63849372,23.06538427],[86.63869851,23.06506851],[86.63900986,23.06426269],[86.63902314,23.06415704],[86.63906396,23.06412121],[86.63934985,23.06326482],[86.63939075,23.06322899],[86.63945203,23.06322871],[86.63968348,23.0629519],[86.63985192,23.06288399],[86.63996412,23.06289871],[86.64009858,23.06300932],[86.64025477,23.06323346],[86.6403683,23.0634553],[86.64044415,23.06372922],[86.64062932,23.06408405],[86.64066953,23.06430232],[86.64087334,23.06467595],[86.64109994,23.06493703],[86.64154658,23.06522223],[86.64175387,23.06531511],[86.64185369,23.06530438],[86.64200747,23.06521],[86.64210173,23.06511377],[86.6421562,23.06500039],[86.64224244,23.0644477],[86.64188233,23.06326811],[86.6415982,23.06270627],[86.641586,23.06260117],[86.64139552,23.06220899],[86.64107074,23.06184891],[86.64102473,23.06170549],[86.64094483,23.06158828],[86.64084086,23.06126145],[86.64065717,23.06096277],[86.64015419,23.06056659],[86.640062,23.06059024],[86.63993065,23.06040326],[86.63982096,23.06032075],[86.63971438,23.06031476],[86.63958842,23.06037311],[86.63934771,23.06056551],[86.63907202,23.06092961],[86.63901095,23.06113129],[86.63876585,23.06143043],[86.63838306,23.06226793],[86.63825601,23.06248526],[86.63815169,23.06260013],[86.63812177,23.06271744],[86.63778576,23.06318525],[86.6377632,23.06328621],[86.63742851,23.06388474],[86.63724564,23.0640348],[86.63696586,23.06437006],[86.63693436,23.06447835],[86.63655678,23.06498327],[86.6365556,23.06501996],[86.63573757,23.06580932],[86.63569525,23.06595634],[86.63531071,23.06642847],[86.63514834,23.0667183],[86.6348312,23.06703712],[86.63426371,23.06823944],[86.6342265,23.06843636],[86.63400064,23.06874417],[86.6338453,23.06929203],[86.63363658,23.0697642],[86.63361633,23.07006186],[86.63344057,23.07034796],[86.63314192,23.07107522],[86.6329907,23.07166644],[86.63278819,23.07195143],[86.63245126,23.07278538],[86.63241998,23.07296771],[86.63216119,23.07358298],[86.63204591,23.07395262],[86.63200532,23.07398844],[86.63166057,23.07495417],[86.63155816,23.07484765],[86.6314487,23.07500946],[86.63104021,23.07539962],[86.63088417,23.07544451],[86.63082408,23.07543124],[86.63063879,23.07530836],[86.63057176,23.07523973],[86.6305048,23.07496858],[86.63020642,23.07471816],[86.62999202,23.07423766],[86.62964708,23.07387046],[86.62963073,23.07373482],[86.62917742,23.07329199],[86.62904537,23.07319722],[86.62866976,23.07275404],[86.62852591,23.07268963],[86.62844635,23.07269719],[86.62824735,23.07281073],[86.62810959,23.0729459],[86.62784326,23.07332344],[86.62686286,23.07385166],[86.62674289,23.07384599],[86.62658406,23.0739173],[86.62638649,23.07391249],[86.62449723,23.07423516],[86.62330803,23.07429872],[86.62268547,23.07463292],[86.62245655,23.07504991],[86.62249631,23.07797184],[86.62233558,23.07879477],[86.62173577,23.07977262],[86.62023747,23.08109628],[86.61926973,23.08180796],[86.61762593,23.08268683],[86.61421044,23.08409175],[86.61228742,23.0843568],[86.6102712,23.08441701],[86.60796325,23.08430415],[86.60636224,23.08435579],[86.60540033,23.08412924],[86.60431584,23.08327468],[86.6029935,23.08164198],[86.60539234,23.07556616],[86.60493878,23.07467291],[86.6040888,23.07380637],[86.60318807,23.07341595],[86.60212415,23.07324168],[86.60101663,23.07324973],[86.59986313,23.07293591],[86.59950526,23.07273149],[86.59942515,23.07273928],[86.59934837,23.07271008],[86.59922198,23.07260726],[86.59902679,23.07252731],[86.59862668,23.07221753],[86.59851807,23.07205721],[86.59832703,23.07187356],[86.59819144,23.07164893],[86.59810599,23.0713936],[86.59801422,23.07127996],[86.59777236,23.07055749],[86.59773207,23.07059315],[86.5972583,23.07034845],[86.59709916,23.07023432],[86.59694945,23.07007259],[86.59666815,23.06989406],[86.59644383,23.06982275],[86.59616443,23.0697823],[86.59604396,23.06971253],[86.59542638,23.0697535],[86.59518154,23.06967752],[86.59430851,23.06966155],[86.59403594,23.06957424],[86.59392253,23.06956875],[86.59380626,23.06947353],[86.59361603,23.06941111],[86.5934649,23.06923245],[86.59334216,23.06917522],[86.59300566,23.06884177],[86.59294841,23.06872218],[86.59260581,23.06834543],[86.59248098,23.06815891],[86.59229152,23.06770938],[86.59227048,23.06697707],[86.5921588,23.06646179],[86.59216587,23.06616689],[86.59204361,23.06508672],[86.59186854,23.06483995],[86.59159266,23.06457073],[86.59139828,23.0644504],[86.59116416,23.06439424],[86.59064867,23.0645169],[86.58993619,23.06454299],[86.5895369,23.06460975],[86.58941516,23.0646727],[86.58925881,23.06467552],[86.58874435,23.06484829],[86.58855658,23.06484691],[86.58798926,23.06512717],[86.58779014,23.06514456],[86.58766617,23.06521136],[86.58755017,23.0652185],[86.58722709,23.06534693],[86.58683531,23.06541039],[86.58663889,23.06545615],[86.58643277,23.06554504],[86.58631787,23.06554985],[86.58484188,23.06616029],[86.58468821,23.06615873],[86.58440768,23.0662195],[86.58424213,23.06630274],[86.58404343,23.06626073],[86.58362351,23.06636265],[86.58333784,23.06649396],[86.58322026,23.06648418],[86.58306185,23.06652409],[86.5826246,23.06650596],[86.58242962,23.06654436],[86.58219198,23.06652829],[86.58175502,23.06663472],[86.58120297,23.06669138],[86.58096413,23.0666831],[86.57925788,23.06710834],[86.57921893,23.06707055],[86.579016,23.06716713],[86.5785065,23.06723702],[86.57838641,23.06723014],[86.57786916,23.0673613],[86.57772114,23.06733063],[86.57759505,23.06734247],[86.57746143,23.06741513],[86.57737783,23.06751397],[86.57681279,23.06774617],[86.57664056,23.06776422],[86.5761993,23.06796165],[86.57608485,23.06796976],[86.57592456,23.06805295],[86.57576119,23.068083],[86.57532644,23.06829908],[86.57517092,23.06832207],[86.5746536,23.06858097],[86.57453541,23.06858147],[86.57358142,23.06898704],[86.57223295,23.06942027],[86.57219407,23.06938226],[86.57211631,23.06937742],[86.57187662,23.06944512],[86.57175755,23.06943997],[86.57163597,23.06950327],[86.57147736,23.06951714],[86.57116083,23.0696333],[86.57073049,23.06966895],[86.57056856,23.06972623],[86.57009792,23.06978388],[86.56993677,23.06975558],[86.56942007,23.06994128],[86.5691483,23.06994248],[86.56879109,23.07007563],[86.56842918,23.07005796],[86.56767543,23.07022105],[86.56745077,23.07032658],[86.56729055,23.07031129],[86.56705156,23.07038074],[86.56681667,23.07036802],[86.56642237,23.07043675],[86.56618439,23.07042628],[86.56609599,23.07047853],[86.56593735,23.07050737],[86.56512017,23.0708045],[86.56436247,23.07102252],[86.56424341,23.07108906],[86.56285652,23.07160722],[86.56428203,23.07546355],[86.56518246,23.07506029],[86.56545738,23.07486441],[86.56595238,23.07471658],[86.56718089,23.07412912],[86.56774542,23.07362856],[86.56785479,23.0736362],[86.56829965,23.07341911],[86.56842945,23.07332115],[86.56859257,23.07326368],[86.56901966,23.07301012],[86.5696916,23.07270741],[86.56985124,23.07269114],[86.57000949,23.07261437],[86.57016719,23.07261875],[86.57028693,23.07254953],[86.57040639,23.07255637],[86.57052777,23.07249403],[86.57068198,23.07248909],[86.57080135,23.07242055],[86.57091784,23.07241916],[86.57107732,23.07235481],[86.57166802,23.07241866],[86.57182609,23.07237973],[86.57269426,23.07241039],[86.57314325,23.07266379],[86.5731821,23.0730464],[86.57307369,23.07318152],[86.57228099,23.07342442],[86.57212378,23.07342217],[86.57175536,23.07360226],[86.57141545,23.07371814],[86.57119602,23.07386936],[86.57081059,23.07403139],[86.57057417,23.07402227],[86.57037972,23.07410291],[86.56997802,23.07407957],[86.56970431,23.07418263],[86.5695111,23.07418526],[86.56946713,23.0741416],[86.56936104,23.07417485],[86.56907736,23.07440129],[86.56899887,23.07453344],[86.56900699,23.07462572],[86.56914783,23.07481251],[86.56925777,23.07487065],[86.56953293,23.07487191],[86.56981304,23.0747403],[86.57059977,23.07476912],[86.57087643,23.07469886],[86.5717102,23.07471244],[86.57175916,23.07478616],[86.57268518,23.0748793],[86.572771,23.0748649],[86.57288986,23.07477632],[86.57300434,23.07476688],[86.57328039,23.07492278],[86.57339566,23.07492659],[86.57354966,23.07501496],[86.57367136,23.07501618],[86.57399297,23.07518868],[86.57465375,23.0756824],[86.57481418,23.07575063],[86.5753404,23.07607269],[86.57550469,23.07621911],[86.57603725,23.07683685],[86.57611095,23.07698824],[86.57625958,23.07717984],[86.57630963,23.0773261],[86.57645265,23.07753427],[86.57675275,23.07785909],[86.57697058,23.07826272],[86.57700649,23.07841398],[86.57726794,23.07897383],[86.57739507,23.07915652],[86.57800359,23.08068667],[86.57804896,23.08098348],[86.5783399,23.0817241],[86.5783483,23.08190384],[86.57878041,23.08344141],[86.57913163,23.08379686],[86.5794745,23.08401609],[86.58006072,23.08408397],[86.58024377,23.08414003],[86.58040514,23.08412487],[86.58082384,23.08374943],[86.58085801,23.08364297],[86.58128198,23.08309652],[86.58150058,23.0826539],[86.58148471,23.08255371],[86.58151679,23.08229457],[86.58171617,23.08134349],[86.58170445,23.08108362],[86.58175953,23.0806465],[86.58176415,23.08020749],[86.58166768,23.0794681],[86.58166638,23.07924798],[86.58155534,23.07873223],[86.58129618,23.07813344],[86.58090325,23.07734415],[86.58065184,23.07707891],[86.58004028,23.07654998],[86.57995372,23.0763289],[86.58008349,23.07614559],[86.58019708,23.07609539],[86.58050325,23.07610837],[86.58081493,23.07630451],[86.58134167,23.07636336],[86.58161422,23.07649804],[86.58208232,23.07659614],[86.58220299,23.07666311],[86.58231897,23.0766725],[86.5824388,23.07673825],[86.58256049,23.07675281],[86.58285132,23.0769401],[86.58355871,23.07717612],[86.58372685,23.07714958],[86.58408072,23.0773364],[86.58435991,23.07758899],[86.5845204,23.07765669],[86.58489532,23.07794167],[86.58548064,23.07825222],[86.58544452,23.07830019],[86.58592197,23.0787432],[86.5862634,23.07927003],[86.58634879,23.07974752],[86.58646449,23.08004434],[86.58648864,23.08085407],[86.58660684,23.08192281],[86.58665972,23.08225999],[86.58675108,23.08252138],[86.58696009,23.08280191],[86.58715446,23.08299054],[86.5872592,23.0830479],[86.58764728,23.08376313],[86.58782515,23.08401932],[86.58793825,23.08431099],[86.58810364,23.08457352],[86.58818894,23.0849465],[86.58811774,23.08534798],[86.5879898,23.08563869],[86.58773355,23.08597062],[86.58746796,23.08621407],[86.58685766,23.08698834],[86.58666124,23.08702334],[86.58638518,23.08700658],[86.58622687,23.08708588],[86.58609307,23.08706423],[86.58589722,23.08714759],[86.58537629,23.08763561],[86.58524219,23.08780668],[86.58483449,23.08810887],[86.58464359,23.08831353],[86.58448083,23.08855695],[86.58442336,23.08870525],[86.58441037,23.08881516],[86.5844462,23.08896775],[86.58464363,23.08931478],[86.58482836,23.08949579],[86.58499078,23.08959623],[86.58525411,23.08970401],[86.58537144,23.0897014],[86.58635809,23.08989304],[86.58662548,23.09003143],[86.5869321,23.09012927],[86.58728548,23.09035525],[86.58756312,23.09042926],[86.58847209,23.09088924],[86.58963747,23.09188332],[86.5886915,23.09185798],[86.58694467,23.09232602],[86.58558674,23.09302519],[86.58525334,23.09375231],[86.58531391,23.09449016],[86.58561082,23.09523445],[86.58636207,23.09672724],[86.58665513,23.09761858],[86.58620917,23.09966847],[86.58656945,23.10100357],[86.58717907,23.10182968],[86.58840383,23.1032608],[86.59047984,23.1053023],[86.59184055,23.10754561],[86.59156763,23.1089375],[86.59064487,23.11104962],[86.58949354,23.11286186],[86.58819422,23.11430261],[86.58642433,23.11565858],[86.58305976,23.11771306],[86.58153871,23.1190592],[86.5813249,23.11919697],[86.58044669,23.12004669],[86.58029736,23.12009749],[86.57997254,23.12045841],[86.57984919,23.12063744],[86.57955616,23.12092258],[86.57114452,23.12798588],[86.57104331,23.12802228],[86.57078755,23.12829562],[86.57034116,23.12856244],[86.5700535,23.12867582],[86.56970206,23.12891492],[86.56851105,23.12929574],[86.5680775,23.12936236],[86.56791965,23.12935814],[86.56760363,23.12942612],[86.56646439,23.12939322],[86.56614756,23.12946699],[86.56602813,23.12942726],[86.56590941,23.129426],[86.56575565,23.12934707],[86.56555938,23.1293431],[86.56430784,23.12909407],[86.5638383,23.12900823],[86.56340846,23.1287869],[86.56305695,23.1287722],[86.56293885,23.12870291],[86.56243595,23.12853543],[86.56231666,23.12853389],[86.56188948,23.12835753],[86.56146025,23.12832639],[86.56130484,23.12828446],[86.5611467,23.12829043],[86.56095434,23.12824199],[86.56044699,23.12828117],[86.56028296,23.12826028],[86.56012494,23.12830178],[86.55969243,23.12829163],[86.5589791,23.12846047],[86.55865356,23.12850089],[86.55819254,23.12866935],[86.55806923,23.12868625],[86.55790892,23.12876708],[86.55779845,23.12877836],[86.55767673,23.12884529],[86.55755653,23.12883346],[86.55724134,23.12898754],[86.55699964,23.12904986],[86.55568906,23.12958003],[86.55441648,23.13009389],[86.55363037,23.13030267],[86.55326868,23.13050124],[86.55310519,23.13055142],[86.55291128,23.13066264],[86.55135776,23.13134018],[86.5512021,23.13144894],[86.55072744,23.13168145],[86.55015582,23.1318971],[86.54936814,23.13238701],[86.54881291,23.13258857],[86.5484583,23.13279279],[86.54723,23.13325665],[86.54718973,23.13329333],[86.54671814,23.1334035],[86.54639556,23.13356468],[86.54620666,23.13362357],[86.5456021,23.13393647],[86.54545296,23.13393458],[86.54496641,23.13424686],[86.54461111,23.13440949],[86.54329556,23.13521275],[86.5432519,23.13519245],[86.54317637,23.13522912],[86.54297717,23.13540011],[86.54233615,23.13574601],[86.54113546,23.13656954],[86.54045672,23.13704724],[86.53994574,23.1374834],[86.53936824,23.13811117],[86.53919706,23.13823824],[86.53855908,23.13883849],[86.53836336,23.13906143],[86.53800881,23.13939184],[86.53781927,23.13947427],[86.5374808,23.13997456],[86.53666053,23.14079691],[86.53633275,23.14119843],[86.53614294,23.14131118],[86.53599635,23.14145487],[86.53587894,23.14167741],[86.53553394,23.14201743],[86.53520363,23.14250873],[86.53503534,23.1426967],[86.534827,23.1430665],[86.54287507,23.14360422],[86.54333081,23.14314757],[86.54458469,23.14201766],[86.54547023,23.14143491],[86.54558055,23.14132311],[86.54566169,23.14137586],[86.54626379,23.14085585],[86.54666395,23.14067429],[86.54673789,23.1406705],[86.54690165,23.14055113],[86.54710358,23.14046766],[86.54749434,23.14022654],[86.54757666,23.14024207],[86.54817548,23.13987692],[86.54904833,23.1395189],[86.54960396,23.13921251],[86.55038937,23.13894491],[86.55067593,23.13878232],[86.55155431,23.13839836],[86.55191905,23.13814185],[86.5519927,23.13810606],[86.5520308,23.13814388],[86.55259185,23.13774331],[86.55306941,23.13751305],[86.55343518,23.13729692],[86.55395374,23.13691246],[86.55411732,23.13687393],[86.55488154,23.13635849],[86.55497569,23.13622999],[86.55553942,23.13593723],[86.55573421,23.13577958],[86.55816877,23.13427203],[86.56048977,23.13348127],[86.56145424,23.13342575],[86.56262977,23.13355978],[86.5631333,23.13382888],[86.56349557,23.13422475],[86.56390791,23.13493609],[86.5638494,23.13698908],[86.56371059,23.1374274],[86.56327178,23.13838335],[86.56265749,23.13926401],[86.56245905,23.13951827],[86.56204673,23.13995049],[86.56195954,23.14006001],[86.56191731,23.14018033],[86.56043509,23.14148335],[86.56038115,23.14155799],[86.56037214,23.14166791],[86.55948779,23.14233928],[86.55944845,23.14233868],[86.55916134,23.14255507],[86.55889003,23.14279494],[86.55869356,23.14301999],[86.55860398,23.14299277],[86.55819753,23.14344993],[86.55819651,23.14348699],[86.55772861,23.14396055],[86.55748984,23.14425466],[86.5574028,23.14447577],[86.55732942,23.14510642],[86.55723692,23.14540016],[86.55725417,23.14566486],[86.55757562,23.14614723],[86.5577452,23.14628241],[86.55804379,23.14630076],[86.55885523,23.14653087],[86.55891725,23.14659167],[86.55931767,23.14670599],[86.55948315,23.14667845],[86.55963436,23.14671455],[86.55983197,23.14670785],[86.56048219,23.14692758],[86.56111781,23.14706064],[86.56147212,23.14706477],[86.56166913,23.14713591],[86.56182371,23.14714364],[86.56209372,23.14722709],[86.5624177,23.14722668],[86.56285436,23.14741273],[86.5629783,23.14755505],[86.56318865,23.14753248],[86.56346102,23.14761105],[86.56365828,23.14761314],[86.56435662,23.14785062],[86.56467033,23.14782586],[86.56526413,23.14806785],[86.56592231,23.14820806],[86.56639511,23.14821321],[86.56686351,23.1481351],[86.56710667,23.14803038],[86.56746224,23.14798805],[86.567657,23.14801265],[86.56780668,23.14790017],[86.56838243,23.14759683],[86.56870116,23.14747763],[86.56885801,23.14736497],[86.56953239,23.14714583],[86.57033239,23.14666275],[86.5704165,23.14664664],[86.57078208,23.14644545],[86.57093413,23.14639816],[86.57161286,23.14601652],[86.5721005,23.14563155],[86.5724228,23.14532752],[86.57258152,23.14524872],[86.57305974,23.14482123],[86.57321947,23.14474955],[86.57382087,23.1443193],[86.57435836,23.14399798],[86.57447068,23.14399466],[86.574509,23.14403217],[86.57518996,23.14363944],[86.57529977,23.1436236],[86.57538883,23.1435711],[86.57550347,23.14356415],[86.57562574,23.14349881],[86.57602416,23.14342833],[86.57618015,23.14343562],[86.57642018,23.14336537],[86.57653637,23.14338035],[86.57705336,23.14326693],[86.577185,23.14335829],[86.57727862,23.14338292],[86.57756142,23.14334958],[86.57787819,23.14335662],[86.57819051,23.14343707],[86.57846667,23.1434457],[86.57869747,23.14339724],[86.57956546,23.14354292],[86.57983868,23.14349796],[86.58027962,23.14337041],[86.58067814,23.14317386],[86.58087062,23.14298617],[86.58096046,23.14301374],[86.58149629,23.14219622],[86.58179986,23.1418356],[86.58226701,23.1411507],[86.58230451,23.14095701],[86.58271007,23.14050781],[86.58282497,23.14046109],[86.58298773,23.14031665],[86.58328996,23.13993551],[86.58350302,23.13974819],[86.58387947,23.13934118],[86.58397085,23.1391545],[86.58424738,23.13885953],[86.58486503,23.13829016],[86.58536426,23.13788055],[86.58613178,23.13713717],[86.58659264,23.13678726],[86.58670064,23.13665892],[86.58725358,23.13626606],[86.58744235,23.13604708],[86.58758205,23.13604846],[86.58847275,23.13520311],[86.58874524,23.13497606],[86.58892206,23.1348747],[86.58944242,23.13442355],[86.59096827,23.13334495],[86.59100521,23.1332763],[86.59104729,23.13327562],[86.59121268,23.13316817],[86.59156796,23.1328861],[86.59220132,23.13227389],[86.59254057,23.13208791],[86.59286221,23.13185815],[86.59301978,23.13170628],[86.59354291,23.13132796],[86.59357623,23.13126253],[86.59362679,23.13128943],[86.59419047,23.13069938],[86.59519374,23.12989713],[86.59538414,23.12967588],[86.59548449,23.12967651],[86.59600771,23.12912257],[86.59608327,23.12911007],[86.59649482,23.1288029],[86.59696954,23.1285477],[86.59875978,23.12739842],[86.6007127,23.12589956],[86.60201972,23.12495576],[86.60546612,23.12290476],[86.61402873,23.1183121],[86.62179701,23.11469474],[86.62441192,23.11352645],[86.62636169,23.11289338],[86.62814729,23.11249525],[86.63379696,23.11141785],[86.63463986,23.11160352],[86.635373,23.11147408],[86.63574495,23.11157485],[86.63569953,23.11179434],[86.63326396,23.11361056],[86.63169888,23.11460216],[86.62944112,23.1156872],[86.62653503,23.11741804],[86.62504597,23.11852141],[86.62300569,23.11959314],[86.62063819,23.12109805],[86.61893444,23.12212282],[86.6178944,23.12266749],[86.61743515,23.12287698],[86.61881955,23.12272633],[86.62183332,23.12138389],[86.63007541,23.11921207],[86.63445966,23.11823373],[86.6372275,23.11723469],[86.63779371,23.11671539],[86.63989972,23.11395391],[86.64357604,23.11003402],[86.64486506,23.10905334],[86.64618743,23.10829396],[86.64706819,23.10781829],[86.65015929,23.10452613],[86.6503154,23.1043059],[86.65035508,23.10415152],[86.65067897,23.10386561],[86.6508401,23.10379138],[86.65125628,23.10331859],[86.65145658,23.10320726],[86.65186088,23.10270981],[86.65182813,23.10261335],[86.65259413,23.10182509],[86.65323591,23.10106534],[86.65466179,23.09936615],[86.65620313,23.09721093],[86.6564136,23.09675556],[86.6587104,23.0957576],[86.66326438,23.09443959],[86.66775215,23.09269309],[86.67063107,23.09135151],[86.6733004,23.0904086],[86.67578545,23.08968108],[86.67997211,23.08866728],[86.68364363,23.08832154],[86.68558852,23.08840698],[86.68675594,23.08818427],[86.68822676,23.08768805],[86.69196579,23.08631401],[86.69508835,23.08511043],[86.69865703,23.08401535],[86.70087417,23.08340299],[86.70337691,23.08241817],[86.70453115,23.08188653],[86.70575881,23.08150222],[86.70733769,23.08115443],[86.70900916,23.0809529],[86.71169695,23.08078499],[86.71330922,23.08115222],[86.71496086,23.08211128],[86.71630097,23.08303355],[86.71875666,23.08392848],[86.72276383,23.08582735],[86.72454464,23.08638337],[86.72538138,23.08650205],[86.72636042,23.08644888],[86.7269927,23.08623186],[86.72756116,23.08556569],[86.72852418,23.08416101],[86.72987347,23.08289579],[86.73051632,23.08233768],[86.73151026,23.08117204],[86.73193177,23.08082418],[86.73334926,23.08111466],[86.73447946,23.0818596],[86.73497268,23.08234663],[86.73530796,23.08287738],[86.73622482,23.08417674],[86.73711174,23.08576824],[86.73711646,23.0862235],[86.73693104,23.08651506],[86.73673283,23.08659809],[86.73628095,23.08667067],[86.7351162,23.0870311],[86.73428235,23.08743514],[86.7331899,23.08858256],[86.73306211,23.08890792],[86.73302175,23.08894678],[86.73303213,23.08909876],[86.73287263,23.08945654],[86.73278157,23.08957188],[86.73265191,23.08990225],[86.73260438,23.09012654],[86.73264476,23.09043472],[86.73295779,23.09145557],[86.73301283,23.09187037],[86.73317428,23.09232427],[86.7333315,23.09251603],[86.73338217,23.09266883],[86.73371921,23.0931917],[86.73437884,23.09373483],[86.7345807,23.09385888],[86.7346964,23.09388785],[86.73510509,23.09472085],[86.73517257,23.09485865],[86.73552417,23.0954683],[86.7349065,23.09584161],[86.73421002,23.09746221],[86.73401287,23.09813581],[86.73409063586092,23.099020287167175],[86.73575377122029,23.098393170662707],[86.738099262366,23.09547688861105],[86.73974018746993,23.09165096685229],[86.73935672409172,23.083602344336903],[86.73594547903218,23.076338413292685],[86.73603918381762,23.072258359020395],[86.73047422056109,23.065730250547915],[86.73007287774429,23.060562173251654],[86.72410661204124,23.054042986900473],[86.72231846366236,23.047800208029965],[86.72384799704224,23.04479034294154],[86.72824910198361,23.04384942536948],[86.72851454144431,23.04355643003195],[86.72838551,23.04348669]]],[[[86.70956121,23.11995243],[86.7076817,23.11998232],[86.70526802,23.120186],[86.70371517,23.12039108],[86.70186954,23.12053243],[86.70007851,23.12080519],[86.69766008,23.12104285],[86.69596514,23.12133524],[86.69515176,23.12166787],[86.69440556,23.12242935],[86.69264705,23.12360934],[86.6917088,23.124197],[86.69123675,23.12498217],[86.69067135,23.12633915],[86.6897294,23.127833],[86.68650504,23.13255373],[86.68432542,23.13559407],[86.68355618,23.13647581],[86.68159055,23.13960832],[86.68087671,23.1406374],[86.67843297,23.14481728],[86.67614525,23.1490691],[86.67569727,23.14968021],[86.67454717,23.15082062],[86.6734521,23.15212777],[86.67186817,23.1540989],[86.67264163,23.15390223],[86.67307699,23.15388098],[86.67335353,23.15380815],[86.67351559,23.15382701],[86.67406402,23.1536917],[86.6749344,23.15356379],[86.6750942,23.15349909],[86.67536932,23.1535039],[86.67556653,23.15341853],[86.67636412,23.15320629],[86.67651715,23.15312281],[86.67699598,23.15304134],[86.67739375,23.15291015],[86.67779064,23.15273931],[86.67795115,23.1527102],[86.67799136,23.15267475],[86.6780299,23.15271281],[86.67902655,23.15221217],[86.68001932,23.15186158],[86.68084293,23.15139381],[86.68105991,23.15134805],[86.68124796,23.1512459],[86.68160863,23.15116176],[86.68229234,23.15077714],[86.68241721,23.15075403],[86.6829356,23.15055025],[86.68318252,23.15030731],[86.68346587,23.15016579],[86.68375672,23.14997355],[86.68411471,23.14967541],[86.68424488,23.14960042],[86.68511231,23.14876503],[86.68568077,23.14836547],[86.68603201,23.14804951],[86.6860928,23.14804989],[86.68613126,23.1480881],[86.68724808,23.14705753],[86.6880396,23.14617827],[86.6883489,23.14595675],[86.68886534,23.1455137],[86.6889825,23.14538033],[86.68901935,23.14528261],[86.68899395,23.14510639],[86.68975171,23.14465254],[86.69041757,23.14401138],[86.69054205,23.14383069],[86.69127289,23.14307847],[86.69181491,23.14236075],[86.69193717,23.14217822],[86.69196723,23.14206702],[86.6924465,23.14148151],[86.69251071,23.141162],[86.69308941,23.14044457],[86.69314022,23.14031293],[86.69357475,23.13978797],[86.69483473,23.13905823],[86.69493737,23.13903585],[86.69541948,23.13872103],[86.6957494,23.13858798],[86.69602351,23.1385529],[86.69622002,23.13846694],[86.69661881,23.13838773],[86.69677425,23.13839751],[86.6969301,23.13833817],[86.69709438,23.13836651],[86.69746869,23.13835323],[86.69767889,23.13831552],[86.69787669,23.1383276],[86.6981504,23.13825705],[86.69881956,23.13828611],[86.69901973,23.13822435],[86.69956707,23.13818259],[86.69988113,23.13821346],[86.70007499,23.13817582],[86.70043038,23.13819413],[86.70058788,23.13815471],[86.7011371,23.13818368],[86.70126494,23.1381595],[86.70176051,23.13824542],[86.70207536,23.13817272],[86.70231175,23.13822786],[86.70266539,23.13823125],[86.70282121,23.1382781],[86.70301675,23.13824091],[86.70317263,23.13828931],[86.70407405,23.13832156],[86.70422931,23.13837234],[86.7048177,23.13838468],[86.70500921,23.13843651],[86.70556016,23.13845544],[86.70580104,23.13837796],[86.70616609,23.13845851],[86.70637962,23.13843911],[86.70669247,23.13849972],[86.70771269,23.13853707],[86.70795313,23.13845872],[86.70888803,23.13850758],[86.70904522,23.13846846],[86.70986508,23.13850489],[86.71026327,23.13841933],[86.71076901,23.13822839],[86.71089396,23.13825254],[86.7110486,23.13817251],[86.71144001,23.13815821],[86.71159711,23.13811909],[86.7118695,23.13813588],[86.71202623,23.13806544],[86.71218774,23.13807734],[86.71246362,23.13796414],[86.71258645,23.13785599],[86.71308729,23.13766057],[86.7132533,23.13766973],[86.71368286,23.13745566],[86.71376146,23.13745693],[86.71388132,23.13739151],[86.71399499,23.13738679],[86.71459227,23.13707983],[86.71463054,23.13711899],[86.71530248,23.13660437],[86.71538718,23.13658595],[86.71562325,23.13644057],[86.7158205,23.13636127],[86.71633116,23.13607058],[86.71646508,23.13605833],[86.71685953,23.13588728],[86.716888,23.13577673],[86.71699526,23.13569451],[86.71803552,23.13521766],[86.71815514,23.13519369],[86.71875097,23.13480048],[86.71917805,23.13464475],[86.7197610393813,23.13436030414164],[86.71980355364072,23.13315182176169],[86.71178655285458,23.12029829068389],[86.70956121,23.11995243]]],[[[86.44457626689183,22.758663071859047],[86.44388775184247,22.758591788394025],[86.44306286417586,22.759422124889504],[86.44457626689183,22.758663071859047]]]]},"properties":{"gid":3693,"objectid":3717,"index_":"SINGHBHUM Gp.","age_code":95,"age":"PALAEOPROTEROZOIC","supergroup":null,"group_":"SINGHBHUM","geom_id":958,"shape_leng":1808372.5069,"shape_area":6627068439.05,"stratigrap":"958,SINGHBHUM Gp.,PALAEOPROTEROZOIC","stratigrap_new":"SINGHBHUM-Gp-PALAEOPROTEROZOIC"}},{"type":"Feature","geometry":{"type":"Polygon","coordinates":[[[86.35118041,23.2061704],[86.35189964,23.20713963],[86.35117332,23.20597683],[86.35118041,23.2061704]]]},"properties":{"gid":3694,"objectid":3718,"index_":"CHHOTANAGPUR GNEISSIC COMPLEX","age_code":96,"age":"PROTEROZOIC","supergroup":null,"group_":"CHHOTANAGPUR GNEISSIC COMPLEX","geom_id":968,"shape_leng":301.304826628,"shape_area":755.165524349,"stratigrap":"968,CHHOTANAGPUR GNEISSIC COMPLEX,PROTEROZOIC","stratigrap_new":"CHHOTANAGPUR-GNEISSIC-COMPLEX-PROTEROZOIC"}},{"type":"Feature","geometry":{"type":"Polygon","coordinates":[[[86.35189964,23.20713963],[86.35252679,23.20825526],[86.35309089,23.20961659],[86.35343651,23.21076949],[86.35389097,23.21192304],[86.35472543,23.21344738],[86.35575825,23.21479342],[86.35669538,23.21536925],[86.35884932,23.21702399],[86.35979663,23.21735857],[86.36013078,23.21755829],[86.36151666,23.21801103],[86.36216782,23.2182953],[86.3634373,23.21863949],[86.36368094,23.21882341],[86.36467135,23.21928293],[86.36522068,23.2197768],[86.36546732,23.22010713],[86.36587872,23.22083597],[86.3662173,23.22184897],[86.36629371,23.2221402],[86.36630218,23.22306675],[86.36639744,23.22341989],[86.36613867,23.2252268],[86.3661386,23.22522695],[86.36564635,23.22645718],[86.36564634,23.22645727],[86.36552423,23.2270928],[86.36524991,23.22772839],[86.36511657,23.22803736],[86.36511657,23.2280374],[86.36527872,23.22886259],[86.36530963,23.22990434],[86.3651952,23.23149686],[86.36528319,23.23162864],[86.36545193,23.23167605],[86.36545177,23.23167625],[86.36516441,23.23202519],[86.36516434,23.2320254],[86.3649932,23.23260148],[86.36481843,23.2334651],[86.36481838,23.23346519],[86.36447924,23.2341865],[86.36388424,23.2354131],[86.36388417,23.23541332],[86.36362494,23.23620569],[86.36336381,23.2370702],[86.36327137,23.23771772],[86.3632624,23.23832859],[86.36326234,23.23832875],[86.3631702,23.23854178],[86.36317021,23.23854183],[86.36345271,23.24005078],[86.36409834,23.24101822],[86.36542311,23.24194314],[86.36634481,23.24186325],[86.36768831,23.24141973],[86.36818674,23.24100426],[86.36843218,23.24093514],[86.3699332,23.2400507],[86.37112788,23.23880058],[86.3712112,23.23879986],[86.37137407,23.23866893],[86.37144147,23.23859762],[86.37191151,23.23810022],[86.37218122,23.23775094],[86.37257583,23.23723988],[86.37283814,23.23630686],[86.37348381,23.23473383],[86.37436983,23.23345695],[86.37480311,23.23300468],[86.37492696,23.23296783],[86.3754827,23.23226318],[86.37657587,23.2311201],[86.37782375,23.23023479],[86.37782387,23.2302347],[86.37791823,23.23003966],[86.37796273,23.22994768],[86.37878894,23.22930841],[86.37878905,23.22930832],[86.37926685,23.22857381],[86.37947743,23.22825009],[86.3811862,23.22678057],[86.3826988,23.22495643],[86.38269892,23.22495629],[86.3831446,23.22379966],[86.38325443,23.22351461],[86.38325448,23.22351449],[86.38333556,23.22315395],[86.3833356,23.22315375],[86.3834163,23.22308145],[86.38341643,23.22308133],[86.38360939,23.22214486],[86.38349123,23.22164018],[86.38329802,23.22114493],[86.382793,23.22033114],[86.3814826,23.21901515],[86.38054635,23.21856369],[86.37980498,23.21807906],[86.37817816,23.21741366],[86.37686704,23.21660683],[86.37661513,23.21645177],[86.37531181,23.21586082],[86.37525736,23.21574103],[86.37514932,23.21575388],[86.37437807,23.21514652],[86.37390822,23.21415302],[86.37307983,23.21277527],[86.37299576,23.21219954],[86.37283598,23.2116925],[86.3729435,23.21068755],[86.37283152,23.21018212],[86.37307379,23.20938074],[86.37308869,23.20909587],[86.3730887,23.20909576],[86.37322578,23.20886981],[86.37349674,23.20794173],[86.3734968,23.20794151],[86.37406991,23.20697911],[86.37460977,23.20634799],[86.37522224,23.20577052],[86.37643727,23.2043625],[86.37691945,23.20392561],[86.37814852,23.20311305],[86.37822033,23.20300907],[86.37822048,23.20300885],[86.37832757,23.2030203],[86.37960893,23.20239731],[86.38016293,23.20205606],[86.38159215,23.20092141],[86.3815922,23.20092138],[86.38206414,23.20006064],[86.38206419,23.20006055],[86.3825498,23.19941157],[86.38273361,23.19904834],[86.38273376,23.19904805],[86.38331222,23.19839419],[86.38364795,23.19777708],[86.38382598,23.19744985],[86.38382608,23.19744966],[86.38400523,23.19732193],[86.38527703,23.19571214],[86.3855285,23.19551325],[86.38646518,23.19440061],[86.38714082,23.19389619],[86.38779237,23.19354309],[86.38888595,23.19320351],[86.3892628,23.19242148],[86.38934499,23.19162522],[86.38962255,23.19060854],[86.3895863,23.19032406],[86.38979512,23.18958882],[86.38979641,23.18908284],[86.38990009,23.18864424],[86.39033075,23.18748205],[86.39033076,23.18748201],[86.39033083,23.18748183],[86.3903676,23.18718754],[86.39040909,23.18686565],[86.39063899,23.18508524],[86.39063901,23.18508506],[86.39071799,23.18501223],[86.39071812,23.18501211],[86.39102759,23.18335043],[86.39103477,23.18333529],[86.39113595,23.18312178],[86.39161973,23.18131019],[86.3916198,23.18130989],[86.39199665,23.17941271],[86.39232669,23.17831072],[86.39232676,23.17831049],[86.39256171,23.17715363],[86.39256178,23.17715333],[86.3929436,23.17482434],[86.39301499,23.17373366],[86.39309994,23.17329777],[86.3931,23.17329747],[86.39307921,23.17249406],[86.39317504,23.17169579],[86.3928209,23.16952258],[86.3925586,23.16900337],[86.39217954,23.16792153],[86.39193997,23.16748527],[86.3911045,23.16647412],[86.39076105,23.1661591],[86.38922833,23.16513616],[86.38859028,23.16485212],[86.38851564,23.16474992],[86.3873182,23.16397883],[86.38657348,23.16361529],[86.38635756,23.16370052],[86.38626224,23.16367915],[86.3854672,23.16331844],[86.38507356,23.16328332],[86.38443424,23.16302497],[86.38395752,23.16303733],[86.38181827,23.1627451],[86.38034769,23.16283222],[86.37673582,23.16277375],[86.37642017,23.16286128],[86.37578304,23.16286251],[86.37491893,23.16277485],[86.37364227,23.16279759],[86.37332267,23.16270863],[86.37316816,23.16272365],[86.37308915,23.16279696],[86.37150235,23.16266001],[86.37087067,23.16251067],[86.3700743,23.16252241],[86.36888437,23.16238359],[86.36809332,23.16254276],[86.36753948,23.16238426],[86.36682269,23.1623951],[86.36587062,23.16225647],[86.3646793,23.16226677],[86.36420228,23.16212393],[86.36387997,23.16221063],[86.36297009,23.16212159],[86.36269775,23.16201905],[86.3618236,23.16206962],[86.36157734,23.16200882],[86.36094527,23.16209318],[86.36016239,23.16199337],[86.35833913,23.16201154],[86.35714234,23.16186681],[86.3568331,23.16202926],[86.35564453,23.16203077],[86.35551275,23.16218967],[86.35421821,23.16204073],[86.35382861,23.16204095],[86.35302212,23.16204151],[86.3528187,23.16220884],[86.35264956,23.16210305],[86.35128724,23.16235368],[86.35104963,23.162508],[86.35048605,23.16249946],[86.34922856,23.16309856],[86.34899811,23.16312006],[86.34811514,23.16352882],[86.3476347,23.16362243],[86.3458989,23.16427925],[86.34558964,23.16430579],[86.3442329,23.16472771],[86.34392688,23.16475723],[86.3432068,23.16503109],[86.34281494,23.16504715],[86.3410732,23.16549999],[86.33989068,23.16588725],[86.33758994,23.1674655],[86.3367312,23.16831288],[86.33553275,23.16918796],[86.3348352,23.16996566],[86.33410573,23.17057897],[86.33405161,23.17068682],[86.33117024,23.17347794],[86.33055845,23.17398292],[86.3297353,23.1744767],[86.3295312,23.17467618],[86.32776931,23.17528755],[86.32690607,23.1756664],[86.32570393,23.17558714],[86.32531622,23.17576113],[86.32372647,23.17667729],[86.32301231,23.17721412],[86.32183013,23.17832075],[86.32130964,23.17911735],[86.32086072,23.18014097],[86.32064506,23.18087058],[86.32064506,23.18087065],[86.32063889,23.18167697],[86.32063882,23.18167702],[86.32055822,23.18173563],[86.32055816,23.18173592],[86.32053469,23.18186274],[86.32182963,23.18456548],[86.32284763,23.18574189],[86.32335324,23.18643051],[86.32367469,23.18670978],[86.32381308,23.18672596],[86.32381183,23.1868715],[86.32459411,23.1878789],[86.32506653,23.18816322],[86.32511816,23.18828372],[86.32578196,23.18893974],[86.32590963,23.18895938],[86.32644639,23.18952512],[86.3270902,23.19003735],[86.32802586,23.19090878],[86.32994052,23.19288557],[86.33062543,23.19412362],[86.33078158,23.19477523],[86.33056683,23.19608457],[86.3301967,23.19732215],[86.33005416,23.19806109],[86.32981841,23.19863166],[86.3298184,23.19863182],[86.32971068,23.20008159],[86.32982079,23.20073713],[86.3302151,23.20188781],[86.33086228,23.20297042],[86.33174195,23.20381538],[86.33246939,23.20418426],[86.33252031,23.20430448],[86.3341274,23.20513208],[86.33443749,23.20515628],[86.33524349,23.20540081],[86.33586893,23.20569346],[86.33753529,23.20583382],[86.34016597,23.2056511],[86.34041495,23.2055276],[86.34073764,23.20551942],[86.34089027,23.20547387],[86.34094546,23.20535262],[86.34209359,23.20506341],[86.34258318,23.20480497],[86.34305197,23.20441724],[86.34458436,23.20402699],[86.34522206,23.20401824],[86.34649808,23.20415064],[86.34729921,23.20413912],[86.34898052,23.20468499],[86.35015265,23.20535954],[86.35084579,23.20600365],[86.35117332,23.20597683],[86.35189964,23.20713963]]]},"properties":{"gid":3695,"objectid":3719,"index_":"UNDIFF.FLUVIAL / AEOLIAN / COASTA & GLACIAL  SEDIMENTS","age_code":28,"age":"QUATERNARY","supergroup":null,"group_":null,"geom_id":289,"shape_leng":28800.5318026,"shape_area":34953236.3849,"stratigrap":"289,UNDIFF.FLUVIAL / AEOLIAN / COASTA & GLACIAL  SEDIMENTS,QUATERNARY","stratigrap_new":"UNDIFF-FLUVIAL-AEOLIAN-COASTA-GLACIAL-SEDIMENTS-QUATERNARY"}},{"type":"Feature","geometry":{"type":"Polygon","coordinates":[[[86.46305004,23.16448285],[86.46384193,23.16407459],[86.46444071,23.16365579],[86.46469841,23.16353838],[86.46539029,23.1632233],[86.46593133,23.16274055],[86.46601025,23.16274282],[86.46689767,23.16204412],[86.46694905,23.16192276],[86.46767571,23.16137873],[86.46843222,23.16064933],[86.46913281,23.16014324],[86.46954875,23.15995083],[86.47070347,23.15918748],[86.47196805,23.15851679],[86.47235543,23.15836941],[86.4725841,23.15835259],[86.47361409,23.15798254],[86.47408262,23.15797477],[86.47440174,23.15785764],[86.47525827,23.15770054],[86.47579723,23.15743833],[86.47591219,23.15745387],[86.4759632,23.15733141],[86.47755984,23.1568251],[86.47940827,23.15570963],[86.48075295,23.15503128],[86.48126657,23.15462373],[86.48292408,23.15384727],[86.48338197,23.15366546],[86.48354048,23.15366148],[86.48450876,23.15317107],[86.48497097,23.15288031],[86.48582425,23.15211744],[86.48617147,23.15121807],[86.48629075,23.15015412],[86.48628503,23.14961746],[86.48599215,23.14868644],[86.48568077,23.14821474],[86.48458345,23.14702803],[86.48380044,23.14580268],[86.48380685,23.14542787],[86.48453975,23.14382512],[86.4846696,23.14307431],[86.4846186,23.14276871],[86.48450455,23.14253465],[86.4834658,23.14118072],[86.48241496,23.1406114],[86.4822041,23.14055177],[86.4811902,23.13995091],[86.48062592,23.13975881],[86.47999541,23.13975357],[86.47991609,23.13967645],[86.47894813,23.14004981],[86.47835476,23.14060176],[86.47747794,23.14116646],[86.47695688,23.14138305],[86.47663397,23.14136103],[86.47593127,23.14151675],[86.4756135,23.14150156],[86.47522638,23.1416538],[86.47387245,23.1418288],[86.47184418,23.14144953],[86.47097974,23.14143765],[86.47043027,23.14150524],[86.46995958,23.14142123],[86.46932932,23.14142258],[86.4690838,23.14128743],[86.46775146,23.14132279],[86.46752114,23.14123963],[86.46641658,23.14123306],[86.46585108,23.14098318],[86.46458162,23.14004018],[86.46409277,23.13951904],[86.46354772,23.13871999],[86.46291656,23.13810436],[86.46173604,23.13714643],[86.46077034,23.13662046],[86.45999633,23.13630285],[86.45866232,23.13610199],[86.45763863,23.13610013],[86.45653697,23.13624276],[86.4556621,23.13625254],[86.45526815,23.13609544],[86.45467335,23.13596575],[86.45440382,23.13601493],[86.45417323,23.13593456],[86.45369832,23.1359368],[86.45244242,23.13609397],[86.45219933,23.13621682],[86.45172089,23.13628733],[86.45100212,23.13669659],[86.45048677,23.13708448],[86.44998954,23.13789185],[86.44959279,23.13840569],[86.44879802,23.13972477],[86.44811209,23.14105499],[86.44753277,23.14325839],[86.44680673,23.14490837],[86.44570538,23.1457324],[86.44525389,23.14592952],[86.44439489,23.14607487],[86.44375367,23.14592491],[86.44273742,23.14535071],[86.44258893,23.14520212],[86.44165984,23.14403208],[86.44137234,23.14358489],[86.43922369,23.13989986],[86.43817147,23.13918235],[86.4381111,23.13901713],[86.4377723,23.13859457],[86.43658794,23.13772168],[86.4358638,23.13739381],[86.43445366,23.13723358],[86.43373919,23.13742131],[86.43246713,23.13793239],[86.43215229,23.13796607],[86.43136726,23.13825766],[86.43102997,23.1383121],[86.43041008,23.13876411],[86.42954502,23.13909483],[86.42889771,23.13952181],[86.42718781,23.14086409],[86.42626157,23.14146809],[86.42532482,23.14246822],[86.42409688,23.14409438],[86.42403588,23.14422351],[86.42330405,23.14577146],[86.42313979,23.14600471],[86.42312523,23.14619739],[86.42284778,23.14672122],[86.42234907,23.14824261],[86.42175797,23.1496431],[86.42172585,23.14984937],[86.42066077,23.15183285],[86.42055551,23.15218615],[86.41987911,23.15343858],[86.41944347,23.15452896],[86.4188507,23.15562646],[86.41852559,23.15670986],[86.41824295,23.15723261],[86.41798858,23.15802704],[86.41797916,23.15831367],[86.41770011,23.15898273],[86.41746374,23.16029058],[86.41746295,23.16087229],[86.41778985,23.16232647],[86.41822369,23.16251172],[86.41840862,23.16249959],[86.41861366,23.16266543],[86.4212409,23.16265238],[86.42179249,23.16274244],[86.42205319,23.16267059],[86.42275384,23.16279468],[86.42305866,23.16296371],[86.42345643,23.16280502],[86.42393735,23.16280243],[86.4242601,23.16287634],[86.42448534,23.16282304],[86.42512439,23.16295714],[86.42615795,23.16296799],[86.4266344,23.16283711],[86.42766066,23.1627939],[86.42900122,23.16223848],[86.42925644,23.16225614],[86.4300298,23.16208305],[86.4302597,23.161946],[86.43066333,23.16196222],[86.43097156,23.16180306],[86.43137106,23.16179994],[86.43161534,23.16167914],[86.43185138,23.16167238],[86.43287014,23.16135151],[86.43310566,23.16122939],[86.43382604,23.1612477],[86.43413411,23.16108884],[86.43469601,23.1611065],[86.43500401,23.16094779],[86.43541096,23.16096521],[86.43579964,23.16088013],[86.43667327,23.16090227],[86.43699002,23.16082196],[86.43865456,23.1610895],[86.43865577,23.16123567],[86.43873522,23.16127283],[86.43913079,23.16126909],[86.43944128,23.16143221],[86.43976135,23.16143972],[86.4400074,23.16156383],[86.44182668,23.1618833],[86.44308556,23.16191101],[86.44348751,23.16204927],[86.44380195,23.16206153],[86.44412523,23.16220716],[86.44437665,23.16216274],[86.44554805,23.16251008],[86.44594152,23.16252365],[86.44618737,23.16264865],[86.44649646,23.16267644],[86.44674224,23.16280158],[86.44706686,23.16281334],[86.44753171,23.16297942],[86.4477631,23.16312543],[86.44792752,23.1631136],[86.44823888,23.16327785],[86.44840323,23.16326618],[86.44904552,23.16355438],[86.45149304,23.16404882],[86.45212037,23.16435936],[86.45228788,23.16435074],[86.4526067,23.16449444],[86.45307821,23.16458673],[86.45411003,23.16511692],[86.45421524,23.16510655],[86.45426906,23.1652295],[86.45458141,23.16528452],[86.4568847,23.16619255],[86.45712018,23.1662014],[86.45767347,23.1663604],[86.45831067,23.16637735],[86.46101502,23.16600367],[86.46106658,23.16588267],[86.4615604,23.16562111],[86.46305004,23.16448285]]]},"properties":{"gid":3696,"objectid":3720,"index_":"UNDIFF.FLUVIAL / AEOLIAN / COASTA & GLACIAL  SEDIMENTS","age_code":28,"age":"QUATERNARY","supergroup":null,"group_":null,"geom_id":289,"shape_leng":19065.7376201,"shape_area":15729491.159,"stratigrap":"289,UNDIFF.FLUVIAL / AEOLIAN / COASTA & GLACIAL  SEDIMENTS,QUATERNARY","stratigrap_new":"UNDIFF-FLUVIAL-AEOLIAN-COASTA-GLACIAL-SEDIMENTS-QUATERNARY"}},{"type":"Feature","geometry":{"type":"Polygon","coordinates":[[[86.03431756,23.22497451],[86.03321721,23.22499529],[86.031627,23.225196],[86.03014419,23.2251928],[86.02930651,23.22512498],[86.02784412,23.22458308],[86.02748025,23.22413496],[86.02693697,23.22295146],[86.02615055,23.22148903],[86.02548446,23.22030924],[86.02493797,23.21958193],[86.02463293,23.2194179],[86.02382606,23.21941496],[86.02298073,23.21967887],[86.02139188,23.21976806],[86.02029327,23.21967702],[86.01907339,23.21958868],[86.01761114,23.21933576],[86.01615657,23.21919394],[86.01499567,23.21893822],[86.01420649,23.21861635],[86.01396384,23.21811368],[86.01401888,23.2175381],[86.01463245,23.21696998],[86.01621528,23.21642591],[86.01725231,23.21606328],[86.01804713,23.21553607],[86.01835485,23.21479343],[86.0184803,23.21388511],[86.01831784,23.21318039],[86.01762954,23.21249161],[86.01720361,23.2119368],[86.01665629,23.21115951],[86.01629224,23.21037799],[86.01587174,23.20829947],[86.01563112,23.20723347],[86.01567847,23.20643746],[86.01508233,23.20679794],[86.014233,23.20740606],[86.01398011,23.20756382],[86.01294175,23.20832729],[86.01184538,23.20926095],[86.01069248,23.21013943],[86.00978577,23.21117892],[86.00936383,23.21152879],[86.00906233,23.2111446],[86.00924263,23.21068952],[86.00966459,23.21005816],[86.01063233,23.20895983],[86.01160414,23.20791694],[86.01251783,23.20715687],[86.01367909,23.20616327],[86.01453651,23.20557305],[86.01508852,23.2052176],[86.01515164,23.2047642],[86.0151536,23.20431268],[86.01509487,23.20375026],[86.01522082,23.20301263],[86.01534802,23.20210565],[86.01571948,23.2014725],[86.01621364,23.20094798],[86.01670735,23.20059255],[86.01775226,23.20061427],[86.01867478,23.20064042],[86.01941258,23.20072952],[86.01978117,23.2008308],[86.02037326,23.20101364],[86.02076738,23.20068574],[86.0212014,23.2003317],[86.02206902,23.19973646],[86.02318339,23.19918934],[86.02479298,23.19851175],[86.02609438,23.19790032],[86.02739729,23.19717429],[86.02764591,23.19699518],[86.02789221,23.19704404],[86.02789163,23.19710103],[86.02788808,23.19744307],[86.02769879,23.19784797],[86.02706957,23.19906402],[86.02681487,23.19986888],[86.0269292,23.20077587],[86.02741639,23.20138699],[86.02790468,23.20188457],[86.02852025,23.20217386],[86.02870231,23.20225947],[86.02881983,23.20282553],[86.0286943,23.20305694],[86.02838488,23.20317977],[86.02751918,23.20348951],[86.02708453,23.20384344],[86.0271352,23.20445357],[86.02744138,23.20482584],[86.02867237,23.20527799],[86.02928456,23.20565963],[86.03032796,23.20602973],[86.03136885,23.20662855],[86.03179646,23.20695912],[86.03277427,23.20767464],[86.03338403,23.20822911],[86.03405711,23.20861121],[86.03514146,23.20881863],[86.03553012,23.20903037],[86.03679111,23.20896827],[86.03799682,23.20873995],[86.03953872,23.20858718],[86.04101486,23.20877947],[86.04175146,23.20899026],[86.04267065,23.20936847],[86.04315821,23.20975731],[86.04363849,23.21066151],[86.04411599,23.2117376],[86.04484442,23.21246481],[86.04570091,23.21284582],[86.04637855,23.21283037],[86.04687318,23.21270457],[86.04774403,23.21216931],[86.04887094,23.21105526],[86.04981432,23.20988784],[86.050513,23.20861096],[86.05108197,23.20773803],[86.05165711,23.20646342],[86.05222278,23.20534853],[86.0529229,23.20442665],[86.0537391,23.20354731],[86.05468226,23.20243531],[86.05561402,23.20141334],[86.05562767,23.20115069],[86.05601576,23.19987811],[86.05627438,23.19901038],[86.05653697,23.19779735],[86.05667785,23.19635658],[86.05683023,23.1953226],[86.05731427,23.194789],[86.05812459,23.19425308],[86.05917963,23.19399981],[86.0597172,23.19398824],[86.06004673,23.19398123],[86.06078764,23.19419587],[86.06107011,23.19433399],[86.06146548,23.19452722],[86.0625735,23.19519538],[86.06331034,23.19581375],[86.06398271,23.19623227],[86.064606,23.19636389],[86.06528757,23.19640839],[86.06597371,23.19605016],[86.06672441,23.19546062],[86.06809733,23.1946873],[86.0686588,23.19438947],[86.06915874,23.1940351],[86.06766933,23.19406165],[86.06724071,23.19349358],[86.07009586,23.19338536],[86.07103687,23.19227491],[86.07203876,23.19122102],[86.07329175,23.18970196],[86.07422935,23.18876452],[86.07522846,23.18782627],[86.07628724,23.18723353],[86.07709634,23.18687549],[86.07852612,23.18656667],[86.07973782,23.18637227],[86.08119581,23.18625638],[86.08200693,23.18600098],[86.08286486,23.18546208],[86.08387428,23.1849965],[86.08468434,23.18417834],[86.08524506,23.18353636],[86.0859918,23.18294984],[86.08692443,23.18247676],[86.08791905,23.182003],[86.08909982,23.18152726],[86.09003196,23.18116998],[86.09096393,23.18081284],[86.09189586,23.18039799],[86.09222849,23.18028499],[86.09328642,23.1799256],[86.09413206,23.17950682],[86.09543633,23.17903051],[86.09618134,23.1785603],[86.09692923,23.17814512],[86.09754688,23.1777369],[86.09838513,23.17706551],[86.09900858,23.17647844],[86.09928169,23.17558017],[86.09965185,23.17459344],[86.1000823,23.1731433],[86.10032822,23.17238893],[86.10069731,23.17140187],[86.10125162,23.17023942],[86.10205256,23.16878515],[86.10260625,23.16768043],[86.10277887,23.16725145],[86.10309697,23.1664605],[86.10358525,23.16477742],[86.10384812,23.16345117],[86.103695,23.16193977],[86.10362972,23.16130355],[86.10356351,23.16049357],[86.10328103,23.15958936],[86.10287403,23.15905221],[86.10243766,23.15859297],[86.10175463,23.15836756],[86.10094067,23.15827383],[86.08949043,23.14689297],[86.08800411,23.14684957],[86.08664198,23.14686325],[86.08535574,23.14675918],[86.0840428,23.14712194],[86.08280612,23.14742509],[86.08200241,23.1476659],[86.08119823,23.14779079],[86.0802696,23.14780103],[86.07952705,23.14786738],[86.07866292,23.14839979],[86.07768515,23.14839795],[86.07680491,23.14818919],[86.07569009,23.1480283],[86.07405147,23.14776076],[86.07259914,23.14768166],[86.07141891,23.14773295],[86.06869685,23.14771093],[86.06696528,23.1477931],[86.0650486,23.14787878],[86.06362688,23.14795809],[86.06121707,23.14822831],[86.05911619,23.14832059],[86.05701611,23.14847273],[86.05571926,23.14855386],[86.05436593,23.14854454],[86.05300271,23.14872047],[86.05219317,23.14868309],[86.05121268,23.14881335],[86.05022759,23.14872168],[86.0493599,23.14844084],[86.04857085,23.14816722],[86.04769313,23.14818241],[86.04652141,23.14826586],[86.04553582,23.14863913],[86.04479717,23.14906623],[86.04368959,23.14979587],[86.04276695,23.15052224],[86.04184408,23.15113229],[86.04135234,23.15161449],[86.04079872,23.15198132],[86.04043072,23.15263697],[86.04024905,23.15381565],[86.0401288,23.15493355],[86.04031549,23.1556317],[86.04054445,23.15549912],[86.04044005,23.15609686],[86.04013236,23.15628172],[86.04013382,23.15686751],[86.04050379,23.1569152],[86.04013523,23.15739463],[86.04001395,23.15815941],[86.0398929,23.15904102],[86.03977191,23.15992233],[86.03965134,23.16097861],[86.03965257,23.16148153],[86.03965412,23.16208887],[86.03982689,23.16308784],[86.03965904,23.16401567],[86.03962455,23.16475561],[86.03972427,23.16541367],[86.0398026,23.16559529],[86.03997229,23.16598853],[86.0404665,23.16643865],[86.0414549,23.16728053],[86.04201117,23.16790342],[86.04262874,23.16852427],[86.04293807,23.16927095],[86.04343203,23.17012802],[86.043494,23.17099807],[86.04349385,23.17169535],[86.04318508,23.1724601],[86.04281452,23.17305245],[86.04250561,23.17352672],[86.04194987,23.17400892],[86.04132835,23.17412784],[86.04083931,23.17450959],[86.03991476,23.17454074],[86.0396069,23.17443519],[86.03923907,23.17346122],[86.03856184,23.17307837],[86.03812918,23.17229283],[86.03782381,23.17194269],[86.03751592,23.1715468],[86.03739282,23.17079524],[86.03702329,23.17104141],[86.03677687,23.17116673],[86.03653051,23.17105957],[86.03665364,23.17064779],[86.03677679,23.17046864],[86.03696151,23.17034552],[86.03640678,23.16984212],[86.0357911,23.17003979],[86.03474449,23.17031275],[86.03394419,23.17057708],[86.03307221,23.17083056],[86.03204052,23.17116561],[86.03105107,23.17151192],[86.0301834,23.17192762],[86.02957335,23.17239137],[86.02834139,23.17314522],[86.02739601,23.17351564],[86.02722942,23.1745903],[86.02728891,23.17510892],[86.02740699,23.17567003],[86.02746966,23.17596862],[86.02754024,23.17616711],[86.02765177,23.17648074],[86.0282023,23.17714896],[86.02862901,23.17788071],[86.02887043,23.17867823],[86.02886811,23.17914895],[86.02849911,23.18001333],[86.02805408,23.1807893],[86.02780231,23.18143332],[86.02757592,23.18213246],[86.02798098,23.18217307],[86.02859668,23.18226155],[86.02852328,23.18262067],[86.02810028,23.18262764],[86.02779295,23.18252597],[86.02711702,23.18252805],[86.02668064,23.18280424],[86.02657695,23.18295377],[86.02637154,23.1832498],[86.02620005,23.18349691],[86.02561917,23.1841697],[86.025178,23.18510495],[86.02486408,23.18563331],[86.02442119,23.1866808],[86.02410222,23.18766469],[86.0237875,23.18839353],[86.02328476,23.18906676],[86.02303591,23.18924786],[86.02241764,23.18933023],[86.02186173,23.18935325],[86.02161705,23.18913605],[86.02132635,23.188999],[86.02143781,23.1885749],[86.02113437,23.1880761],[86.02089713,23.18717636],[86.02090512,23.1864363],[86.02109905,23.18563022],[86.02128931,23.18516559],[86.02155427,23.1847174],[86.02173015,23.18434652],[86.0221684,23.18375492],[86.02265943,23.18332142],[86.02284373,23.18306039],[86.02291854,23.18280463],[86.02317055,23.18227736],[86.02367397,23.18175733],[86.02391969,23.18132444],[86.0244084,23.18087831],[86.02460678,23.18031542],[86.0247971,23.17967381],[86.02480213,23.17904064],[86.02456133,23.1783039],[86.02382622,23.17776481],[86.02266036,23.17719175],[86.02198565,23.17682468],[86.02051065,23.17644607],[86.01954839,23.17623232],[86.01910034,23.17566477],[86.01862349,23.17506139],[86.01762472,23.17541043],[86.01639122,23.17566224],[86.01534197,23.17590373],[86.01422795,23.17637954],[86.01373129,23.17669887],[86.01313222,23.17705262],[86.01297777,23.17783138],[86.01278121,23.17875224],[86.01277202,23.17948931],[86.01278186,23.18030438],[86.01324902,23.18087466],[86.01373257,23.18175129],[86.01399658,23.18260001],[86.01476534,23.18322102],[86.01530802,23.18438056],[86.01579224,23.18526129],[86.01609309,23.18598212],[86.01639412,23.18670323],[86.01675753,23.18736529],[86.01693574,23.1880363],[86.01698931,23.18882621],[86.01691948,23.18962131],[86.01672814,23.19025173],[86.01635126,23.19094623],[86.01597735,23.1913576],[86.01541911,23.19172003],[86.01529528,23.1917817],[86.01461993,23.19147197],[86.01413096,23.19098572],[86.01389109,23.1902073],[86.01371302,23.18942639],[86.01372874,23.18828341],[86.01379105,23.18767549],[86.01373941,23.18666308],[86.01354723,23.18574371],[86.0133847,23.18515855],[86.01308755,23.18410275],[86.01254279,23.18311781],[86.01162935,23.18198699],[86.01120471,23.18133661],[86.01041137,23.18054159],[86.00978494,23.17983379],[86.00956052,23.17941614],[86.00907513,23.17865845],[86.00871171,23.17818242],[86.00835125,23.17742214],[86.00817422,23.17681743],[86.00807334,23.17619109],[86.00829129,23.17541916],[86.00850373,23.17502366],[86.00938067,23.17434858],[86.01016783,23.17422185],[86.0114778,23.17417925],[86.0121303,23.17416197],[86.01289422,23.17418497],[86.01412533,23.174209],[86.01512213,23.17423061],[86.01603376,23.17413257],[86.01656681,23.17413163],[86.01687694,23.17401434],[86.01732747,23.17387301],[86.01769767,23.17367549],[86.01800677,23.17336627],[86.01843943,23.17287524],[86.01853513,23.17196705],[86.01868925,23.1715244],[86.01855755,23.17108276],[86.01833093,23.17032444],[86.01803252,23.17009736],[86.01776789,23.16989606],[86.01709364,23.16933256],[86.0169664,23.16872354],[86.01689989,23.16743897],[86.01708028,23.16631036],[86.01726149,23.16523819],[86.01744289,23.16410468],[86.01738483,23.16370224],[86.01628748,23.16425619],[86.0161515,23.16371638],[86.01682619,23.16313836],[86.01731773,23.16310672],[86.01700882,23.16223663],[86.0168233,23.16153507],[86.01645354,23.16078375],[86.01620728,23.16038126],[86.01589999,23.16022102],[86.0153197,23.16024855],[86.01491788,23.16058183],[86.01424321,23.16128413],[86.01377782,23.16195251],[86.0132007,23.16243293],[86.0124035,23.16332829],[86.01160571,23.16368807],[86.01080761,23.16381072],[86.01007092,23.16387001],[86.00902745,23.1640165],[86.00792282,23.16417097],[86.00681829,23.16432825],[86.00553,23.16462672],[86.00479387,23.16475498],[86.0036683,23.16529262],[86.00256658,23.16712906],[86.00245464,23.16825342],[86.00280899,23.16938079],[86.00327054,23.17003011],[86.00381496,23.17085104],[86.00411324,23.17167073],[86.00435994,23.17243406],[86.00361137,23.17321278],[86.0030955,23.1735614],[86.00235423,23.17374155],[86.00119611,23.17396693],[86.00014888,23.17402799],[85.99999985,23.17403667],[85.99998997,23.17404149],[85.99909828,23.17447831],[85.99798994,23.17548832],[85.99659747,23.17664177],[85.99583708,23.17739242],[85.99568302,23.17794548],[85.99561082,23.17820469],[85.99544727,23.17904632],[85.99556574,23.18003509],[85.99618523,23.1813176],[85.99705913,23.18222401],[85.99887287,23.18363035],[85.99999078,23.18399035],[85.99999999,23.18399331],[86.00036611,23.1839998],[86.0009337,23.18392615],[86.00122097,23.183837],[86.00203651,23.18352968],[86.00346484,23.18284938],[86.00443192,23.18266512],[86.00505147,23.18262131],[86.00552837,23.18258877],[86.00626136,23.18276335],[86.00662695,23.18307466],[86.00686874,23.18356188],[86.00679197,23.1839777],[86.00698135,23.1851188],[86.00691762,23.18556949],[86.00673185,23.18602747],[86.00642498,23.18643676],[86.00593659,23.18680142],[86.00514785,23.18696266],[86.00478532,23.18698647],[86.00436359,23.18701512],[86.00334606,23.18703367],[86.00258765,23.1868737],[86.00163979,23.18707165],[86.00055329,23.18736022],[86.00014906,23.18763643],[86.00000006,23.18773823],[85.99999117,23.18774184],[85.99837256,23.18840146],[85.99708711,23.18905097],[85.99521226,23.1910185],[85.9930891,23.19453371],[85.99271452,23.196434],[85.99242933,23.19788073],[85.99256803,23.19989918],[85.99397667,23.20279852],[85.99619444,23.20518269],[85.99734172,23.20731498],[85.998244,23.21026788],[85.99890156,23.21234026],[85.99957527,23.21421528],[85.99999424,23.21483354],[86.00000016,23.21484221],[86.00059257,23.21528062],[86.00115484,23.21597225],[86.00160829,23.21639501],[86.00258292,23.21735579],[86.00316207,23.21794761],[86.00397857,23.21875761],[86.00468186,23.21918324],[86.00616014,23.22054284],[86.00776827,23.22173916],[86.00944608,23.22294024],[86.01119135,23.22408881],[86.01276073,23.22496238],[86.01445429,23.22566685],[86.01548431,23.22627083],[86.016333,23.22659595],[86.01827472,23.22735621],[86.02009673,23.2278365],[86.02115256,23.22814782],[86.02228477,23.22848165],[86.02313588,23.22875159],[86.02368271,23.22913991],[86.02465443,23.22991875],[86.02501858,23.23031012],[86.02532134,23.23092943],[86.02592675,23.23222489],[86.02622967,23.23267409],[86.02665433,23.23295155],[86.02750439,23.23310953],[86.02890176,23.23308936],[86.02975164,23.23330402],[86.03066158,23.23363143],[86.03278447,23.23428205],[86.03320897,23.23438945],[86.03454701,23.2341422],[86.0353931,23.23377812],[86.03589127,23.23321104],[86.03613988,23.23258068],[86.0361587,23.23047192],[86.03611266,23.22887626],[86.03606929,23.22705194],[86.03565401,23.22580474],[86.03492669,23.22519104],[86.03431756,23.22497451]]]},"properties":{"gid":3697,"objectid":3721,"index_":"UNDIFF.FLUVIAL / AEOLIAN / COASTA & GLACIAL  SEDIMENTS","age_code":28,"age":"QUATERNARY","supergroup":null,"group_":null,"geom_id":289,"shape_leng":60147.887248,"shape_area":51097329.6423,"stratigrap":"289,UNDIFF.FLUVIAL / AEOLIAN / COASTA & GLACIAL  SEDIMENTS,QUATERNARY","stratigrap_new":"UNDIFF-FLUVIAL-AEOLIAN-COASTA-GLACIAL-SEDIMENTS-QUATERNARY"}},{"type":"Feature","geometry":{"type":"Polygon","coordinates":[[[86.44385818,23.41086314],[86.44550333,23.41027459],[86.44641991,23.40985607],[86.44800409,23.40892217],[86.44877432,23.40869488],[86.45048017,23.40848996],[86.45228936,23.40843882],[86.45397328,23.40852137],[86.45523411,23.40877074],[86.45680753,23.40881928],[86.45810038,23.40888124],[86.46165445,23.40844819],[86.46439391,23.40755102],[86.46784409,23.4065036],[86.47057539,23.40567441],[86.4722042,23.40528276],[86.47488434,23.4052918],[86.47708464,23.40560807],[86.47894923,23.40609974],[86.48143491,23.40690235],[86.48291149,23.40701887],[86.48502126,23.40702582],[86.48568493,23.40685669],[86.48762341,23.40590871],[86.48999037,23.40467179],[86.4915915,23.40368121],[86.49366544,23.40258845],[86.49679154,23.4014309],[86.49839157,23.40088502],[86.49998751,23.40029856],[86.49998745,23.39812009],[86.50164372,23.39812005],[86.50172554,23.3968623],[86.50185846,23.39580013],[86.50186054,23.39449452],[86.50178322,23.3941946],[86.50172055,23.39276897],[86.50185428,23.39145996],[86.50184415,23.39089927],[86.5019847,23.39009059],[86.50196195,23.38965523],[86.50204821,23.38934355],[86.50198693,23.38897166],[86.50204755,23.38872389],[86.50203894,23.38810318],[86.50215898,23.38704442],[86.50211086,23.38642296],[86.50178596,23.38464072],[86.50171966,23.38396038],[86.50164196,23.38365855],[86.50165447,23.38346684],[86.50157668,23.3831648],[86.5015892,23.38297309],[86.50141709,23.38211288],[86.50120639,23.38168105],[86.50117879,23.38150662],[86.50091894,23.38101869],[86.50000039,23.37985487],[86.49998701,23.37985018],[86.49933243,23.379621],[86.4976536,23.37933026],[86.49302816,23.3786472],[86.48786537,23.37857966],[86.48514412,23.37860754],[86.48181784,23.37881502],[86.48021832,23.37898794],[86.47811584,23.37913566],[86.47689573,23.37934788],[86.47619191,23.37943198],[86.47562864,23.37958152],[86.47483023,23.3798816],[86.47428973,23.38018251],[86.47358528,23.38043968],[86.47283294,23.38095611],[86.47175072,23.38186077],[86.47003463,23.38295784],[86.46765142,23.38387514],[86.46605178,23.38442458],[86.46472263,23.38478351],[86.4638298,23.38499088],[86.46287435,23.38527465],[86.46183563,23.38563459],[86.45906924,23.38708039],[86.45706383,23.38805506],[86.45648619,23.3882847],[86.45603,23.38837746],[86.45441772,23.388334],[86.45315608,23.38816326],[86.45074467,23.38798844],[86.44950568,23.38779703],[86.44763648,23.38733307],[86.44612729,23.38705746],[86.4444386,23.38638983],[86.44136732,23.38564318],[86.43664441,23.38678856],[86.43431574,23.38725703],[86.43085718,23.38742329],[86.42824765,23.38736236],[86.42442341,23.38734829],[86.42246013,23.38738812],[86.42085397,23.38738215],[86.41817006,23.38788274],[86.41447317,23.38875538],[86.41170991,23.39014469],[86.40934964,23.39190874],[86.40761178,23.39323178],[86.40633116,23.39434139],[86.40518264,23.39592615],[86.40403223,23.39794438],[86.40274064,23.40002136],[86.40149737,23.4016448],[86.40031201,23.40327368],[86.39980428,23.40436015],[86.39962639,23.4050448],[86.39973234,23.40577081],[86.40033999,23.4067608],[86.40081859,23.40726651],[86.40602057,23.40954388],[86.41221764,23.41141901],[86.41651492,23.41267322],[86.41840682,23.41279413],[86.42040938,23.41227992],[86.42486849,23.41185994],[86.42800389,23.41168757],[86.42982011,23.41169428],[86.43290973,23.41196993],[86.43434201,23.41235705],[86.43545679,23.41244925],[86.4367319,23.41233629],[86.43896368,23.41202114],[86.44090975,23.41146992],[86.44242238,23.41110725],[86.44385818,23.41086314]]]},"properties":{"gid":3698,"objectid":3722,"index_":"UNCLASSIFIED METAMORPHICS Gp.","age_code":98,"age":"ARCHAEAN- PALAEOPROTEROZOIC","supergroup":null,"group_":"UNCLASSIFIED METAMORPHICS","geom_id":981,"shape_leng":24974.5229003,"shape_area":26365197.0293,"stratigrap":"981,UNCLASSIFIED METAMORPHICS Gp.,ARCHAEAN- PALAEOPROTEROZOIC","stratigrap_new":"UNCLASSIFIED-METAMORPHICS-Gp-ARCHAEAN-PALAEOPROTEROZOIC"}},{"type":"Feature","geometry":{"type":"MultiPolygon","coordinates":[[[[86.84716389,23.47184407],[86.84626179,23.4716689],[86.84449458,23.47138669],[86.84295216,23.47120786],[86.84123374,23.47075618],[86.83971089,23.47021683],[86.83853022,23.46961544],[86.83762508,23.46920261],[86.83712283,23.4690639],[86.8364301,23.46899215],[86.83554681,23.46898735],[86.83467542,23.46915249],[86.83394223,23.46916549],[86.83347576,23.46909503],[86.83221274,23.46878247],[86.83147263,23.46854089],[86.83026119,23.46810544],[86.82921873,23.46750688],[86.82881539,23.46730169],[86.82829766,23.46714717],[86.82746048,23.46702585],[86.82637694,23.46698928],[86.8250502,23.46696992],[86.82346214,23.46696815],[86.82275473,23.46691679],[86.8223492,23.46679779],[86.82204203,23.46655999],[86.82195598,23.46639016],[86.82193227,23.46606757],[86.82189845,23.4653609],[86.82185725,23.46500424],[86.82162597,23.46473248],[86.82093176,23.46437602],[86.82003601,23.46393492],[86.81917161,23.46364698],[86.81869639355575,23.463431509815415],[86.8149206843655,23.464289181960858],[86.81400887325167,23.459840244113977],[86.81400466,23.45984021],[86.8120937,23.45972777],[86.8099037,23.45965154],[86.80875438,23.45958875],[86.80703794,23.45930844],[86.80531038,23.45913162],[86.80353368,23.45900609],[86.80206903,23.4589812],[86.80088347,23.45900885],[86.80056515,23.45950179],[86.80004055,23.46040363],[86.79970922,23.46033392],[86.79988576,23.45981176],[86.80020917,23.45902457],[86.80005147,23.45902824],[86.79814297,23.45899059],[86.79646413,23.45876554],[86.79511784,23.4585724],[86.7934861,23.45858528],[86.79118521,23.45865493],[86.78982954,23.45883572],[86.78858549,23.45889701],[86.78702446,23.45901198],[86.78535624,23.45900976],[86.78265633,23.45881488],[86.78023062,23.45871971],[86.77783011,23.45852069],[86.77599604,23.45845478],[86.77367817,23.4584279],[86.77173245,23.45836424],[86.769586,23.45820315],[86.76735234,23.4580912],[86.76581721,23.45797595],[86.76404554,23.45774852],[86.76257186,23.4575025],[86.76144926,23.4573032],[86.76048054,23.45693676],[86.75973274,23.45661788],[86.75860157,23.45589987],[86.75749388,23.45534455],[86.75607559,23.45480218],[86.75542421,23.45454409],[86.7537334,23.45387721],[86.75230299,23.4532576],[86.75085025,23.45221207],[86.75000008,23.45185577],[86.74999153,23.45185218],[86.74835372,23.45116572],[86.74740626,23.45089706],[86.74531647,23.45030448],[86.74465271,23.45019317],[86.74393865,23.45007552],[86.74308502,23.44987107],[86.74230716,23.44942504],[86.74233564,23.44939633],[86.74270738,23.44902201],[86.74288985,23.44883777],[86.74514822,23.44792661],[86.74568853,23.44760445],[86.74602447,23.44734493],[86.74659433,23.44657311],[86.74672489,23.44630156],[86.74677381,23.44551897],[86.74668055,23.44472932],[86.74660634,23.44445029],[86.74660832,23.44422515],[86.74648815,23.44382622],[86.74648188,23.44293041],[86.74642284,23.44236913],[86.74646344,23.44214803],[86.74635347,23.44163604],[86.74634932,23.44126137],[86.74627279,23.44085241],[86.74631691,23.43889433],[86.74643552,23.43806359],[86.74641974,23.43655224],[86.74635487,23.43576412],[86.74613899,23.43486639],[86.74569394,23.43349942],[86.74546662,23.43319839],[86.74487486,23.43211152],[86.74425559,23.43112175],[86.74420311,23.43095644],[86.74380731,23.43027123],[86.7432077,23.42939164],[86.74219233,23.4275924],[86.7420278,23.42735482],[86.74190447,23.4272787],[86.74175004,23.42690145],[86.7412032,23.42618788],[86.74088406,23.42582718],[86.74076115,23.42579381],[86.74066268,23.42553691],[86.7402291,23.42514835],[86.73998457,23.42485871],[86.73989511,23.42461239],[86.73909371,23.42364626],[86.73883952,23.42339923],[86.73850745,23.42292226],[86.73817471,23.42260121],[86.73732053,23.42150258],[86.73683446,23.420774],[86.73634351,23.4196793],[86.73622523,23.41897536],[86.73618338,23.41761818],[86.73633652,23.41662534],[86.73636165,23.4159743],[86.73631672,23.41549529],[86.73675492,23.41409359],[86.73693611,23.41351401],[86.73721906,23.41298207],[86.73788581,23.41145698],[86.73900748,23.40837007],[86.73922972,23.4075934],[86.73939029,23.4072861],[86.7396389,23.40657026],[86.73974407,23.40603153],[86.73996697,23.40529953],[86.74003758,23.40469695],[86.74017377,23.40439136],[86.74035732,23.40360145],[86.74047293,23.4033003],[86.74068571,23.40208337],[86.74121206,23.39988908],[86.74136134,23.39860628],[86.74136448,23.39787169],[86.74146949,23.39744195],[86.74158446,23.39646512],[86.74173828,23.39530192],[86.74204286,23.39407999],[86.7422623,23.39359537],[86.74254911,23.39316292],[86.74392112,23.39167305],[86.74440853,23.39125908],[86.74552079,23.39001681],[86.74623626,23.38904697],[86.74660146,23.38842712],[86.74682479,23.38818623],[86.74754353,23.3869564],[86.74801614,23.38633974],[86.74836648,23.38572944],[86.74886613,23.38506031],[86.74929807,23.38422967],[86.7496213,23.38351764],[86.74985465,23.38295855],[86.74998642,23.38246655],[86.7500001,23.38241546],[86.7513852,23.38072095],[86.75219955,23.3800624],[86.753315,23.37926988],[86.75459974,23.37862028],[86.75635527,23.3773245],[86.757466,23.37649445],[86.75879464,23.37543778],[86.76009775,23.37442466],[86.76182821,23.37296798],[86.76236807,23.37245492],[86.76332005,23.3719096],[86.76460408,23.37135125],[86.76549239,23.37094233],[86.76656132,23.37021185],[86.76779336,23.36900864],[86.76893002,23.36784987],[86.76978195,23.36706546],[86.77094569,23.36626996],[86.77199146,23.36549326],[86.77289997,23.3647344],[86.77416087,23.36385255],[86.77623483,23.36258227],[86.7778261,23.36171456],[86.77937775,23.36088612],[86.78106536,23.36010079],[86.78297733,23.35961919],[86.78454424,23.35915198],[86.78571858,23.35888124],[86.78739992,23.35865988],[86.78974276,23.35865796],[86.79300068,23.35843347],[86.79403714,23.35836253],[86.79573835,23.35828642],[86.79761322,23.3584165],[86.79983791,23.3587552],[86.80177300197803,23.358962888116253],[86.80091908185284,23.358300756646276],[86.80064907668208,23.3569595307352],[86.80031343,23.35690773],[86.79860551,23.35671396],[86.79743834,23.35658907],[86.79607793,23.35661522],[86.79520112,23.35668385],[86.79407498,23.35673645],[86.79239748,23.35688149],[86.79096418,23.35706448],[86.78940823,23.35731057],[86.78811604,23.35742938],[86.78705213,23.35743671],[86.78527815,23.35751269],[86.7844755,23.35757556],[86.78309671,23.35772358],[86.78166569,23.3578865],[86.77921726,23.35860888],[86.777188,23.35927707],[86.77559524,23.35987457],[86.77412806,23.36045451],[86.77347901,23.36079244],[86.7719367,23.36148045],[86.77021686,23.36235323],[86.76853205,23.36312833],[86.76695063,23.36389199],[86.76563294,23.36442533],[86.76389561,23.36537592],[86.76295925,23.36590488],[86.76184502,23.36650043],[86.7607256,23.36726983],[86.75956583,23.36817906],[86.7588309,23.36883941],[86.75749421,23.36978075],[86.75643562,23.37037149],[86.75450082,23.37158],[86.75283715,23.37266234],[86.75109246,23.37432823],[86.75000013,23.37559529],[86.74998636,23.37561306],[86.74938272,23.37639641],[86.74873745,23.37704303],[86.74821788,23.37750427],[86.74766808,23.37792231],[86.74724631,23.37829197],[86.7467654,23.37866477],[86.74577925,23.37948161],[86.7445342,23.38093782],[86.74336895,23.38266806],[86.74262719,23.3840184],[86.74230191,23.38493152],[86.74198504,23.38561455],[86.74153502,23.38725693],[86.74125408,23.38793945],[86.74120918,23.38824057],[86.74104833,23.38872383],[86.74035856,23.39049621],[86.73997593,23.39172241],[86.73976905,23.39274702],[86.73945029,23.39366395],[86.73930534,23.39439714],[86.73929615,23.39494391],[86.73919205,23.39555752],[86.73864254,23.39749781],[86.73864517,23.39776931],[86.73769408,23.40059123],[86.73643283,23.40285956],[86.73615326,23.40387785],[86.735954,23.40417758],[86.73534979,23.40536955],[86.73511732,23.40601576],[86.73459317,23.4071508],[86.73442155,23.40767605],[86.73314592,23.41037925],[86.7326191,23.41137921],[86.73219656,23.41243116],[86.73217204,23.41259783],[86.73158617,23.41382562],[86.7315421,23.41411484],[86.73126552,23.41480973],[86.73123107,23.41504049],[86.73077549,23.41608082],[86.73042976,23.4167214],[86.73022595,23.41734909],[86.73000266,23.41775921],[86.72994722,23.41803874],[86.72961171,23.41891603],[86.72944919,23.41966351],[86.72941804,23.42007069],[86.72945514,23.42059983],[86.72955999,23.42107162],[86.7297792,23.42160608],[86.72992679,23.42213286],[86.73008359,23.42249197],[86.73038891,23.4229774],[86.73097972,23.42368379],[86.7320953,23.42474813],[86.7328136,23.42518323],[86.73298545,23.42522823],[86.73319092,23.42541527],[86.73362005,23.42568279],[86.73432033,23.4259246],[86.7345673,23.4262211],[86.734642,23.42620772],[86.73469414,23.42631384],[86.73545256,23.42677245],[86.7363224,23.42726301],[86.73718573,23.42811412],[86.73789853,23.42906014],[86.73837558,23.42981383],[86.73965328,23.43140233],[86.7405918,23.4329124],[86.74125146,23.43423335],[86.74146057,23.43453115],[86.74162137,23.43491671],[86.74247895,23.43647016],[86.74282968,23.43727311],[86.74295654,23.43772909],[86.74296748,23.43806437],[86.74284478,23.43859851],[86.74265161,23.43884722],[86.7418368,23.43923414],[86.74128763,23.43937726],[86.74072404,23.43934821],[86.74041927,23.43940466],[86.73954535,23.43936102],[86.73929834,23.4394188],[86.73892018,23.43940849],[86.73861213,23.43933048],[86.7379863,23.43932207],[86.73773634,23.43924715],[86.73729514,23.43924085],[86.73667198,23.43909872],[86.73642127,23.43909137],[86.735544,23.43888914],[86.73478978,23.43881355],[86.73472602,23.43875485],[86.73366332,23.43871857],[86.73222525,23.43843522],[86.73108004,23.43802315],[86.7308978,23.43799867],[86.73039737,23.43779646],[86.72987792,23.43765505],[86.72863257,23.43717084],[86.72774446,23.43693193],[86.72755512,23.43693905],[86.72724597,23.43686113],[86.72686669,23.43685813],[86.72661609,23.43678306],[86.72630167,23.43678659],[86.72599261,23.43670874],[86.72555092,23.43670412],[86.72530141,23.43663211],[86.72511236,23.43668862],[86.72494101,23.43664618],[86.72474319,23.43668458],[86.72430039,23.43666179],[86.72405285,23.43672229],[86.72380055,23.43670208],[86.72314889,23.43677841],[86.72243441,23.4369566],[86.72216082,23.43682478],[86.72056537,23.43720136],[86.71968828,23.43716576],[86.71938242,23.43722692],[86.71644168,23.43715299],[86.71619138,23.4370793],[86.71593977,23.43708655],[86.71563102,23.43701043],[86.71489719,23.43700339],[86.71381536,23.43702771],[86.71350956,23.43709019],[86.7131928,23.43707483],[86.71294542,23.43713753],[86.71244329,23.43711393],[86.71159003,23.43730307],[86.71095219,23.43732213],[86.71070526,23.43737868],[86.70976365,23.43735181],[86.70951614,23.43741517],[86.70870153,23.4373868],[86.70839561,23.43745038],[86.70664141,23.43741635],[86.70639101,23.43734397],[86.70576427,23.43734646],[86.70545536,23.43727209],[86.7050763,23.43727441],[86.70482591,23.43720225],[86.70451159,23.43721024],[86.70420277,23.43713609],[86.70394865,23.43714068],[86.70369819,23.43706867],[86.70326168,23.43706955],[86.70294558,23.43694139],[86.70256866,23.43694879],[86.70225977,23.43687486],[86.70163034,23.43687418],[86.70137988,23.43680245],[86.7008152,23.43680744],[86.69950305,23.43660433],[86.69912365,23.4366079],[86.69887313,23.43653639],[86.69856134,23.43654007],[86.69831631,23.43642154],[86.69755337,23.43623967],[86.69699618,23.43619229],[86.69636096,23.43604217],[86.69604949,23.43604384],[86.69410059,23.43566929],[86.6937857,23.43567897],[86.69347647,23.43560636],[86.69328454,23.43561302],[86.69266274,23.43543458],[86.69127362,23.43524579],[86.69026763,23.43500404],[86.68989092,23.43500159],[86.68850773,23.43469014],[86.68806712,23.43469968],[86.68775761,23.43462788],[86.68737742,23.43463359],[86.68630923,23.43444165],[86.68448858,23.43444224],[86.68417885,23.43437088],[86.68323354,23.43436787],[86.6829848,23.43443455],[86.6801582,23.43441798],[86.67984826,23.43434721],[86.67948431,23.43438882],[86.6792839,23.43434333],[86.67896506,23.43435201],[86.67871376,23.43428279],[86.67795835,23.43429295],[86.67764826,23.43422248],[86.67733016,23.43423002],[86.6770788,23.43416095],[86.67651166,23.4341722],[86.67620016,23.43410067],[86.67594826,23.4341721],[86.67531765,23.43415712],[86.67444643,23.4343633],[86.67338235,23.43479739],[86.67294719,23.43505191],[86.67287992,23.43519264],[86.67095827,23.43600489],[86.67039162,23.43613085],[86.66970173,23.43643594],[86.66914241,23.43659873],[86.66895568,23.43669529],[86.66763742,23.43693941],[86.6673861,23.43703795],[86.66707138,23.43705553],[86.66688631,23.43715741],[86.66669697,23.43717072],[86.66619612,23.43737001],[86.66588092,23.43740258],[86.66575409,23.43747947],[86.66494244,23.43771722],[86.66469155,23.43774929],[86.6640641,23.43796373],[86.66173211,23.43837148],[86.65997564,23.43883643],[86.65796302,23.4391845],[86.6565783,23.43963899],[86.65589053,23.43976496],[86.65489318,23.44005373],[86.65438148,23.44011392],[86.65399685,23.44021117],[86.65312167,23.4405685],[86.65281037,23.44057856],[86.65174899,23.44086765],[86.65123689,23.44092792],[86.65079723,23.44104522],[86.64972442,23.44116191],[86.64859039,23.44139528],[86.64751642,23.44173451],[86.64720472,23.44174472],[86.64681929,23.44184219],[86.64651881,23.44199566],[86.64184307,23.44324914],[86.64165749,23.44325911],[86.64102871,23.44344616],[86.63976436,23.44372697],[86.63951033,23.44372681],[86.63900576,23.44384466],[86.63824509,23.44384612],[86.63799351,23.44391483],[86.63691463,23.44390533],[86.63533531,23.44420275],[86.63501781,23.44420289],[86.63451621,23.44432859],[86.63425842,23.44432089],[86.63356393,23.44450667],[86.63286461,23.44449615],[86.63229719,23.44462666],[86.63147249,23.44467724],[86.63097049,23.44480324],[86.63052232,23.4447963],[86.6300801,23.4449143],[86.62969891,23.4449149],[86.62881333,23.44510182],[86.62836737,23.4450906],[86.62779939,23.4452214],[86.62710097,23.44527174],[86.62684867,23.44534083],[86.62443651,23.44535025],[86.62323612,23.44517179],[86.62304164,23.4451814],[86.62209097,23.44500298],[86.62120202,23.44496017],[86.61968413,23.444729],[86.61872898,23.44473695],[86.61834818,23.44480328],[86.61664123,23.44451533],[86.61612996,23.44452685],[86.6158775,23.44446044],[86.61549375,23.44444398],[86.61530712,23.44447845],[86.61410102,23.44448392],[86.61378946,23.44441676],[86.61334329,23.44442519],[86.61308416,23.44432383],[86.61258276,23.44424951],[86.61207736,23.44425808],[86.61170274,23.44415152],[86.61106171,23.44409646],[86.61080957,23.44403011],[86.61011087,23.44404763],[86.60979955,23.4439806],[86.6093678,23.44402944],[86.60903673,23.44392624],[86.60871802,23.44394142],[86.60840519,23.44387813],[86.60808606,23.44388521],[86.60783417,23.44381891],[86.60732567,23.4438354],[86.60701459,23.44376843],[86.60663049,23.44377969],[86.60637868,23.44371346],[86.60530072,23.44373393],[86.60498981,23.44366703],[86.60473245,23.44367748],[86.60448073,23.44361132],[86.60409905,23.44362706],[86.60378646,23.4435639],[86.60258198,23.44357748],[86.60233042,23.44351138],[86.60207533,23.44352625],[86.60176467,23.44345948],[86.60157069,23.44346956],[86.59967677,23.44318504],[86.59923213,23.44320148],[86.59841328,23.44307931],[86.59777918,23.44309726],[86.59746892,23.44303053],[86.59714868,23.44304168],[86.59689752,23.44297571],[86.59531599,23.44298974],[86.59455906,23.44312413],[86.59323087,23.4431218],[86.59241081,23.44325683],[86.59190387,23.44324798],[86.59159274,23.44331964],[86.59120976,23.44331415],[86.59103638,23.44335586],[86.59083609,23.44331312],[86.59045221,23.4433205],[86.59020017,23.44339055],[86.58937813,23.44344487],[86.58912609,23.44351499],[86.58874548,23.44350514],[86.58843337,23.44357447],[86.58760996,23.44357542],[86.58735791,23.44364555],[86.58666199,23.4436386],[86.58634964,23.4437117],[86.58609625,23.44364195],[86.58564555,23.44369693],[86.5854024,23.4436482],[86.58426505,23.44366011],[86.58401226,23.44372613],[86.58376259,23.44366303],[86.58338566,23.44367198],[86.58294411,23.44355543],[86.58237796,23.44357014],[86.58193381,23.44369502],[86.58117535,23.44370091],[86.58055513,23.44357454],[86.58036918,23.4434736],[86.5794862,23.44347251],[86.57935122,23.44342595],[86.57910019,23.44349388],[86.57865722,23.44348564],[86.57821639,23.44355101],[86.5768278,23.44386529],[86.57657396,23.44385521],[86.57613322,23.44392086],[86.5731024,23.44465138],[86.5726611,23.44465635],[86.57247651,23.44472071],[86.57196757,23.44471991],[86.57165659,23.44479389],[86.5703312,23.4448041],[86.57007967,23.44487565],[86.56970044,23.44486813],[86.56939,23.44494164],[86.56831679,23.4449552],[86.56806732,23.44489111],[86.56718502,23.44491804],[86.56687687,23.44485398],[86.56649537,23.44486873],[86.56581009,23.44475613],[86.5653031,23.44477309],[86.5650538,23.44470943],[86.56448637,23.44472065],[86.56417643,23.44479487],[86.56341854,23.44480516],[86.56316941,23.44474171],[86.56266486,23.44476366],[86.56210366,23.4446455],[86.56171773,23.44470333],[86.56134864,23.44467293],[86.56028468,23.44451646],[86.55960469,23.44435821],[86.55928491,23.4443599],[86.55853504,23.44425857],[86.55752851,23.44400377],[86.55734456,23.44399802],[86.5555415,23.44351844],[86.55521935,23.44352641],[86.55491207,23.44346399],[86.5543517,23.44352928],[86.55415993,23.44347992],[86.55265188,23.44351553],[86.55196514,23.44365768],[86.55176989,23.4437581],[86.55120671,23.44389392],[86.55064383,23.44396814],[86.55013957,23.44410009],[86.54989064,23.44410049],[86.54926349,23.44429132],[86.54738099,23.4443333],[86.54713267,23.44427164],[86.54675483,23.44429389],[86.54556908,23.44414807],[86.54457983,23.44398292],[86.54312912,23.44365497],[86.54238151,23.44344505],[86.54196314,23.44326294],[86.54177547,23.44325244],[86.54096523,23.44304158],[86.5396416,23.44260159],[86.53903007,23.44236336],[86.53841448,23.44200319],[86.53752862,23.44158795],[86.53734672,23.44136916],[86.55318339,23.44137938],[86.5536218,23.4414903],[86.55387467,23.44147169],[86.55449758,23.44158642],[86.55474687,23.44157568],[86.55505365,23.44167788],[86.55524643,23.44167903],[86.55574809,23.44179027],[86.55599746,23.44177967],[86.55630425,23.44188201],[86.55662281,23.44188192],[86.5569923,23.44198313],[86.55724824,23.44198431],[86.55862629,23.44219258],[86.56157743,23.44212356],[86.56226419,23.44223937],[86.56270314,23.44222412],[86.56308249,23.44221167],[86.56389508,23.4423257],[86.56565596,23.44228286],[86.56684216,23.44244769],[86.56703505,23.44243599],[86.56728443,23.44249987],[86.56760087,23.44248183],[86.5679719,23.44254512],[86.56854194,23.44253342],[86.56871472,23.44249058],[86.56891649,23.44253624],[86.5692334,23.44245505],[86.57017841,23.44245412],[86.5704886,23.44238054],[86.57080717,23.44238462],[86.57105861,23.44231307],[86.57137161,23.44231404],[86.5720646,23.44219031],[86.5725084,23.44206238],[86.57275853,23.44206441],[86.57320199,23.44193782],[86.57402163,23.44187962],[86.5743418,23.44176976],[86.57483278,23.44167848],[86.57591832,23.44128659],[86.57642898,23.44117675],[86.57685585,23.44099639],[86.57862801,23.44052388],[86.5791932,23.44027792],[86.58039316,23.44000322],[86.58089838,23.43979849],[86.58127618,23.43976097],[86.58304563,23.43920052],[86.58380405,23.43908458],[86.58469043,23.4386893],[86.58512922,23.43856661],[86.58627562,23.43803284],[86.58791654,23.43707019],[86.58906487,23.43627399],[86.59000374,23.43553811],[86.59076789,23.43483476],[86.59139209,23.43433292],[86.59290748,23.43287527],[86.59327702,23.43242477],[86.59436531,23.43156195],[86.59516958,23.43076517],[86.59557076,23.43026175],[86.59614857,23.42968803],[86.59632993,23.42944771],[86.59694752,23.42881864],[86.59735032,23.42849409],[86.59884145,23.42757598],[86.59967381,23.42717454],[86.60092887,23.42667424],[86.60111963,23.42666037],[86.60130673,23.42655592],[86.60149748,23.42654204],[86.60168458,23.42643759],[86.60187418,23.42642295],[86.60244027,23.42620093],[86.60269427,23.42618544],[86.60427118,23.42540744],[86.60484524,23.425206],[86.60520907,23.42499818],[86.60566858,23.42487005],[86.60608756,23.42465472],[86.60622604,23.42467104],[86.60660429,23.42454554],[86.60716944,23.42454716],[86.60741547,23.42445134],[86.60780895,23.424391],[86.60829915,23.42417981],[86.60905952,23.42401848],[86.6093751,23.42401736],[86.60993378,23.4238419],[86.61019087,23.42383382],[86.61043674,23.423738],[86.61069398,23.42371619],[86.61207367,23.42336592],[86.61308771,23.42318377],[86.61334024,23.42318322],[86.61415731,23.42299452],[86.61485078,23.42294289],[86.6162311,23.42269485],[86.61648716,23.42270199],[86.61774568,23.42246349],[86.61806439,23.42235552],[86.61900411,23.42222514],[86.61944024,23.4220984],[86.61963333,23.42210596],[86.62051322,23.42186894],[86.62120334,23.42180457],[86.62239333,23.42145648],[86.62290443,23.42139444],[86.62510948,23.42081422],[86.62591513,23.42062868],[86.62673756,23.42050367],[86.6279342,23.42021136],[86.62982037,23.4199037],[86.63007415,23.41991561],[86.63082665,23.4197833],[86.63126916,23.41979437],[86.63346746,23.41942419],[86.63384701,23.4194356],[86.63428614,23.41937303],[86.63576706,23.41900097],[86.63688891,23.41823073],[86.63702733,23.41794686],[86.63733135,23.41751835],[86.63753918,23.41678061],[86.63790775,23.41440809],[86.63828951,23.41319536],[86.63857652,23.4126662],[86.63869477,23.41231396],[86.63934667,23.41122265],[86.64175638,23.40836616],[86.64203342,23.40785476],[86.64227208,23.4069819],[86.64225591,23.40657169],[86.64232961,23.40628662],[86.64231566,23.40599242],[86.64239551,23.40553632],[86.64251928,23.40518831],[86.64291857,23.40425778],[86.6433179,23.40361753],[86.64361118,23.40298836],[86.64417363,23.40198635],[86.644222,23.40181231],[86.64398084,23.40135952],[86.643627,23.40090084],[86.64349967,23.40079276],[86.64317937,23.40065317],[86.64217871,23.40109903],[86.6414197,23.40165436],[86.64047972,23.40192831],[86.63997544,23.40192894],[86.639544,23.40181387],[86.63929248,23.4017976],[86.63916441,23.40172111],[86.63890022,23.40166061],[86.63821196,23.40126934],[86.63771058,23.40080567],[86.63696709,23.39981937],[86.63633266,23.3986648],[86.63613713,23.3979741],[86.63612639,23.39762911],[86.63587523,23.39664446],[86.63580597,23.39612539],[86.63554008,23.39526245],[86.63535353,23.39491474],[86.63482877,23.394276],[86.63441312,23.39394882],[86.63385598,23.39362558],[86.63365813,23.39362358],[86.63341823,23.39351182],[86.63310461,23.39361549],[86.63291051,23.39361897],[86.63227975,23.39396561],[86.6309691,23.39522259],[86.62973262,23.39668022],[86.6295318,23.3970246],[86.62796885,23.39853856],[86.62710061,23.39959103],[86.62440192,23.40214548],[86.62408949,23.40249477],[86.62270641,23.40411689],[86.62203574,23.40505475],[86.62185421,23.40540639],[86.62160535,23.40610216],[86.62139338,23.40696114],[86.62111085,23.40772606],[86.62071303,23.40847278],[86.6197653,23.40981743],[86.61956323,23.4099917],[86.61940993,23.41033266],[86.61880503,23.41072089],[86.61768025,23.41092173],[86.61727608,23.41096249],[86.61657786,23.41096274],[86.6158881,23.4108379],[86.61463198,23.41096844],[86.61319341,23.41131974],[86.61287394,23.41132815],[86.61230708,23.41145272],[86.6120571,23.41144882],[86.611616,23.41157269],[86.61005001,23.41156273],[86.60930298,23.41086626],[86.60919094,23.41056775],[86.6092595,23.41021982],[86.60939983,23.40992498],[86.609426,23.40976141],[86.60981955,23.40905948],[86.61104185,23.40783671],[86.61109194,23.40773224],[86.61129696,23.40763871],[86.61276696,23.40620235],[86.61310779,23.40603046],[86.61357828,23.40553271],[86.61404241,23.40517369],[86.61478638,23.40468031],[86.61574036,23.40416269],[86.61610971,23.40388504],[86.61642722,23.40378715],[86.61662141,23.40378362],[86.61718602,23.40334648],[86.61754945,23.40318011],[86.61784973,23.40324746],[86.61862838,23.40272833],[86.61962608,23.40182272],[86.62018022,23.40101999],[86.62051279,23.40072706],[86.62097015,23.40014111],[86.62174369,23.39874169],[86.62182801,23.39846111],[86.62199078,23.39816104],[86.62201669,23.39799748],[86.62217752,23.39769696],[86.62220344,23.3975334],[86.62236427,23.39723288],[86.62268536,23.39613564],[86.62287423,23.39480481],[86.62286983,23.39358797],[86.62279953,23.3931845],[86.62280741,23.39277621],[86.62260271,23.39168232],[86.62260602,23.39144914],[86.62240352,23.3905863],[86.6221174,23.38993919],[86.62189465,23.38959432],[86.62167184,23.38931958],[86.62127909,23.38899242],[86.62060607,23.3885564],[86.61845213,23.38747768],[86.61820148,23.38727563],[86.61719931,23.38666818],[86.61638924,23.38605342],[86.61556884,23.38533977],[86.61412537,23.38397517],[86.61322552,23.3833435],[86.61242173,23.38296709],[86.61210294,23.38287848],[86.61168396,23.38248909],[86.61097377,23.38228757],[86.60908953,23.38150093],[86.60745609,23.38103198],[86.6059492,23.38069306],[86.60575615,23.38068894],[86.60462426,23.38045704],[86.60405775,23.38047335],[86.60324377,23.38034897],[86.60267718,23.38036528],[86.60230576,23.38029786],[86.60142321,23.38031158],[86.60117311,23.38024475],[86.6004811,23.38026171],[86.60017239,23.38019403],[86.59941542,23.38020699],[86.59916531,23.38014008],[86.59765789,23.38016168],[86.59740697,23.38010785],[86.59709506,23.38016883],[86.59678458,23.38009715],[86.59489865,23.38011631],[86.59464862,23.38004946],[86.59031892,23.38008691],[86.59001029,23.38001913],[86.58969257,23.38002374],[86.58944293,23.38009346],[86.58900192,23.38008279],[86.5886937,23.38015402],[86.58705898,23.3801604],[86.58611893,23.37998137],[86.58574069,23.37999669],[86.58536525,23.37993801],[86.58461332,23.37975783],[86.58362548,23.37979122],[86.58323432,23.37989647],[86.58191565,23.37990238],[86.58160718,23.37983458],[86.58128946,23.37984514],[86.5810396,23.37977819],[86.58047339,23.37979462],[86.58016493,23.37972682],[86.57922046,23.379741],[86.57897151,23.37967689],[86.57872315,23.3797467],[86.57815475,23.37974129],[86.57798312,23.37978291],[86.57778369,23.3797393],[86.57696389,23.37975417],[86.57601586,23.37954254],[86.57552099,23.37959114],[86.57482473,23.37942929],[86.57445593,23.37947913],[86.57414707,23.37941339],[86.57301504,23.37942878],[86.57276525,23.37936174],[86.57182352,23.37936899],[86.57151298,23.37943474],[86.56787859,23.37945962],[86.56762896,23.37939249],[86.56606161,23.37941533],[86.56575354,23.37934741],[86.56518595,23.37935373],[86.5649368,23.37942391],[86.56280669,23.37942395],[86.56249774,23.37949708],[86.56224638,23.37942875],[86.56199843,23.37949896],[86.56111684,23.37950599],[86.56080369,23.37943109],[86.56024664,23.37951018],[86.55992963,23.37950349],[86.55937116,23.37963271],[86.55886651,23.37962725],[86.55861761,23.37969771],[86.55812488,23.37970798],[86.5576081,23.37986167],[86.55747534,23.3800421],[86.55759389,23.38025162],[86.55804276,23.38052985],[86.5603789,23.38124218],[86.56056246,23.38125046],[86.56231433,23.38165678],[86.56343814,23.38182195],[86.56363004,23.38181185],[86.56387959,23.38187877],[86.56419105,23.38187112],[86.56519135,23.38204261],[86.56538334,23.38203251],[86.56719923,23.38237017],[86.56757566,23.38236654],[86.56782529,23.38243344],[86.56801166,23.38242664],[86.56851441,23.38254499],[86.56907933,23.38258883],[86.5696391,23.38271008],[86.56989387,23.38269958],[86.57077024,23.3828784],[86.57139875,23.38286088],[86.57170697,23.38292842],[86.57233766,23.38291539],[86.573023,23.38303575],[86.57377919,23.38302192],[86.57394948,23.38305861],[86.57421293,23.38301504],[86.57572189,23.38301485],[86.57597144,23.3829447],[86.57634952,23.38295545],[86.57684861,23.38282283],[86.57784983,23.38270565],[86.57835245,23.38258087],[86.57898023,23.3825292],[86.58017002,23.38228858],[86.58042152,23.38228798],[86.58067108,23.38221805],[86.58104579,23.38222116],[86.58317774,23.38173857],[86.58374409,23.38173688],[86.58487183,23.38202403],[86.58543464,23.38208264],[86.58719336,23.38247418],[86.58744495,23.38247173],[86.58825966,23.38265118],[86.58945246,23.38269176],[86.58970241,23.38275862],[86.59020615,23.38274248],[86.59095712,23.38286712],[86.59133201,23.3828595],[86.59214964,23.38302459],[86.59233852,23.38302253],[86.59465655,23.3835047],[86.59622172,23.38401245],[86.59725124,23.38420937],[86.59737743,23.38412643],[86.59745469,23.384003],[86.59811174,23.38432406],[86.59955283,23.38455301],[86.60018533,23.38453781],[86.60049405,23.38460542],[86.60093464,23.38458878],[86.60119024,23.38465099],[86.60193979,23.38464913],[86.60331505,23.38498411],[86.60356507,23.38500146],[86.60433156,23.3852493],[86.60558184,23.38561235],[86.60620159,23.38589902],[86.60671122,23.38607341],[86.6080287,23.38680332],[86.60878547,23.38744128],[86.60921379,23.38766365],[86.60960643,23.38822355],[86.60978206,23.38838428],[86.60986095,23.38958223],[86.60980158,23.39071141],[86.60973662,23.39100065],[86.60974715,23.39140887],[86.60961449,23.39215915],[86.60962007,23.39407088],[86.60965804,23.39430191],[86.60998978,23.39517296],[86.61033358,23.39637634],[86.61068592,23.39713689],[86.61083386,23.39759135],[86.61095747,23.39857801],[86.61085601,23.3996182],[86.6106552,23.40018737],[86.61031483,23.4005456],[86.60876009,23.4015969],[86.6083278,23.40194944],[86.60806543,23.40205108],[86.60731675,23.40250153],[86.60702645,23.40278383],[86.6065678,23.40299859],[86.60625584,23.40323529],[86.60600112,23.40331592],[86.60545108,23.40364504],[86.6050048,23.40382358],[86.60469674,23.40409811],[86.60369067,23.40476506],[86.60326369,23.40515863],[86.60291963,23.40568412],[86.60235001,23.40626337],[86.60219483,23.40649472],[86.60067478,23.40796208],[86.59975101,23.40905788],[86.59845423,23.41021193],[86.59697162,23.41140171],[86.59597571,23.41251647],[86.59541958,23.41302478],[86.59488531,23.41372577],[86.59408394,23.41440951],[86.59290999,23.41520561],[86.59175052,23.41584496],[86.59147073,23.41604434],[86.59014426,23.41672095],[86.58957265,23.41707352],[86.58831479,23.41763584],[86.58799984,23.41765356],[86.58724613,23.41789561],[86.58572567,23.41851808],[86.585542,23.41864887],[86.58485837,23.41894002],[86.58453033,23.41893741],[86.5843499,23.41902361],[86.5837266,23.41908129],[86.58316066,23.41928443],[86.58290863,23.4193181],[86.58272188,23.41942318],[86.58252676,23.41942649],[86.58228088,23.41952448],[86.58202408,23.41954726],[86.58177812,23.41964525],[86.58152619,23.41967906],[86.58063591,23.42007621],[86.57838524,23.42134759],[86.57705112,23.42199783],[86.57617495,23.42235286],[86.57460875,23.42319616],[86.57416795,23.42335953],[86.57296469,23.42398846],[86.5722781,23.42437622],[86.57210119,23.4245485],[86.5712083,23.4251779],[86.57064527,23.42547825],[86.56952144,23.42621775],[86.56918369,23.42637647],[86.56801015,23.42716605],[86.56710758,23.42768779],[86.56661335,23.42791759],[86.56479241,23.4285929],[86.56428879,23.42870413],[86.56410182,23.42881054],[86.56365774,23.42889095],[86.56315759,23.4290545],[86.5629646,23.42906316],[86.56189511,23.42932037],[86.56170854,23.4293184],[86.56133,23.4294464],[86.5610773,23.42943802],[86.56032609,23.42958096],[86.56007347,23.42957265],[86.55957306,23.42971104],[86.55819362,23.42990443],[86.55775389,23.42997854],[86.55668691,23.42998735],[86.55637827,23.43006313],[86.5556851,23.43006914],[86.55543511,23.43014267],[86.55223965,23.43021265],[86.55193234,23.43015059],[86.55086401,23.43018471],[86.55061529,23.43012255],[86.55011254,23.430148],[86.54930217,23.43003926],[86.54905326,23.43005093],[86.54848973,23.42994423],[86.54729904,23.42998821],[86.54699201,23.42992702],[86.54604948,23.42996097],[86.54580095,23.42989953],[86.5449101,23.42993245],[86.53988182,23.42949101],[86.53513712,23.42915409],[86.52677631,23.42833979],[86.52121647,23.42753363],[86.51694003,23.42683881],[86.51339118,23.42593075],[86.51121484,23.42538584],[86.5060412,23.42332428],[86.50437108,23.42263736],[86.50258321,23.42223703],[86.50000027,23.42188555],[86.49998876,23.42188552],[86.49613102,23.42187273],[86.49239776,23.42230461],[86.48818124,23.42317868],[86.48453995,23.42392727],[86.47961931,23.42481346],[86.47737723,23.42520411],[86.47723102,23.42522959],[86.47459106,23.42517535],[86.46932842,23.42571829],[86.46642775,23.42567366],[86.46231231,23.42585977],[86.45980979,23.42619157],[86.45653611,23.42687412],[86.45285771,23.42791409],[86.4506203,23.42859915],[86.44972623,23.42887288],[86.44735627,23.42961266],[86.44406579,23.43038312],[86.44136996,23.43109916],[86.43754722,23.43164429],[86.43432716,23.4318994],[86.43278465,23.43172706],[86.43035785,23.43171436],[86.4280463,23.43131651],[86.42560376,23.43098397],[86.42397314,23.43094378],[86.42218014,23.43105604],[86.42141884,23.43117211],[86.41947112,23.4319763],[86.41591235,23.43346941],[86.41260392,23.43455413],[86.40967025,23.43554918],[86.4071609,23.43623628],[86.40521548,23.43678204],[86.40066802,23.4387113],[86.39819882,23.43980009],[86.39699568,23.44033058],[86.39436904,23.44148389],[86.39174033,23.44308475],[86.38915569,23.44524788],[86.38671382,23.44707768],[86.38478859,23.44921263],[86.3838476,23.4503906],[86.38337994,23.45161312],[86.38338972,23.45344886],[86.38414915,23.45515027],[86.38491096,23.45593445],[86.3853944,23.45632494],[86.38556676,23.45643591],[86.3857318,23.45658718],[86.38631338,23.45675192],[86.38661213,23.45682273],[86.38685117,23.45685274],[86.38762699,23.45685066],[86.38923598,23.45646397],[86.39319998,23.45576865],[86.39563244,23.45517482],[86.39765076,23.45475018],[86.39891542,23.4543476],[86.39892056,23.45434596],[86.40131979,23.4536019],[86.40226159,23.4530885],[86.40340121,23.45226561],[86.40420382,23.45153189],[86.40520725,23.45087565],[86.41144784,23.44791023],[86.42182714,23.44290668],[86.42776564,23.44091695],[86.4324844,23.43864361],[86.43948459,23.43561559],[86.44204865,23.4346552],[86.44485604,23.43382783],[86.4458592,23.43317603],[86.4474918,23.43252721],[86.45028837,23.4318723],[86.45077728,23.43176061],[86.45298298,23.43125669],[86.45651908,23.43063796],[86.46156383,23.43029935],[86.46362399,23.43005799],[86.46708546,23.42942187],[86.46823294,23.42925521],[86.47280301,23.42891264],[86.47549998,23.4288957],[86.48064484,23.42905037],[86.48312667,23.42931771],[86.48733793,23.42972979],[86.48892495,23.42993777],[86.49030063,23.43042995],[86.49220465,23.43112691],[86.493662,23.43165624],[86.49532767,23.43202144],[86.49731689,23.43254927],[86.4999898,23.43337041],[86.50000032,23.43337358],[86.50038774,23.43361304],[86.50097975,23.43381437],[86.50144586,23.43391968],[86.50198653,23.43397057],[86.50242158,23.43396699],[86.5029638,23.43397231],[86.50331491,23.43388407],[86.50355387,23.4337978],[86.50380803,23.43362713],[86.50461165,23.4332262],[86.50479314,23.43318467],[86.50529333,23.43295381],[86.50554209,23.43292465],[86.50572964,23.43283238],[86.50623286,23.43272082],[86.50654904,23.43270389],[86.50704054,23.43275473],[86.50736011,23.43270396],[86.50892938,23.43299179],[86.50954562,23.43315122],[86.50972657,23.43324255],[86.5101165,23.43326334],[86.51085122,23.43351711],[86.51098009,23.43351919],[86.51116344,23.4336125],[86.51141344,23.43361714],[86.51159829,23.43370627],[86.51179414,23.43369454],[86.51197606,23.43379394],[86.512162,23.43380174],[86.51291157,23.43399324],[86.51334748,23.43417762],[86.51353744,23.43418004],[86.51372246,23.43427122],[86.5139839,23.43425303],[86.51429152,23.43430505],[86.51473495,23.43428012],[86.5149857,23.43420094],[86.51548611,23.43418129],[86.51674523,23.43388728],[86.51693189,23.43388339],[86.51717822,23.43377884],[86.51806617,23.43354806],[86.51975824,23.4332313],[86.5213911,23.43315716],[86.52163963,23.43321288],[86.52483434,23.43306824],[86.52552221,23.43291105],[86.52596212,23.43289396],[86.52645898,23.43300061],[86.5270867,23.43296143],[86.52739344,23.43301751],[86.52858614,23.43296055],[86.52883436,23.43301834],[86.52933683,23.43298537],[86.52964352,23.43304218],[86.5302106,23.43301156],[86.53052159,23.4330697],[86.53083173,23.43298499],[86.53258638,23.43292802],[86.53283617,23.43285106],[86.53477591,23.432795],[86.5350266,23.43272258],[86.53527406,23.43277935],[86.53583865,23.43275831],[86.53614685,23.43267883],[86.53683857,23.43266426],[86.53708831,23.43258803],[86.54002843,23.43250694],[86.54033657,23.43242826],[86.54109097,23.43241394],[86.54134073,23.43233837],[86.54203035,23.43233086],[86.54233859,23.43225261],[86.54271786,23.43225017],[86.54296763,23.43217489],[86.54340722,23.43217532],[86.5442195,23.43202365],[86.54459323,23.4320186],[86.54522133,23.43188027],[86.54603629,23.43187115],[86.54634464,23.43179371],[86.5467224,23.43185445],[86.54747529,23.43182157],[86.54778233,23.43188276],[86.54809945,23.43186593],[86.54834799,23.43192766],[86.54866301,23.43190654],[86.54897014,23.43196803],[86.54928727,23.43195141],[86.55015411,23.43211803],[86.55110038,23.43248067],[86.55114254,23.4326036],[86.55105199,23.43272978],[86.55093589,23.43278054],[86.5506619,23.43280041],[86.55034633,23.43290571],[86.54971213,23.43298055],[86.54915013,23.43311491],[86.54889735,23.43311625],[86.54833368,23.43324699],[86.54814519,23.43325083],[86.54726837,23.43345697],[86.54708217,23.43345637],[86.5446973,23.43410296],[86.54438264,23.43409853],[86.54375772,23.43424441],[86.54338064,23.43424199],[86.54307222,23.43431987],[86.54263033,23.43432388],[86.54081963,23.43479521],[86.54063271,23.43490366],[86.54030964,23.4349083],[86.53918454,23.43512116],[86.53907111,23.43519955],[86.53874362,23.43518672],[86.53818136,23.43533256],[86.53767922,23.43533538],[86.53724171,23.43540974],[86.53630168,23.43567124],[86.53598823,23.43568055],[86.53573832,23.43575656],[86.5353613,23.43575596],[86.53505293,23.43583515],[86.534297,23.43584787],[86.53273129,23.43625147],[86.53235547,23.43633129],[86.53210676,23.43633467],[86.53147744,23.43652514],[86.53091576,23.43660522],[86.53054382,23.43672812],[86.52652832,23.43767823],[86.5254573,23.43783981],[86.52388642,23.43818222],[86.52363513,23.43819114],[86.52256898,23.43841426],[86.52237929,23.4384089],[86.5216279,23.4385656],[86.52137548,23.43856283],[86.52093703,23.43864012],[86.51924241,23.4390028],[86.51898993,23.43900033],[86.51868087,23.43908084],[86.51805013,23.43910409],[86.51736231,23.43901961],[86.51674554,23.43887743],[86.51648921,23.4388843],[86.51599832,23.43867968],[86.51573117,23.43865315],[86.51437483,23.43820487],[86.51231262,23.43783373],[86.51186922,23.43784803],[86.51143102,23.43775106],[86.51061722,23.43774366],[86.51036882,23.43768954],[86.50885284,23.43774645],[86.50795806,23.43778159],[86.50644395,23.43784506],[86.50619772,23.43779313],[86.50582461,23.43782721],[86.50552127,23.43777819],[86.5050241,23.43781097],[86.5048554,23.43786039],[86.50466018,23.43782975],[86.50422607,23.43786767],[86.5039826,23.43781845],[86.50228321,23.43796013],[86.50145114,23.43791917],[86.50103578,23.43784467],[86.50060637,23.43765907],[86.50018233,23.43752365],[86.50000033,23.43746665],[86.49999017,23.43746465],[86.4995925,23.43738671],[86.49779282,23.43690909],[86.49656788,23.43664956],[86.49567314,23.43647956],[86.49437308,23.43636724],[86.49314639,23.43633899],[86.49273851,23.43636961],[86.4919317,23.43652732],[86.49028489,23.43723602],[86.48841671,23.43799345],[86.48630572,23.43847492],[86.48467586,23.43860776],[86.48104135,23.43893371],[86.47851617,23.4389569],[86.47616268,23.43899658],[86.47414867,23.43849354],[86.47290124,23.43807881],[86.47120727,23.43796288],[86.46958733,23.4383466],[86.46571207,23.4397651],[86.46360011,23.44126244],[86.46218633,23.44233168],[86.46019978,23.44583377],[86.45953173,23.44722722],[86.45969937,23.44810912],[86.46003927,23.44874169],[86.46074776,23.44964784],[86.46119109,23.45013404],[86.46157097,23.45054339],[86.46213961,23.45083613],[86.46265842,23.45087073],[86.46308593,23.45083941],[86.46375332,23.45064771],[86.46660881,23.4493886],[86.46925661,23.44803687],[86.47265093,23.44684754],[86.47532604,23.44626376],[86.47991536,23.44486065],[86.48456498,23.44459238],[86.48688193,23.44440594],[86.49125728,23.44434823],[86.49619805,23.4444037],[86.49839388,23.44455361],[86.49999101,23.44441514],[86.50000032,23.4444143],[86.5016943,23.44428264],[86.50187241,23.44433048],[86.50270857,23.44426477],[86.50289463,23.4442039],[86.50312674,23.44423707],[86.50567957,23.4440786],[86.50573021,23.44413309],[86.50582782,23.44413119],[86.50634499,23.44404252],[86.50683983,23.44411293],[86.5071498,23.44399618],[86.50839158,23.44394352],[86.50919594,23.4440324],[86.50962907,23.44400873],[86.51061682,23.44418589],[86.51093305,23.44417934],[86.51130053,23.44427062],[86.51149213,23.44426804],[86.51186669,23.44437206],[86.51236749,23.44433978],[86.51279437,23.444437],[86.51323628,23.44442643],[86.51373582,23.44452535],[86.51511207,23.44446131],[86.51573369,23.44456408],[86.5159233,23.44454437],[86.51629467,23.44459479],[86.51710626,23.44478796],[86.51727739,23.44478337],[86.51872694,23.44512807],[86.51878885,23.44518244],[86.52040444,23.44551895],[86.52065479,23.44552769],[86.52083913,23.44562132],[86.52102853,23.44562714],[86.52121309,23.44572209],[86.52140248,23.44572798],[86.52189989,23.44590764],[86.52215033,23.44593002],[86.52227687,23.44600254],[86.52334934,23.44625516],[86.52383042,23.44643075],[86.52451768,23.44653713],[86.52540622,23.44675784],[86.52700999,23.44722251],[86.52782664,23.44733143],[86.52807017,23.44741808],[86.52976894,23.44776406],[86.53069148,23.44801561],[86.53248869,23.44867796],[86.53404578,23.44918589],[86.53580444,23.44965026],[86.53586449,23.44967137],[86.53759131,23.45027831],[86.53877537,23.45056225],[86.53903056,23.45056217],[86.54114419,23.45096087],[86.54139939,23.450961],[86.5422704,23.45111526],[86.54283758,23.45109298],[86.54308559,23.45115451],[86.54609035,23.45107072],[86.54639689,23.45113237],[86.54759004,23.45110236],[86.54784048,23.45102904],[86.54846272,23.45106349],[86.5492153,23.45094253],[86.55009579,23.4509317],[86.55034639,23.45085858],[86.55091165,23.45085936],[86.55122076,23.45078394],[86.55285337,23.45075783],[86.55347779,23.45062136],[86.55429641,23.45061308],[86.55454718,23.45054017],[86.55505032,23.45054301],[86.55535976,23.45046793],[86.55567724,23.45047016],[86.55592818,23.45039748],[86.5565569,23.45039803],[86.55686642,23.4503231],[86.55718406,23.45032547],[86.55743501,23.45025293],[86.5576843,23.45025346],[86.55812691,23.45012465],[86.55869326,23.45012691],[86.55932088,23.44998713],[86.56007579,23.44992585],[86.56032698,23.44985351],[86.5613959,23.44984717],[86.56170583,23.44977273],[86.56214948,23.44977346],[86.56240076,23.44970134],[86.56334468,23.44969797],[86.56365479,23.44962374],[86.56397294,23.44962697],[86.56422438,23.44955498],[86.56454033,23.44956271],[86.5648506,23.4494887],[86.56554436,23.44948298],[86.56579634,23.44947913],[86.56605173,23.44940604],[86.56635892,23.44947552],[86.56818697,23.44944417],[86.56843866,23.44937262],[86.56900686,23.44936577],[86.56937799,23.44942927],[86.57032646,23.44940674],[86.57057603,23.44947097],[86.57120778,23.44944901],[86.57258497,23.4496141],[86.57366021,23.44959136],[86.57391004,23.44965594],[86.57460543,23.44963405],[86.57542071,23.44975212],[86.5769361,23.44972118],[86.57724511,23.44978651],[86.57806938,23.44976869],[86.57831955,23.44983377],[86.57952057,23.44980795],[86.58033688,23.44992773],[86.5806547,23.44991154],[86.58096406,23.44997744],[86.58122092,23.44996631],[86.58197235,23.45008287],[86.58374478,23.45006418],[86.58399741,23.44999419],[86.58975049,23.4499468],[86.59044253,23.45006922],[86.59152011,23.45004738],[86.59183109,23.45011563],[86.59215081,23.45004056],[86.59322846,23.45004496],[86.59354057,23.44997348],[86.59392453,23.44997907],[86.59442812,23.44985129],[86.59487545,23.44985636],[86.5951284,23.44978657],[86.59538348,23.4497976],[86.59569567,23.44972618],[86.59620645,23.44973082],[86.59760144,23.44948886],[86.59798228,23.44948689],[86.59873945,23.44935741],[86.59906035,23.44936356],[86.59975423,23.44923466],[86.60007667,23.44924503],[86.60115314,23.44904992],[86.60178886,23.4490583],[86.60210121,23.44898701],[86.60280268,23.44899059],[86.6030557,23.44892092],[86.60502341,23.4489201],[86.60533576,23.44884888],[86.60584735,23.44885397],[86.60610045,23.44878437],[86.60660991,23.44878253],[86.60692156,23.44884941],[86.60844857,23.44883057],[86.60870103,23.4488967],[86.61181345,23.44886366],[86.6121255,23.44893065],[86.61282818,23.44891769],[86.61308096,23.44898402],[86.61702093,23.44895921],[86.61733337,23.44888848],[86.61778233,23.44889462],[86.61803536,23.44882537],[86.61899032,23.44882185],[86.61930278,23.44888911],[86.62096048,23.44888181],[86.62146605,23.44880719],[86.62356224,23.44880422],[86.6239461,23.44879668],[86.62425881,23.44886422],[86.62604217,23.44884737],[86.62629553,23.4489141],[86.62648815,23.44890012],[86.62763188,23.44907064],[86.62845792,23.44925014],[86.62865054,23.44923631],[86.6289635,23.44930397],[86.62934901,23.44929378],[86.63010812,23.44941455],[86.63062079,23.44940388],[86.63087432,23.44947075],[86.63468864,23.44945534],[86.63500037,23.44938527],[86.63570346,23.44939158],[86.63595577,23.44932285],[86.63633894,23.44933471],[86.63665059,23.44926471],[86.63754391,23.44927061],[86.63868363,23.44908408],[86.63932727,23.44905927],[86.63956434,23.44897818],[86.63982344,23.44897107],[86.64039458,23.44884888],[86.6407739,23.44885319],[86.64191434,23.4486144],[86.64229712,23.44862648],[86.64260813,23.44855664],[86.64305642,23.44856412],[86.64330809,23.44849562],[86.64350056,23.44850826],[86.6438115,23.44843842],[86.6442597,23.44844598],[86.64451122,23.44837748],[86.64476707,23.44838995],[86.64507784,23.44832019],[86.64609626,23.44832652],[86.64634778,23.44825809],[86.64673016,23.44827032],[86.6470407,23.44820064],[86.64793211,23.44820736],[86.64818339,23.44813894],[86.64869229,23.44815099],[86.65001578,23.44785653],[86.65033306,23.44785687],[86.65058417,23.44778853],[86.65121937,23.44780041],[86.65152951,23.44773081],[86.65210345,23.4477385],[86.65235432,23.44767009],[86.65273623,23.44768254],[86.6530462,23.44761301],[86.6540628,23.44762002],[86.65431351,23.44755168],[86.65501146,23.4475637],[86.6553212,23.44749418],[86.65595789,23.44750193],[86.65620844,23.4474336],[86.65671648,23.44744603],[86.65702605,23.44737651],[86.65753606,23.44738451],[86.65778654,23.44731625],[86.65804159,23.44732902],[86.65835109,23.4472595],[86.65854505,23.44726794],[86.66018069,23.44696749],[86.66037245,23.44698042],[86.66112394,23.44685786],[86.66364095,23.44633945],[86.66420547,23.44627863],[86.66533028,23.44603545],[86.6664601,23.44570586],[86.66683838,23.44568825],[86.66709474,23.44557839],[86.66753836,23.44559136],[86.66784706,23.44552222],[86.66873404,23.4455309],[86.66898372,23.44546303],[86.66936421,23.4454763],[86.66967276,23.44540738],[86.66999231,23.44541624],[86.67024183,23.44534844],[86.67049618,23.44536181],[86.67080465,23.44529297],[86.67402139,23.44530141],[86.67471335,23.44536821],[86.67496154,23.44530104],[86.67521772,23.44531043],[86.67546694,23.44524315],[86.67619955,23.44521421],[86.67735781,23.44537961],[86.67760789,23.44537513],[86.67855371,23.44555573],[86.67950118,23.44555131],[86.68025434,23.4456789],[86.68094992,23.44567378],[86.68195876,23.4458626],[86.68239706,23.44585972],[86.68314716,23.44599249],[86.68410908,23.44625949],[86.68454536,23.44633979],[86.68492059,23.44633692],[86.68555287,23.44646204],[86.68611959,23.44645305],[86.68642999,23.44652445],[86.68674785,23.44651821],[86.68699944,23.44658807],[86.68769155,23.4465804],[86.68818929,23.44665482],[86.6885705,23.44664796],[86.68882202,23.44671804],[86.68900971,23.44671081],[86.6891952,23.44682357],[86.68938172,23.44684322],[86.68963614,23.44694372],[86.69027238,23.44700851],[86.69052383,23.44707873],[86.69090181,23.44706911],[86.69152984,23.44720328],[86.69228382,23.44719745],[86.6925937,23.44726959],[86.69347511,23.44726978],[86.69372632,23.44734023],[86.69410074,23.44733877],[86.69454367,23.447464],[86.69517181,23.44745767],[86.69573663,23.44759215],[86.69623932,23.44758466],[86.69705446,23.44772221],[86.69736595,23.44772046],[86.69793375,23.44784774],[86.6999386,23.44787053],[86.70024464,23.44780533],[86.70138578,23.4478287],[86.70268719,23.44784316],[86.70590907,23.44794616],[86.7065614,23.44778329],[86.7070007,23.44779284],[86.70724713,23.44773166],[86.70749663,23.44780311],[86.70812565,23.44780421],[86.70837628,23.44787584],[86.70875292,23.44786865],[86.709062,23.44794241],[86.70969228,23.44793963],[86.71000397,23.44801654],[86.71050555,23.44801154],[86.71081455,23.44808545],[86.71163084,23.44809021],[86.71188133,23.44816206],[86.71213297,23.44815326],[86.71244189,23.44822716],[86.71263333,23.44822183],[86.7135696,23.44852312],[86.71376195,23.44853154],[86.71463704,23.44877085],[86.71740328,23.44928953],[86.71771397,23.44928969],[86.71828038,23.44941967],[86.71852868,23.4494188],[86.7195928,23.44961344],[86.72009647,23.44961402],[86.72034672,23.44968601],[86.72097299,23.44968458],[86.72128161,23.44975877],[86.72172281,23.4497584],[86.72197306,23.44983038],[86.72347369,23.44985688],[86.73601049,23.45058508],[86.7371315,23.4508637],[86.74176674,23.45179059],[86.74287988,23.45246413],[86.74323898,23.45276951],[86.74391678,23.45319858],[86.7441621,23.45340699],[86.74482441,23.45372756],[86.74507028,23.45379591],[86.74632792,23.45433945],[86.74733854,23.45468696],[86.74863123,23.45498274],[86.74914583,23.45514653],[86.74961222,23.45529918],[86.74999203,23.45554346],[86.75000009,23.45554861],[86.75016907,23.45565725],[86.7506487,23.45606685],[86.75387967,23.45833913],[86.75589164,23.45952815],[86.75982722,23.4618185],[86.76165952,23.46258975],[86.76453662,23.46380072],[86.76808416,23.46538771],[86.76897055,23.46577057],[86.76983994,23.46600383],[86.77153346,23.46615791],[86.77304645,23.466293],[86.77529546,23.46677349],[86.77678283,23.46699172],[86.77839653,23.46725633],[86.78060379,23.46759509],[86.78240295,23.46793646],[86.78469892,23.46829641],[86.78690892,23.46851278],[86.78911034,23.46872671],[86.79011962,23.46896991],[86.79092202,23.46929705],[86.79225026,23.47007726],[86.79337658,23.47079684],[86.79391307,23.47096015],[86.79401442,23.47096168],[86.79439572,23.47020655],[86.79452978,23.46914666],[86.79447275,23.46817345],[86.79494369,23.46814527],[86.79508495,23.46895378],[86.79508294,23.4696506],[86.79462975,23.47097052],[86.79502049,23.47097616],[86.79606645,23.47082669],[86.79721368,23.47040718],[86.79867963,23.46994449],[86.80036367,23.46970866],[86.80169451,23.46977085],[86.80462415,23.47011435],[86.80900554,23.47077583],[86.81180653,23.47107075],[86.81379714,23.47138732],[86.81507528,23.4714689],[86.8169275,23.47161755],[86.81907958,23.47176696],[86.82077215,23.47183334],[86.82189347,23.47204071],[86.8236524,23.47234695],[86.82467358,23.47248379],[86.82611378,23.47248629],[86.82822175,23.47227135],[86.83089131,23.4720109],[86.83273388,23.47196999],[86.8340103,23.47201115],[86.83562244,23.47213915],[86.83753844,23.47225189],[86.83933838,23.47230858],[86.83998122,23.47227823],[86.84131701,23.4723878],[86.84353762,23.47262144],[86.84542565,23.47273432],[86.84629657,23.47273945],[86.84683147,23.47262362],[86.84750594,23.47232182],[86.84758485,23.47223737],[86.84759177,23.47205049],[86.84753874,23.4719483],[86.84716389,23.47184407]]],[[[86.80700032,23.36097092],[86.8090058,23.36179383],[86.81105685,23.362902],[86.81284475,23.36393876],[86.81422528,23.36471107],[86.81554501,23.36562876],[86.8170688,23.36666617],[86.81850518,23.36767504],[86.81996667,23.36831553],[86.82098229,23.36860161],[86.82238932,23.36896487],[86.82358960826653,23.369623844019713],[86.82328145412261,23.367820949529374],[86.82393697623719,23.3640574777239],[86.82177878359467,23.36105208549999],[86.82148290631739,23.36088144483588],[86.82072126,23.36055287],[86.81893213,23.35989474],[86.81838062,23.35995417],[86.81799085,23.35988251],[86.81748435,23.35966729],[86.8170032,23.35936154],[86.81643332276731,23.35924200446424],[86.81227192765724,23.36108769457412],[86.80642468260076,23.360714544054584],[86.80700032,23.36097092]]],[[[86.83368801,23.38036047],[86.83434411,23.38115311],[86.83521322,23.38214858],[86.83594717,23.38299632],[86.83648448,23.38386086],[86.83689101,23.38426658],[86.83712539,23.38435971],[86.83773433,23.38436388],[86.8381106,23.38416508],[86.83816540417907,23.38410680056793],[86.83817487588716,23.383682021911376],[86.8367212214476,23.37990959138724],[86.8328418684841,23.379394246691735],[86.83368801,23.38036047]]]]},"properties":{"gid":3699,"objectid":3723,"index_":"UNCLASSIFIED METAMORPHICS Gp.","age_code":98,"age":"ARCHAEAN- PALAEOPROTEROZOIC","supergroup":null,"group_":"UNCLASSIFIED METAMORPHICS","geom_id":981,"shape_leng":205023.002428,"shape_area":80486418.0641,"stratigrap":"981,UNCLASSIFIED METAMORPHICS Gp.,ARCHAEAN- PALAEOPROTEROZOIC","stratigrap_new":"UNCLASSIFIED-METAMORPHICS-Gp-ARCHAEAN-PALAEOPROTEROZOIC"}},{"type":"Feature","geometry":{"type":"Polygon","coordinates":[[[86.62118427,23.54867182],[86.62085758,23.54953714],[86.62063537,23.55065754],[86.62058231,23.55218188],[86.62059968,23.55460316],[86.62086075,23.55552431],[86.62166063,23.55741016],[86.62307619,23.55934299],[86.62721249,23.56181972],[86.62947392,23.56274284],[86.63902623,23.56347448],[86.64269262,23.56398347],[86.64636044,23.56399184],[86.65192997,23.56404613],[86.65550804,23.56372045],[86.65804586,23.56293345],[86.65945223,23.56189363],[86.66069152,23.56022263],[86.66039923,23.55929115],[86.66017727,23.55832598],[86.66010676,23.55667206],[86.66025845,23.55584554],[86.66104495,23.55487407],[86.62118427,23.54867182]]]},"properties":{"gid":4210,"objectid":4234,"index_":"UNCLASSIFIED METAMORPHICS Gp.","age_code":98,"age":"ARCHAEAN- PALAEOPROTEROZOIC","supergroup":null,"group_":"UNCLASSIFIED METAMORPHICS","geom_id":981,"shape_leng":10149.5222395,"shape_area":4999268.76063,"stratigrap":"981,UNCLASSIFIED METAMORPHICS Gp.,ARCHAEAN- PALAEOPROTEROZOIC","stratigrap_new":"UNCLASSIFIED-METAMORPHICS-Gp-ARCHAEAN-PALAEOPROTEROZOIC"}},{"type":"Feature","geometry":{"type":"Polygon","coordinates":[[[86.77618324,23.58522644],[86.77684087,23.58557186],[86.77528657,23.58466289],[86.77618324,23.58522644]]]},"properties":{"gid":4211,"objectid":4235,"index_":"UNCLASSIFIED METAMORPHICS Gp.","age_code":98,"age":"ARCHAEAN- PALAEOPROTEROZOIC","supergroup":null,"group_":"UNCLASSIFIED METAMORPHICS","geom_id":981,"shape_leng":377.414311133,"shape_area":346.799281789,"stratigrap":"981,UNCLASSIFIED METAMORPHICS Gp.,ARCHAEAN- PALAEOPROTEROZOIC","stratigrap_new":"UNCLASSIFIED-METAMORPHICS-Gp-ARCHAEAN-PALAEOPROTEROZOIC"}},{"type":"Feature","geometry":{"type":"Polygon","coordinates":[[[86.77684087,23.58557186],[86.77704831,23.58571152],[86.7771321,23.58573583],[86.77725608,23.58572044],[86.77844485,23.58648013],[86.78008307,23.58727126],[86.78169428,23.58783154],[86.78198023,23.58800816],[86.78247323,23.58818788],[86.78280686,23.58826052],[86.78415941,23.58868967],[86.78441129,23.58879529],[86.78461928,23.58882918],[86.78589688,23.58919489],[86.78630797,23.58924043],[86.78668076,23.58934655],[86.78684507,23.58936031],[86.78700855,23.58942617],[86.78721454,23.58943816],[86.78829097,23.58969767],[86.78870679,23.58974524],[86.78990223,23.58979661],[86.79011242,23.58978573],[86.79045192,23.589699],[86.79090084,23.58947714],[86.79093018,23.58942568],[86.79102268,23.58940769],[86.79115098,23.58953776],[86.79117337,23.58960462],[86.79122581,23.58961829],[86.79156132,23.58955523],[86.79185178,23.58944525],[86.79280373,23.58917825],[86.793437,23.58886771],[86.79359725,23.5888258],[86.79440139,23.58825137],[86.79484449,23.58783955],[86.79605173,23.58644747],[86.79626436,23.58601286],[86.79634548,23.5857423],[86.79635734,23.58554668],[86.79657068,23.58482874],[86.79591536,23.58294796],[86.79570689,23.58267423],[86.79515242,23.58212499],[86.79357572,23.58120814],[86.79328708,23.58110133],[86.79134678,23.58058577],[86.79113913,23.58049583],[86.78868112,23.58005829],[86.78837429,23.5798905],[86.78853715,23.57989717],[86.78618677,23.57939436],[86.78585069,23.57929638],[86.7844946,23.57917928],[86.78420636,23.57910672],[86.7839162,23.57907796],[86.78325388,23.57891651],[86.78197179,23.57892485],[86.7800313,23.57884104],[86.77974242,23.57888869],[86.77961747,23.57885803],[86.77701504,23.57874187],[86.77656066,23.57860419],[86.77388207,23.57814911],[86.77227901,23.57798986],[86.77206421,23.57801387],[86.77189999,23.57798525],[86.77140371,23.57802875],[86.77006015,23.5781934],[86.76890384,23.57819319],[86.76766231,23.57849207],[86.76741065,23.57889794],[86.76867443,23.58033814],[86.76918566,23.58072128],[86.76922691,23.58072409],[86.76934421,23.58082281],[86.77031932,23.58177673],[86.77110412,23.58228594],[86.7718882,23.58289162],[86.77212851,23.5829238],[86.77266356,23.58318916],[86.77294692,23.58337084],[86.77336131,23.58356304],[86.77454209,23.58430375],[86.77528657,23.58466289],[86.77684087,23.58557186]]]},"properties":{"gid":4212,"objectid":4236,"index_":"CHHOTANAGPUR GNEISSIC COMPLEX","age_code":96,"age":"PROTEROZOIC","supergroup":null,"group_":"CHHOTANAGPUR GNEISSIC COMPLEX","geom_id":968,"shape_leng":6970.13230247,"shape_area":2357188.23161,"stratigrap":"968,CHHOTANAGPUR GNEISSIC COMPLEX,PROTEROZOIC","stratigrap_new":"CHHOTANAGPUR-GNEISSIC-COMPLEX-PROTEROZOIC"}}]}